trip_id,vehicle_id,attempt_number,planned_index,actual_index,success,stopped_early,early_eligible_indices
0,0,1,106,106,True,False,
1,0,1,118,118,True,False,
2,0,1,73,73,True,False,
3,0,1,110,110,False,False,
3,0,2,110,110,True,False,
4,0,1,77,77,True,False,
5,0,1,1,1,True,False,
6,0,1,15,15,False,False,
6,0,2,15,15,False,False,
6,0,3,27,27,True,False,
7,0,1,74,74,False,False,
7,0,2,65,65,False,False,
7,0,3,76,74,True,True,74
8,0,1,51,51,True,False,
9,0,1,106,106,True,False,
10,1,1,49,49,False,False,
10,1,2,49,49,False,False,
10,1,3,49,49,False,False,
10,1,4,49,49,False,False,
10,1,5,49,49,False,False,
10,1,6,49,49,False,False,
10,1,7,49,49,False,False,
10,1,8,49,49,False,False,
10,1,9,49,49,False,False,
10,1,10,49,49,False,False,
10,1,11,49,49,False,False,
10,1,12,49,49,False,False,
10,1,13,49,49,False,False,
10,1,14,49,49,False,False,
10,1,15,29,37,True,True,37
11,1,1,146,146,False,False,
11,1,2,146,146,True,False,
12,1,1,116,116,True,False,
13,1,1,3,3,True,False,
14,1,1,22,22,False,False,7
14,1,2,22,22,False,False,
14,1,3,22,22,True,False,
15,1,1,40,41,True,True,42 41
16,1,1,125,125,True,False,
17,1,1,142,142,False,False,
17,1,2,115,115,True,False,
18,1,1,108,108,True,False,
19,1,1,67,67,True,False,
20,2,1,81,81,False,False,
20,2,2,69,69,False,False,
20,2,3,84,81,True,True,81
21,2,1,123,123,True,False,
22,2,1,103,103,True,False,
23,2,1,90,90,False,False,
23,2,2,96,96,True,False,89
24,2,1,51,51,False,False,
24,2,2,67,67,True,False,
25,2,1,134,134,True,False,
26,2,1,146,146,True,False,
27,2,1,125,125,True,False,
28,2,1,99,99,True,False,
29,2,1,44,44,True,False,
30,3,1,97,97,True,False,
31,3,1,132,132,False,False,
31,3,2,142,142,True,False,
32,3,1,147,146,True,True,146
33,3,1,38,38,True,False,70 63
34,3,1,63,63,True,False,
35,3,1,41,41,False,False,
35,3,2,40,40,True,False,
36,3,1,58,58,True,False,
37,3,1,125,125,True,False,
38,3,1,4,5,True,True,16 5
39,3,1,0,0,True,False,1
40,4,1,108,108,False,False,96
40,4,2,108,108,False,False,
40,4,3,108,108,False,False,
40,4,4,108,108,True,False,
41,4,1,79,79,False,False,
41,4,2,79,79,True,False,
42,4,1,2,2,True,False,
43,4,1,79,79,False,False,
43,4,2,79,79,True,False,
44,4,1,73,73,True,False,
45,4,1,14,14,False,False,26 20
45,4,2,14,14,False,False,
45,4,3,25,25,False,False,
45,4,4,25,25,True,False,
46,4,1,96,96,False,False,
46,4,2,117,117,False,False,100
46,4,3,117,117,False,False,
46,4,4,89,89,True,False,100
47,4,1,123,123,True,False,
48,4,1,61,69,True,True,69
49,4,1,41,41,False,False,
49,4,2,41,41,False,False,
49,4,3,40,40,True,False,
50,5,1,67,67,True,False,
51,5,1,140,112,True,True,112 113 114 137
52,5,1,107,107,False,False,
52,5,2,115,115,False,False,
52,5,3,115,115,True,False,
53,5,1,145,145,False,False,
53,5,2,138,138,True,False,
54,5,1,49,49,False,False,56
54,5,2,49,49,False,False,
54,5,3,57,54,True,True,54
55,5,1,121,121,True,False,
56,5,1,41,41,True,False,
57,5,1,71,71,True,False,
58,5,1,102,102,True,False,
59,5,1,71,71,True,False,74
60,6,1,49,49,False,False,
60,6,2,37,37,True,False,
61,6,1,135,135,False,False,
61,6,2,135,135,False,False,
61,6,3,135,135,True,False,
62,6,1,132,132,True,False,
63,6,1,35,35,False,False,
63,6,2,52,46,True,True,46
64,6,1,109,109,False,False,97
64,6,2,109,109,False,False,
64,6,3,109,109,True,False,
65,6,1,113,113,True,False,
66,6,1,37,37,True,False,
67,6,1,57,57,False,False,
67,6,2,57,57,True,False,
68,6,1,135,135,True,False,
69,6,1,43,43,False,False,
69,6,2,22,22,True,False,
70,7,1,75,75,False,False,
70,7,2,82,79,True,True,79
71,7,1,4,4,True,False,
72,7,1,111,111,False,False,
72,7,2,122,122,False,False,
72,7,3,120,121,True,True,121
73,7,1,99,99,False,False,
73,7,2,96,96,False,False,
73,7,3,115,115,True,False,107
74,7,1,124,123,True,True,122 123
75,7,1,145,145,False,False,
75,7,2,138,138,True,False,
76,7,1,95,95,True,False,
77,7,1,48,48,False,False,
77,7,2,48,48,False,False,
77,7,3,61,61,True,False,
78,7,1,97,97,False,False,
78,7,2,85,85,True,False,
79,7,1,96,96,False,False,
79,7,2,116,116,False,False,
79,7,3,116,116,False,False,
79,7,4,96,96,False,False,
79,7,5,89,89,False,False,
79,7,6,96,96,True,False,
80,8,1,107,107,False,False,
80,8,2,107,107,False,False,
80,8,3,90,90,True,False,
81,8,1,126,126,True,False,
82,8,1,60,60,True,False,
83,8,1,59,59,True,False,
84,8,1,74,74,False,False,
84,8,2,76,76,False,False,
84,8,3,74,74,False,False,
84,8,4,74,74,True,False,
85,8,1,113,113,False,False,
85,8,2,93,93,False,False,
85,8,3,93,93,False,False,
85,8,4,93,93,False,False,
85,8,5,94,94,False,False,
85,8,6,94,94,False,False,
85,8,7,94,94,False,False,
85,8,8,94,94,False,False,
85,8,9,94,94,True,False,
86,8,1,41,41,True,False,59
87,8,1,56,56,False,False,
87,8,2,37,37,True,False,49
88,8,1,59,59,False,False,
88,8,2,57,57,False,False,58
88,8,3,59,59,False,False,
88,8,4,59,59,True,False,
89,8,1,70,70,True,False,71
90,9,1,71,76,True,True,76 74
91,9,1,112,112,True,False,106
92,9,1,95,95,True,False,
93,9,1,100,100,False,False,101
93,9,2,101,101,True,False,
94,9,1,75,75,False,False,
94,9,2,68,68,True,False,
95,9,1,146,146,False,False,
95,9,2,152,152,False,False,
95,9,3,146,146,True,False,
96,9,1,32,32,True,False,
97,9,1,11,11,True,False,
98,9,1,32,32,False,False,
98,9,2,41,41,True,False,
99,9,1,110,110,False,False,103
99,9,2,97,97,False,False,103
99,9,3,109,110,True,True,110
100,10,1,21,21,False,False,34
100,10,2,21,21,False,False,
100,10,3,21,21,False,False,
100,10,4,21,21,False,False,
100,10,5,34,34,False,False,
100,10,6,34,34,True,False,
101,10,1,61,61,True,False,
102,10,1,116,116,False,False,
102,10,2,116,116,True,False,
103,10,1,1,1,False,False,
103,10,2,29,13,True,True,10 13 24
104,10,1,47,47,False,False,
104,10,2,61,53,True,True,53
105,10,1,78,78,False,False,
105,10,2,78,78,True,False,
106,10,1,148,148,False,False,
106,10,2,148,148,True,False,
107,10,1,76,76,False,False,
107,10,2,76,76,True,False,
108,10,1,66,66,False,False,
108,10,2,66,66,False,False,
108,10,3,66,66,False,False,
108,10,4,66,66,False,False,
108,10,5,66,66,False,False,
108,10,6,66,66,True,False,
109,10,1,28,28,False,False,
109,10,2,21,21,False,False,
109,10,3,21,21,False,False,
109,10,4,28,28,False,False,
109,10,5,28,28,False,False,
109,10,6,21,21,False,False,
109,10,7,21,21,True,False,
110,11,1,57,57,False,False,
110,11,2,58,58,True,False,
111,11,1,81,81,True,False,
112,11,1,22,22,False,False,
112,11,2,28,28,False,False,
112,11,3,28,28,False,False,
112,11,4,28,28,True,False,
113,11,1,121,121,True,False,
114,11,1,27,27,True,False,
115,11,1,133,133,False,False,
115,11,2,133,133,False,False,
115,11,3,133,133,True,False,
116,11,1,95,95,True,False,
117,11,1,95,95,False,False,
117,11,2,95,95,True,False,
118,11,1,68,68,True,False,75
119,11,1,81,81,True,False,
120,12,1,54,54,False,False,
120,12,2,54,54,False,False,
120,12,3,49,49,False,False,
120,12,4,54,54,False,False,
120,12,5,54,54,True,False,
121,12,1,25,25,False,False,
121,12,2,25,25,False,False,
121,12,3,25,25,False,False,
121,12,4,25,25,False,False,
121,12,5,25,25,False,False,
121,12,6,26,26,True,False,
122,12,1,47,47,False,False,43
122,12,2,47,47,False,False,
122,12,3,47,47,False,False,
122,12,4,47,47,False,False,
122,12,5,47,47,True,False,
123,12,1,58,58,False,False,
123,12,2,68,67,True,True,59 67
124,12,1,110,110,True,False,103
125,12,1,105,105,True,False,104
126,12,1,70,70,True,False,
127,12,1,78,78,True,False,
128,12,1,48,48,False,False,
128,12,2,83,83,True,False,80
129,12,1,40,40,False,False,
129,12,2,26,26,True,False,39
130,13,1,133,133,False,False,
130,13,2,147,147,False,False,
130,13,3,147,147,True,False,
131,13,1,45,45,False,False,
131,13,2,45,45,True,False,
132,13,1,153,153,True,False,150
133,13,1,104,104,True,False,
134,13,1,48,48,True,False,
135,13,1,84,84,True,False,
136,13,1,71,71,False,False,
136,13,2,71,71,True,False,
137,13,1,6,6,True,False,
138,13,1,107,107,False,False,
138,13,2,107,107,True,False,
139,13,1,86,86,True,False,
140,14,1,51,51,False,False,
140,14,2,50,50,True,False,
141,14,1,77,59,True,True,59 72
142,14,1,55,55,True,False,
143,14,1,128,128,False,False,
143,14,2,122,122,False,False,121
143,14,3,122,122,False,False,
143,14,4,139,139,False,False,
143,14,5,143,143,True,False,
144,14,1,65,77,True,True,77
145,14,1,129,129,True,False,
146,14,1,7,7,False,False,
146,14,2,7,7,True,False,
147,14,1,65,65,True,False,58
148,14,1,88,88,False,False,
148,14,2,87,87,False,False,
148,14,3,81,81,True,False,88 84
149,14,1,59,59,True,False,
150,15,1,68,68,True,False,
151,15,1,74,74,True,False,
152,15,1,85,85,True,False,
153,15,1,81,78,True,True,78 79 80
154,15,1,97,97,True,False,
155,15,1,110,110,False,False,
155,15,2,110,110,False,False,
155,15,3,110,110,False,False,
155,15,4,110,110,False,False,
155,15,5,110,110,True,False,
156,15,1,47,68,True,True,68 60 55 53
157,15,1,77,77,True,False,
158,15,1,86,86,False,False,
158,15,2,86,86,False,False,
158,15,3,86,86,True,False,
159,15,1,60,60,False,False,
159,15,2,60,60,True,False,
160,16,1,108,108,False,False,
160,16,2,118,118,True,False,
161,16,1,154,154,True,False,147
162,16,1,57,57,False,False,
162,16,2,57,57,False,False,
162,16,3,64,64,False,False,
162,16,4,71,71,False,False,
162,16,5,71,71,False,False,
162,16,6,71,71,True,False,
163,16,1,134,134,True,False,
164,16,1,15,15,False,False,
164,16,2,7,7,False,False,
164,16,3,7,7,True,False,
165,16,1,23,23,True,False,
166,16,1,127,127,False,False,
166,16,2,127,127,False,False,
166,16,3,127,127,False,False,
166,16,4,118,118,True,False,
167,16,1,11,11,False,False,
167,16,2,11,11,False,False,
167,16,3,11,11,False,False,
167,16,4,11,11,False,False,
167,16,5,2,2,False,False,
167,16,6,2,2,False,False,
167,16,7,11,11,True,False,
168,16,1,5,5,True,False,
169,16,1,96,89,True,True,89
170,17,1,72,72,True,False,
171,17,1,67,67,True,False,
172,17,1,26,26,False,False,31
172,17,2,25,25,False,False,
172,17,3,44,44,True,False,
173,17,1,133,133,False,False,
173,17,2,134,134,False,False,
173,17,3,133,133,True,False,
174,17,1,31,31,False,False,
174,17,2,31,31,False,False,
174,17,3,31,31,False,False,
174,17,4,31,31,True,False,
175,17,1,86,86,False,False,
175,17,2,77,77,True,False,
176,17,1,151,151,False,False,
176,17,2,151,151,True,False,
177,17,1,76,76,False,False,
177,17,2,77,77,True,False,
178,17,1,116,116,False,False,100
178,17,2,116,116,True,False,
179,17,1,122,122,False,False,121
179,17,2,122,122,False,False,
179,17,3,104,104,False,False,
179,17,4,104,104,True,False,
180,18,1,73,73,False,False,
180,18,2,102,102,False,False,
180,18,3,122,122,True,False,103
181,18,1,90,90,False,False,
181,18,2,90,90,True,False,
182,18,1,105,105,True,False,104
183,18,1,71,71,True,False,
184,18,1,58,58,True,False,64 57
185,18,1,122,121,True,True,121
186,18,1,62,70,True,True,70
187,18,1,54,54,False,False,63
187,18,2,54,54,True,False,
188,18,1,18,22,True,True,28 22
189,18,1,16,16,True,False,
190,19,1,95,95,True,False,
191,19,1,57,57,False,False,
191,19,2,57,57,False,False,
191,19,3,57,57,False,False,
191,19,4,44,44,False,False,
191,19,5,57,57,True,False,
192,19,1,138,138,True,False,
193,19,1,119,119,True,False,
194,19,1,53,53,True,False,
195,19,1,62,62,False,False,
195,19,2,38,38,True,False,
196,19,1,141,141,True,False,
197,19,1,78,78,True,False,
198,19,1,86,86,True,False,
199,19,1,59,59,True,False,
200,20,1,90,90,True,False,
201,20,1,66,66,False,False,
201,20,2,78,78,False,False,
201,20,3,78,78,True,False,
202,20,1,99,99,True,False,
203,20,1,134,134,False,False,
203,20,2,134,134,False,False,
203,20,3,123,123,True,False,
204,20,1,51,51,False,False,
204,20,2,51,51,True,False,
205,20,1,97,97,True,False,
206,20,1,52,52,True,False,
207,20,1,24,38,True,True,38
208,20,1,32,31,True,True,31
209,20,1,51,51,False,False,50
209,20,2,51,51,False,False,
209,20,3,66,66,False,False,
209,20,4,45,45,False,False,
209,20,5,60,60,True,False,51
210,21,1,104,104,False,False,98
210,21,2,98,98,False,False,
210,21,3,97,97,True,False,
211,21,1,16,16,False,False,
211,21,2,8,8,False,False,
211,21,3,8,8,False,False,
211,21,4,8,8,False,False,
211,21,5,16,16,False,False,
211,21,6,5,5,False,False,
211,21,7,5,5,True,False,
212,21,1,16,16,False,False,
212,21,2,34,34,True,False,
213,21,1,148,148,False,False,
213,21,2,148,148,False,False,
213,21,3,154,154,False,False,
213,21,4,154,154,True,False,
214,21,1,13,13,False,False,
214,21,2,13,13,True,False,
215,21,1,48,47,True,True,47
216,21,1,51,52,True,True,52
217,21,1,149,149,False,False,
217,21,2,140,140,False,False,
217,21,3,140,140,False,False,
217,21,4,149,149,True,False,
218,21,1,148,148,True,False,
219,21,1,128,128,True,False,
220,22,1,130,130,False,False,
220,22,2,149,149,True,False,141
221,22,1,146,147,True,True,147
222,22,1,31,31,True,False,
223,22,1,66,59,True,True,59
224,22,1,38,38,True,False,
225,22,1,115,115,True,False,
226,22,1,78,78,False,False,
226,22,2,78,78,False,False,
226,22,3,60,79,True,True,79 75 68
227,22,1,93,80,True,True,80 83 87 88
228,22,1,97,97,True,False,
229,22,1,143,143,True,False,
230,23,1,24,29,True,True,37 29
231,23,1,46,46,False,False,
231,23,2,53,53,True,False,
232,23,1,99,99,True,False,
233,23,1,122,119,True,True,119 120 121
234,23,1,58,58,False,False,
234,23,2,32,32,False,False,41
234,23,3,32,32,False,False,
234,23,4,32,32,True,False,
235,23,1,74,74,True,False,
236,23,1,27,27,True,False,
237,23,1,70,70,True,False,
238,23,1,70,70,False,False,
238,23,2,70,70,False,False,
238,23,3,70,70,False,False,
238,23,4,85,85,True,False,
239,23,1,115,115,True,False,
240,24,1,114,114,False,False,113
240,24,2,114,114,False,False,
240,24,3,114,114,False,False,
240,24,4,113,113,True,False,
241,24,1,7,7,False,False,
241,24,2,5,5,True,False,4
242,24,1,78,78,True,False,
243,24,1,55,55,False,False,
243,24,2,55,55,True,False,
244,24,1,99,99,True,False,
245,24,1,18,17,True,True,17
246,24,1,3,3,False,False,
246,24,2,33,27,True,True,27
247,24,1,56,56,False,False,
247,24,2,56,56,True,False,
248,24,1,79,78,True,True,78
249,24,1,103,103,True,False,
250,25,1,29,29,True,False,
251,25,1,77,77,True,False,
252,25,1,73,73,False,False,
252,25,2,72,72,False,False,
252,25,3,73,73,False,False,
252,25,4,73,73,True,False,
253,25,1,97,97,False,False,
253,25,2,110,110,False,False,103
253,25,3,110,110,True,False,
254,25,1,34,34,True,False,
255,25,1,72,72,False,False,
255,25,2,74,74,True,False,
256,25,1,87,87,False,False,
256,25,2,83,83,False,False,
256,25,3,79,79,False,False,
256,25,4,87,87,False,False,
256,25,5,87,87,False,False,
256,25,6,78,83,True,True,83 80 79
257,25,1,10,10,True,False,13
258,25,1,77,77,True,False,
259,25,1,113,113,False,False,
259,25,2,106,112,True,True,112
260,26,1,16,16,True,False,
261,26,1,150,150,True,False,
262,26,1,5,5,False,False,
262,26,2,7,7,True,False,4
263,26,1,9,9,False,False,
263,26,2,9,9,True,False,
264,26,1,59,59,False,False,
264,26,2,73,73,True,False,
265,26,1,61,61,False,False,
265,26,2,61,61,True,False,
266,26,1,88,81,True,True,81 84
267,26,1,72,78,True,True,78 73
268,26,1,69,69,True,False,
269,26,1,63,63,True,False,
270,27,1,140,137,True,True,137
271,27,1,7,7,True,False,
272,27,1,114,114,False,False,
272,27,2,113,113,False,False,
272,27,3,113,113,False,False,
272,27,4,94,94,True,False,
273,27,1,58,72,True,True,72
274,27,1,140,140,True,False,
275,27,1,154,154,False,False,
275,27,2,147,147,False,False,
275,27,3,147,147,True,False,
276,27,1,31,31,True,False,
277,27,1,99,99,False,False,
277,27,2,99,99,True,False,
278,27,1,57,57,True,False,
279,27,1,78,78,False,False,
279,27,2,82,82,True,False,
280,28,1,81,81,True,False,
281,28,1,152,152,False,False,
281,28,2,152,152,True,False,
282,28,1,138,138,False,False,
282,28,2,138,138,False,False,
282,28,3,150,150,True,False,
283,28,1,137,137,True,False,
284,28,1,122,122,False,False,
284,28,2,122,122,False,False,
284,28,3,120,120,False,False,
284,28,4,128,128,True,False,
285,28,1,16,16,True,False,
286,28,1,53,53,True,False,
287,28,1,100,100,False,False,
287,28,2,100,100,False,False,
287,28,3,96,96,True,False,
288,28,1,14,14,False,False,
288,28,2,14,14,True,False,
289,28,1,86,86,False,False,
289,28,2,121,121,False,False,
289,28,3,121,121,True,False,
290,29,1,27,27,False,False,
290,29,2,27,27,False,False,
290,29,3,27,27,False,False,
290,29,4,27,27,True,False,
291,29,1,40,40,False,False,
291,29,2,40,40,False,False,
291,29,3,40,40,False,False,
291,29,4,31,39,True,True,39
292,29,1,149,149,False,False,
292,29,2,149,149,False,False,
292,29,3,149,149,True,False,
293,29,1,154,154,True,False,
294,29,1,112,112,True,False,
295,29,1,101,101,True,False,
296,29,1,15,15,True,False,
297,29,1,37,38,True,True,38
298,29,1,140,140,True,False,
299,29,1,147,147,True,False,
300,30,1,134,147,True,True,147
301,30,1,32,32,True,False,
302,30,1,123,123,True,False,
303,30,1,137,137,False,False,
303,30,2,130,130,False,False,
303,30,3,130,130,False,False,
303,30,4,130,130,True,False,
304,30,1,101,101,True,False,
305,30,1,43,43,False,False,
305,30,2,36,36,False,False,
305,30,3,36,36,True,False,
306,30,1,78,78,True,False,
307,30,1,129,129,True,False,
308,30,1,111,111,False,False,
308,30,2,111,111,True,False,
309,30,1,125,125,True,False,
310,31,1,104,104,True,False,
311,31,1,94,94,False,False,
311,31,2,94,94,False,False,
311,31,3,94,94,True,False,
312,31,1,150,150,True,False,
313,31,1,114,114,False,False,
313,31,2,130,130,False,False,
313,31,3,130,130,True,False,
314,31,1,145,145,True,False,
315,31,1,96,96,True,False,
316,31,1,141,141,False,False,
316,31,2,144,144,True,False,140
317,31,1,81,81,True,False,
318,31,1,86,86,True,False,
319,31,1,129,129,False,False,
319,31,2,129,129,False,False,
319,31,3,129,129,True,False,
320,32,1,1,1,True,False,14
321,32,1,2,2,True,False,
322,32,1,69,69,True,False,
323,32,1,6,6,True,False,
324,32,1,71,71,False,False,
324,32,2,70,70,False,False,
324,32,3,74,74,True,False,
325,32,1,104,104,False,False,
325,32,2,105,105,True,False,
326,32,1,147,147,False,False,
326,32,2,152,152,True,False,
327,32,1,44,44,False,False,
327,32,2,40,40,True,False,39
328,32,1,99,99,True,False,
329,32,1,94,94,False,False,
329,32,2,94,94,True,False,
330,33,1,66,66,True,False,
331,33,1,115,89,True,True,89
332,33,1,117,117,False,False,
332,33,2,96,96,False,False,100
332,33,3,100,100,False,False,
332,33,4,116,116,False,False,
332,33,5,132,126,True,True,126
333,33,1,33,33,False,False,
333,33,2,4,4,False,False,
333,33,3,7,7,False,False,
333,33,4,7,7,False,False,
333,33,5,27,27,True,False,
334,33,1,48,48,False,False,36
334,33,2,36,36,False,False,
334,33,3,47,47,True,False,
335,33,1,85,85,False,False,
335,33,2,96,90,True,True,90
336,33,1,148,148,False,False,
336,33,2,148,148,False,False,
336,33,3,134,134,True,False,
337,33,1,4,4,True,False,
338,33,1,30,30,False,False,20
338,33,2,44,44,False,False,
338,33,3,31,31,True,False,
339,33,1,119,119,False,False,
339,33,2,103,103,True,False,
340,34,1,57,65,True,True,72 65
341,34,1,64,64,False,False,
341,34,2,57,57,False,False,
341,34,3,44,44,False,False,
341,34,4,44,44,False,False,
341,34,5,57,57,False,False,
341,34,6,58,58,True,False,
342,34,1,78,78,False,False,
342,34,2,82,82,True,False,
343,34,1,26,26,True,False,
344,34,1,59,59,True,False,
345,34,1,54,54,True,False,
346,34,1,142,142,False,False,
346,34,2,150,150,False,False,145
346,34,3,153,153,True,False,
347,34,1,73,73,False,False,
347,34,2,66,66,True,False,
348,34,1,30,30,False,False,
348,34,2,30,30,False,False,
348,34,3,56,38,True,True,38
349,34,1,33,33,True,False,
350,35,1,77,77,True,False,
351,35,1,127,127,False,False,110
351,35,2,127,127,False,False,
351,35,3,102,102,True,False,
352,35,1,58,58,True,False,
353,35,1,96,96,False,False,89
353,35,2,96,96,True,False,
354,35,1,153,138,True,True,138 145
355,35,1,11,11,True,False,
356,35,1,77,77,False,False,
356,35,2,77,77,True,False,
357,35,1,104,104,False,False,
357,35,2,104,104,True,False,
358,35,1,10,10,True,False,
359,35,1,148,148,True,False,
360,36,1,60,59,True,True,59
361,36,1,48,48,True,False,
362,36,1,52,52,True,False,
363,36,1,26,26,False,False,
363,36,2,26,26,True,False,
364,36,1,96,96,True,False,
365,36,1,90,90,True,False,
366,36,1,136,136,True,False,
367,36,1,123,123,True,False,
368,36,1,142,142,False,False,
368,36,2,142,142,True,False,
369,36,1,106,106,False,False,111
369,36,2,106,106,False,False,
369,36,3,106,106,True,False,
370,37,1,16,16,False,False,
370,37,2,15,15,False,False,
370,37,3,21,21,False,False,
370,37,4,21,21,False,False,
370,37,5,15,16,True,True,16
371,37,1,4,4,True,False,
372,37,1,137,137,True,False,
373,37,1,146,146,False,False,
373,37,2,133,133,True,False,
374,37,1,2,2,True,False,
375,37,1,62,62,True,False,
376,37,1,24,24,False,False,
376,37,2,23,23,False,False,
376,37,3,25,25,True,False,24
377,37,1,89,89,True,False,
378,37,1,93,93,False,False,
378,37,2,95,95,False,False,94
378,37,3,95,95,True,False,
379,37,1,32,32,False,False,
379,37,2,33,33,False,False,
379,37,3,33,33,True,False,
380,38,1,102,102,False,False,
380,38,2,103,103,False,False,
380,38,3,103,103,False,False,
380,38,4,103,103,True,False,
381,38,1,79,82,True,True,82
382,38,1,71,71,False,False,
382,38,2,71,71,False,False,
382,38,3,71,71,False,False,
382,38,4,71,71,True,False,
383,38,1,75,75,True,False,
384,38,1,113,94,True,True,94
385,38,1,117,117,False,False,
385,38,2,126,126,True,False,
386,38,1,121,121,False,False,119 120
386,38,2,121,121,True,False,
387,38,1,30,30,False,False,
387,38,2,30,30,True,False,
388,38,1,80,80,True,False,79
389,38,1,84,81,True,True,81
390,39,1,98,98,False,False,
390,39,2,98,98,False,False,
390,39,3,103,103,True,False,
391,39,1,7,7,False,False,
391,39,2,7,7,True,False,
392,39,1,70,70,True,False,
393,39,1,65,65,False,False,
393,39,2,65,65,True,False,
394,39,1,59,59,True,False,
395,39,1,50,50,False,False,
395,39,2,50,50,False,False,
395,39,3,50,50,True,False,
396,39,1,59,59,False,False,
396,39,2,59,59,False,False,
396,39,3,45,45,False,False,50
396,39,4,45,45,False,False,
396,39,5,45,45,True,False,
397,39,1,75,67,True,True,67
398,39,1,26,26,True,False,
399,39,1,56,56,True,False,
400,40,1,133,133,True,False,
401,40,1,54,54,False,False,
401,40,2,54,54,True,False,
402,40,1,54,54,False,False,
402,40,2,54,54,True,False,
403,40,1,25,25,False,False,
403,40,2,20,20,False,False,
403,40,3,20,20,True,False,
404,40,1,104,104,True,False,
405,40,1,115,101,True,True,102 101 100 107
406,40,1,66,66,False,False,
406,40,2,66,66,True,False,
407,40,1,36,36,True,False,
408,40,1,56,56,False,False,57
408,40,2,37,37,False,False,49
408,40,3,54,54,True,False,49
409,40,1,66,66,False,False,
409,40,2,73,73,False,False,
409,40,3,66,66,False,False,
409,40,4,66,66,True,False,
410,41,1,52,52,False,False,73 59 51
410,41,2,52,52,True,False,
411,41,1,34,34,False,False,
411,41,2,60,52,True,True,52
412,41,1,130,130,False,False,
412,41,2,141,141,False,False,
412,41,3,141,141,True,False,
413,41,1,103,103,False,False,
413,41,2,110,110,False,False,
413,41,3,109,109,True,False,
414,41,1,119,119,True,False,
415,41,1,42,42,False,False,
415,41,2,33,33,True,False,
416,41,1,44,41,True,True,41 40 39
417,41,1,102,102,False,False,
417,41,2,109,109,False,False,
417,41,3,109,109,False,False,
417,41,4,109,109,True,False,
418,41,1,85,85,True,False,
419,41,1,87,87,False,False,
419,41,2,87,87,True,False,
420,42,1,80,80,False,False,
420,42,2,80,80,False,False,
420,42,3,80,80,True,False,
421,42,1,88,88,False,False,
421,42,2,88,88,True,False,
422,42,1,55,84,True,True,84 81 80 69
423,42,1,83,83,False,False,
423,42,2,53,61,True,True,61
424,42,1,85,85,True,False,
425,42,1,150,150,False,False,
425,42,2,145,145,True,False,
426,42,1,66,66,False,False,
426,42,2,66,66,True,False,
427,42,1,97,97,False,False,
427,42,2,97,97,True,False,
428,42,1,24,24,False,False,
428,42,2,38,38,False,False,
428,42,3,54,49,True,True,49
429,42,1,44,44,True,False,
430,43,1,76,76,True,False,
431,43,1,127,127,True,False,
432,43,1,28,28,False,False,
432,43,2,28,28,False,False,
432,43,3,47,47,True,False,
433,43,1,63,63,True,False,
434,43,1,129,129,False,False,
434,43,2,146,146,False,False,
434,43,3,147,147,True,False,
435,43,1,111,111,False,False,
435,43,2,104,104,False,False,
435,43,3,98,98,False,False,
435,43,4,98,98,False,False,
435,43,5,98,98,False,False,
435,43,6,98,98,False,False,
435,43,7,105,105,True,False,
436,43,1,54,54,True,False,
437,43,1,82,82,True,False,
438,43,1,103,103,False,False,
438,43,2,127,127,False,False,
438,43,3,127,127,False,False,
438,43,4,103,103,False,False,
438,43,5,110,110,False,False,
438,43,6,110,110,False,False,
438,43,7,110,110,False,False,
438,43,8,110,110,True,False,
439,43,1,138,138,True,False,
440,44,1,134,134,True,False,
441,44,1,127,127,False,False,
441,44,2,127,127,True,False,
442,44,1,40,40,False,False,
442,44,2,39,39,False,False,
442,44,3,39,39,False,False,
442,44,4,30,30,False,False,
442,44,5,50,31,True,True,31 39 40 41
443,44,1,140,140,False,False,
443,44,2,137,137,False,False,
443,44,3,137,137,True,False,
444,44,1,102,110,True,True,110
445,44,1,97,97,False,False,
445,44,2,103,103,False,False,
445,44,3,103,103,True,False,
446,44,1,144,135,True,True,135
447,44,1,97,97,True,False,
448,44,1,116,116,False,False,
448,44,2,89,89,True,False,
449,44,1,48,48,True,False,
450,45,1,146,146,True,False,
451,45,1,21,21,False,False,
451,45,2,21,21,False,False,
451,45,3,21,21,False,False,
451,45,4,21,21,False,False,
451,45,5,21,21,False,False,
451,45,6,21,21,False,False,
451,45,7,21,21,False,False,
451,45,8,21,21,False,False,
451,45,9,3,3,False,False,
451,45,10,2,2,True,False,
452,45,1,98,98,False,False,
452,45,2,98,98,False,False,
452,45,3,98,98,False,False,
452,45,4,89,89,True,False,90
453,45,1,67,77,True,True,77 72 66
454,45,1,69,68,True,True,68
455,45,1,137,137,False,False,
455,45,2,137,137,False,False,
455,45,3,140,140,False,False,
455,45,4,140,140,True,False,
456,45,1,88,88,False,False,93
456,45,2,123,123,True,False,
457,45,1,46,69,True,True,69 55
458,45,1,80,80,False,False,
458,45,2,81,81,True,False,
459,45,1,111,111,True,False,
460,46,1,18,60,True,True,60 46 22
461,46,1,141,137,True,True,137 140
462,46,1,114,114,False,False,
462,46,2,114,114,False,False,
462,46,3,114,114,False,False,
462,46,4,114,114,False,False,
462,46,5,114,114,False,False,
462,46,6,95,95,False,False,
462,46,7,95,95,False,False,
462,46,8,95,95,False,False,
462,46,9,95,95,True,False,
463,46,1,55,55,True,False,
464,46,1,6,6,False,False,
464,46,2,6,6,False,False,
464,46,3,6,6,False,False,
464,46,4,6,6,True,False,
465,46,1,145,145,True,False,
466,46,1,79,105,True,True,105 98
467,46,1,153,153,True,False,
468,46,1,81,84,True,True,88 84
469,46,1,149,149,True,False,
470,47,1,78,78,False,False,
470,47,2,78,78,True,False,
471,47,1,86,86,False,False,
471,47,2,86,86,True,False,
472,47,1,118,118,True,False,
473,47,1,54,54,True,False,56
474,47,1,126,126,False,False,
474,47,2,126,126,False,False,
474,47,3,104,104,False,False,109 110
474,47,4,138,138,False,False,132
474,47,5,118,132,True,True,132 117
475,47,1,18,18,True,False,35 28 21 22
476,47,1,81,61,True,True,61
477,47,1,86,86,True,False,
478,47,1,25,25,True,False,
479,47,1,7,7,True,False,
480,48,1,27,15,True,True,15
481,48,1,61,61,False,False,
481,48,2,61,61,True,False,
482,48,1,4,4,True,False,
483,48,1,32,32,False,False,
483,48,2,41,41,True,False,
484,48,1,89,89,True,False,
485,48,1,54,54,True,False,
486,48,1,55,55,True,False,
487,48,1,91,91,True,False,
488,48,1,43,43,True,False,
489,48,1,139,139,True,False,
490,49,1,86,86,True,False,
491,49,1,39,73,True,True,73
492,49,1,133,133,False,False,
492,49,2,133,133,False,False,
492,49,3,133,133,False,False,
492,49,4,133,133,False,False,
492,49,5,133,133,False,False,
492,49,6,133,133,True,False,
493,49,1,138,138,True,False,
494,49,1,8,8,False,False,17
494,49,2,8,8,False,False,
494,49,3,8,8,True,False,
495,49,1,135,135,True,False,
496,49,1,139,139,False,False,
496,49,2,105,129,True,True,129 122 111 104
497,49,1,135,135,False,False,
497,49,2,135,135,False,False,
497,49,3,135,135,False,False,
497,49,4,135,135,True,False,
498,49,1,117,117,False,False,
498,49,2,117,117,False,False,
498,49,3,117,117,False,False,
498,49,4,116,116,True,False,
499,49,1,146,146,True,False,
500,50,1,34,34,False,False,
500,50,2,34,34,False,False,
500,50,3,28,28,True,False,
501,50,1,59,59,True,False,
502,50,1,70,71,True,True,71
503,50,1,119,119,False,False,
503,50,2,119,119,True,False,
504,50,1,43,43,False,False,46
504,50,2,43,43,True,False,
505,50,1,78,78,True,False,75
506,50,1,151,151,False,False,
506,50,2,147,146,True,True,146
507,50,1,115,115,True,False,
508,50,1,91,91,False,False,
508,50,2,91,91,False,False,
508,50,3,144,106,True,True,106 124 136
509,50,1,83,83,False,False,
509,50,2,83,83,True,False,
510,51,1,104,104,False,False,
510,51,2,104,104,False,False,
510,51,3,104,104,False,False,
510,51,4,122,122,False,False,111
510,51,5,104,104,True,False,
511,51,1,121,121,False,False,
511,51,2,121,121,True,False,
512,51,1,58,58,True,False,
513,51,1,120,120,True,False,
514,51,1,102,102,False,False,109
514,51,2,102,102,True,False,
515,51,1,12,12,True,False,
516,51,1,8,8,False,False,
516,51,2,8,8,False,False,
516,51,3,8,8,False,False,
516,51,4,8,8,True,False,
517,51,1,74,74,False,False,
517,51,2,96,90,True,True,90 89
518,51,1,25,64,True,True,64
519,51,1,136,136,False,False,134 135
519,51,2,123,123,True,False,
520,52,1,150,150,False,False,
520,52,2,151,151,True,False,
521,52,1,3,3,False,False,
521,52,2,5,4,True,True,4
522,52,1,85,85,True,False,
523,52,1,77,77,True,False,
524,52,1,3,3,False,False,
524,52,2,2,2,True,False,
525,52,1,151,151,False,False,
525,52,2,150,150,True,False,
526,52,1,76,76,False,False,
526,52,2,54,54,True,False,
527,52,1,147,147,True,False,146
528,52,1,128,139,True,True,139
529,52,1,66,66,False,False,
529,52,2,75,75,False,False,
529,52,3,66,66,False,False,
529,52,4,66,66,True,False,
530,53,1,76,76,True,False,
531,53,1,145,145,True,False,
532,53,1,50,50,True,False,
533,53,1,78,78,True,False,
534,53,1,139,139,True,False,122
535,53,1,143,143,True,False,
536,53,1,143,143,False,False,
536,53,2,143,143,True,False,
537,53,1,94,111,True,True,111 106 91 92 93
538,53,1,69,69,True,False,
539,53,1,124,124,False,False,
539,53,2,67,79,True,True,112 106 91 79 75 68
540,54,1,127,77,True,True,77 110
541,54,1,76,76,True,False,
542,54,1,149,149,False,False,144
542,54,2,149,149,True,False,
543,54,1,102,102,True,False,
544,54,1,32,32,True,False,
545,54,1,131,131,True,False,
546,54,1,120,120,True,False,
547,54,1,146,146,True,False,
548,54,1,115,115,True,False,
549,54,1,144,144,True,False,
550,55,1,127,127,False,False,
550,55,2,127,127,False,False,
550,55,3,127,127,False,False,
550,55,4,127,127,True,False,
551,55,1,59,59,False,False,
551,55,2,59,59,False,False,
551,55,3,59,59,False,False,
551,55,4,59,59,True,False,
552,55,1,60,60,False,False,
552,55,2,55,55,True,False,
553,55,1,34,34,True,False,
554,55,1,52,52,False,False,
554,55,2,67,60,True,True,60 68
555,55,1,78,78,True,False,
556,55,1,146,139,True,True,139
557,55,1,128,128,False,False,
557,55,2,128,128,True,False,
558,55,1,69,69,True,False,
559,55,1,91,91,False,False,
559,55,2,91,91,True,False,
560,56,1,151,151,False,False,
560,56,2,151,151,True,False,
561,56,1,151,151,False,False,
561,56,2,151,151,True,False,
562,56,1,8,16,True,True,16
563,56,1,152,152,False,False,
563,56,2,143,143,False,False,
563,56,3,143,143,False,False,
563,56,4,143,143,False,False,
563,56,5,90,118,True,True,118 117
564,56,1,86,86,False,False,
564,56,2,86,86,True,False,
565,56,1,89,89,True,False,
566,56,1,10,10,True,False,56 24 13
567,56,1,40,40,False,False,
567,56,2,32,32,False,False,
567,56,3,32,32,True,False,
568,56,1,62,62,True,False,
569,56,1,99,99,False,False,
569,56,2,89,89,True,False,
570,57,1,131,131,True,False,
571,57,1,72,72,False,False,
571,57,2,72,72,False,False,
571,57,3,72,72,True,False,
572,57,1,134,134,False,False,
572,57,2,129,129,False,False,
572,57,3,129,129,False,False,
572,57,4,134,134,False,False,
572,57,5,133,133,True,False,
573,57,1,147,147,True,False,
574,57,1,85,85,True,False,
575,57,1,6,6,False,False,
575,57,2,6,6,True,False,
576,57,1,95,95,False,False,
576,57,2,95,95,False,False,
576,57,3,95,95,True,False,
577,57,1,89,89,False,False,
577,57,2,89,89,True,False,
578,57,1,62,62,True,False,
579,57,1,140,137,True,True,136 137
580,58,1,118,118,True,False,
581,58,1,127,127,False,False,
581,58,2,127,127,True,False,
582,58,1,76,76,True,False,
583,58,1,3,3,True,False,
584,58,1,14,14,True,False,
585,58,1,110,110,False,False,
585,58,2,110,110,False,False,
585,58,3,110,110,False,False,
585,58,4,110,110,False,False,
585,58,5,97,97,False,False,
585,58,6,97,97,False,False,
585,58,7,97,97,False,False,
585,58,8,97,97,True,False,
586,58,1,6,6,False,False,
586,58,2,6,6,True,False,
587,58,1,78,72,True,True,72 73
588,58,1,105,105,True,False,
589,58,1,88,88,True,False,
590,59,1,56,56,True,False,
591,59,1,133,133,True,False,
592,59,1,7,15,True,True,15
593,59,1,63,63,True,False,
594,59,1,72,72,True,False,
595,59,1,2,2,True,False,
596,59,1,8,8,True,False,
597,59,1,94,94,True,False,88
598,59,1,64,64,False,False,
598,59,2,64,64,True,False,
599,59,1,33,33,False,False,
599,59,2,33,33,False,False,
599,59,3,31,31,True,False,
600,60,1,42,42,False,False,
600,60,2,43,43,False,False,
600,60,3,43,43,False,False,
600,60,4,7,7,False,False,
600,60,5,21,21,False,False,
600,60,6,42,42,True,False,
601,60,1,131,115,True,True,107 115
602,60,1,81,81,True,False,
603,60,1,90,90,True,False,
604,60,1,15,76,True,True,76 65 45
605,60,1,97,97,True,False,
606,60,1,77,77,True,False,
607,60,1,15,27,True,True,33 27
608,60,1,75,75,False,False,45
608,60,2,75,75,True,False,
609,60,1,130,130,False,False,
609,60,2,140,140,False,False,
609,60,3,140,140,False,False,
609,60,4,141,141,False,False,
609,60,5,137,140,True,True,140
610,61,1,119,119,True,False,
611,61,1,143,143,True,False,
612,61,1,89,89,False,False,
612,61,2,107,107,True,False,
613,61,1,150,138,True,True,138
614,61,1,19,19,False,False,
614,61,2,22,22,False,False,
614,61,3,22,22,False,False,
614,61,4,9,9,False,False,18 12
614,61,5,19,19,True,False,
615,61,1,49,49,False,False,
615,61,2,54,54,True,False,
616,61,1,32,32,False,False,
616,61,2,20,26,True,True,26
617,61,1,147,147,True,False,
618,61,1,89,89,True,False,
619,61,1,114,114,False,False,
619,61,2,130,130,False,False,
619,61,3,95,95,True,False,
620,62,1,33,33,True,False,
621,62,1,75,75,False,False,68
621,62,2,67,67,False,False,
621,62,3,67,67,True,False,
622,62,1,111,111,False,False,
622,62,2,111,111,False,False,
622,62,3,111,111,False,False,
622,62,4,110,110,False,False,
622,62,5,119,119,False,False,
622,62,6,119,119,False,False,
622,62,7,121,120,True,True,120
623,62,1,11,11,True,False,
624,62,1,111,111,False,False,
624,62,2,113,112,True,True,112
625,62,1,132,132,True,False,
626,62,1,151,151,False,False,
626,62,2,151,151,False,False,
626,62,3,127,127,False,False,
626,62,4,127,127,False,False,
626,62,5,143,143,True,False,
627,62,1,89,89,True,False,
628,62,1,105,105,True,False,
629,62,1,63,63,False,False,
629,62,2,62,62,True,False,
630,63,1,151,151,True,False,
631,63,1,61,61,True,False,
632,63,1,152,152,False,False,
632,63,2,146,146,False,False,
632,63,3,139,139,True,False,
633,63,1,15,15,True,False,
634,63,1,89,89,False,False,
634,63,2,89,89,True,False,
635,63,1,120,120,True,False,
636,63,1,136,135,True,True,134 135
637,63,1,48,48,True,False,
638,63,1,86,86,True,False,
639,63,1,99,100,True,True,100
640,64,1,90,90,False,False,
640,64,2,90,90,False,False,
640,64,3,56,56,False,False,
640,64,4,56,56,False,False,
640,64,5,56,56,True,False,
641,64,1,86,86,False,False,
641,64,2,86,86,False,False,
641,64,3,85,85,False,False,
641,64,4,110,110,True,False,
642,64,1,144,144,True,False,
643,64,1,6,6,False,False,
643,64,2,6,6,True,False,
644,64,1,122,122,True,False,
645,64,1,39,39,True,False,
646,64,1,18,18,False,False,
646,64,2,22,22,False,False,
646,64,3,22,22,True,False,
647,64,1,154,154,False,False,
647,64,2,154,154,True,False,
648,64,1,32,32,True,False,
649,64,1,125,125,False,False,92
649,64,2,93,93,False,False,
649,64,3,94,94,True,False,
650,65,1,94,94,False,False,
650,65,2,94,94,False,False,
650,65,3,92,92,False,False,93
650,65,4,92,92,False,False,
650,65,5,114,114,False,False,
650,65,6,98,113,True,True,113 112
651,65,1,70,70,False,False,
651,65,2,74,71,True,True,71
652,65,1,75,75,False,False,
652,65,2,33,68,True,True,68 67 51 42
653,65,1,110,110,False,False,
653,65,2,127,127,True,False,
654,65,1,7,7,False,False,
654,65,2,4,4,False,False,
654,65,3,7,7,False,False,
654,65,4,15,15,False,False,
654,65,5,15,15,False,False,
654,65,6,7,7,False,False,
654,65,7,15,15,True,False,
655,65,1,72,72,False,False,
655,65,2,74,74,True,False,
656,65,1,95,95,False,False,
656,65,2,94,94,False,False,
656,65,3,94,94,False,False,
656,65,4,79,88,True,True,93 88 87
657,65,1,128,129,True,True,129
658,65,1,40,73,True,True,73 72
659,65,1,34,34,True,False,
660,66,1,32,32,True,False,
661,66,1,91,91,False,False,
661,66,2,98,98,True,False,
662,66,1,140,140,False,False,
662,66,2,140,140,False,False,
662,66,3,137,137,False,False,
662,66,4,140,140,True,False,
663,66,1,61,61,False,False,
663,66,2,48,48,False,False,53
663,66,3,61,61,True,False,
664,66,1,143,143,True,False,
665,66,1,143,143,False,False,
665,66,2,120,120,False,False,
665,66,3,120,120,True,False,
666,66,1,133,133,True,False,
667,66,1,82,82,True,False,
668,66,1,67,67,False,False,
668,66,2,68,68,True,False,
669,66,1,117,117,False,False,
669,66,2,126,126,False,False,
669,66,3,138,138,True,False,
670,67,1,15,15,True,False,
671,67,1,29,29,False,False,26 30
671,67,2,29,29,True,False,
672,67,1,46,46,False,False,
672,67,2,35,35,False,False,
672,67,3,68,68,True,False,46
673,67,1,9,12,True,True,46 43 12
674,67,1,90,90,True,False,
675,67,1,120,120,True,False,
676,67,1,119,119,True,False,
677,67,1,82,82,False,False,
677,67,2,82,82,False,False,
677,67,3,83,83,False,False,
677,67,4,86,86,True,False,82
678,67,1,73,73,False,False,
678,67,2,41,41,False,False,
678,67,3,40,40,True,False,
679,67,1,129,104,True,True,72 104 111 122
680,68,1,51,51,False,False,
680,68,2,51,51,False,False,
680,68,3,52,52,True,False,
681,68,1,34,34,True,False,
682,68,1,101,101,True,False,
683,68,1,16,16,False,False,
683,68,2,16,16,False,False,
683,68,3,15,15,False,False,
683,68,4,7,7,False,False,
683,68,5,15,15,False,False,
683,68,6,15,15,True,False,
684,68,1,48,48,True,False,
685,68,1,117,117,False,False,
685,68,2,132,132,True,False,
686,68,1,127,127,True,False,
687,68,1,105,128,True,True,128 121 111
688,68,1,15,15,True,False,
689,68,1,70,70,True,False,64
690,69,1,86,86,False,False,
690,69,2,86,86,False,False,
690,69,3,73,73,True,False,
691,69,1,135,135,True,False,
692,69,1,86,86,True,False,
693,69,1,59,59,False,False,
693,69,2,66,66,False,False,
693,69,3,66,66,True,False,
694,69,1,149,149,True,False,
695,69,1,106,106,True,False,112
696,69,1,111,111,False,False,
696,69,2,111,111,False,False,
696,69,3,122,122,False,False,
696,69,4,111,111,False,False,
696,69,5,111,111,False,False,
696,69,6,104,104,True,False,
697,69,1,72,72,False,False,
697,69,2,73,73,True,False,
698,69,1,10,10,True,False,
699,69,1,98,98,True,False,
700,70,1,141,141,False,False,137
700,70,2,141,141,False,False,
700,70,3,141,141,False,False,
700,70,4,141,141,True,False,
701,70,1,34,34,True,False,
702,70,1,10,14,True,True,14
703,70,1,50,50,True,False,
704,70,1,23,23,True,False,37
705,70,1,99,99,True,False,
706,70,1,70,70,False,False,
706,70,2,70,70,False,False,
706,70,3,54,54,True,False,62
707,70,1,60,60,True,False,
708,70,1,66,66,False,False,
708,70,2,66,66,False,False,
708,70,3,66,66,True,False,
709,70,1,93,91,True,True,91 92
710,71,1,111,104,True,True,104
711,71,1,85,85,True,False,
712,71,1,20,20,True,False,
713,71,1,7,7,False,False,
713,71,2,7,7,False,False,
713,71,3,7,7,True,False,
714,71,1,103,97,True,True,97
715,71,1,154,154,False,False,
715,71,2,148,148,False,False,
715,71,3,148,148,False,False,
715,71,4,134,134,True,False,
716,71,1,2,2,False,False,
716,71,2,20,20,False,False,
716,71,3,11,11,False,False,
716,71,4,11,11,True,False,
717,71,1,147,147,False,False,
717,71,2,146,146,True,False,
718,71,1,92,92,True,False,112
719,71,1,144,144,True,False,
720,72,1,16,16,False,False,
720,72,2,8,8,False,False,
720,72,3,17,17,True,False,
721,72,1,14,14,False,False,
721,72,2,10,10,True,False,
722,72,1,20,20,False,False,
722,72,2,30,30,True,False,25
723,72,1,145,138,True,True,116 138
724,72,1,77,77,False,False,
724,72,2,77,77,True,False,
725,72,1,122,122,False,False,
725,72,2,121,121,True,False,
726,72,1,34,34,False,False,
726,72,2,42,42,False,False,
726,72,3,42,42,True,False,
727,72,1,91,79,True,True,79
728,72,1,84,80,True,True,80 81
729,72,1,15,15,False,False,
729,72,2,21,21,False,False,16
729,72,3,21,21,True,False,
730,73,1,108,108,False,False,109
730,73,2,108,108,False,False,
730,73,3,90,101,True,True,101
731,73,1,126,126,False,False,
731,73,2,107,107,True,False,116
732,73,1,8,8,False,False,
732,73,2,22,22,False,False,
732,73,3,8,17,True,True,17
733,73,1,10,10,True,False,
734,73,1,79,79,False,False,
734,73,2,137,87,True,True,87 92 113 114
735,73,1,104,104,True,False,
736,73,1,82,82,True,False,
737,73,1,53,53,False,False,
737,73,2,53,53,True,False,
738,73,1,57,57,False,False,
738,73,2,57,57,False,False,
738,73,3,57,57,False,False,
738,73,4,57,57,True,False,
739,73,1,105,105,False,False,98
739,73,2,111,111,True,False,104
740,74,1,37,37,False,False,
740,74,2,13,29,True,True,29 24
741,74,1,103,103,True,False,
742,74,1,103,103,True,False,
743,74,1,40,40,True,False,
744,74,1,81,81,True,False,
745,74,1,19,19,False,False,
745,74,2,9,9,False,False,
745,74,3,12,12,False,False,
745,74,4,12,12,True,False,
746,74,1,141,141,False,False,
746,74,2,141,141,True,False,
747,74,1,77,77,True,False,
748,74,1,99,99,True,False,
749,74,1,65,65,True,False,
750,75,1,141,141,False,False,
750,75,2,130,130,False,False,
750,75,3,130,130,True,False,
751,75,1,67,67,False,False,
751,75,2,60,68,True,True,68
752,75,1,152,152,False,False,
752,75,2,152,152,False,False,
752,75,3,151,151,False,False,
752,75,4,152,152,False,False,
752,75,5,127,127,False,False,
752,75,6,143,143,False,False,
752,75,7,143,143,False,False,
752,75,8,143,143,True,False,
753,75,1,130,130,False,False,
753,75,2,141,141,False,False,
753,75,3,141,141,False,False,
753,75,4,130,130,False,False,
753,75,5,130,130,False,False,
753,75,6,130,130,False,False,
753,75,7,130,130,False,False,
753,75,8,140,140,True,False,137
754,75,1,102,109,True,True,110 109
755,75,1,132,132,True,False,117
756,75,1,107,107,True,False,
757,75,1,101,101,True,False,
758,75,1,69,69,True,False,
759,75,1,134,91,True,True,91 106 123
760,76,1,116,116,False,False,96
760,76,2,90,90,True,False,96
761,76,1,140,140,True,False,
762,76,1,66,66,True,False,
763,76,1,91,91,False,False,
763,76,2,93,93,False,False,92
763,76,3,93,93,False,False,
763,76,4,106,106,True,False,91
764,76,1,59,59,True,False,
765,76,1,72,72,True,False,
766,76,1,41,41,True,False,
767,76,1,53,53,True,False,
768,76,1,90,85,True,True,85
769,76,1,8,8,True,False,
770,77,1,44,44,False,False,
770,77,2,44,44,False,False,
770,77,3,44,44,True,False,
771,77,1,101,101,True,False,
772,77,1,103,103,True,False,
773,77,1,152,152,False,False,
773,77,2,150,151,True,True,151
774,77,1,60,67,True,True,67
775,77,1,149,149,False,False,
775,77,2,140,140,True,False,
776,77,1,83,83,False,False,
776,77,2,82,82,True,False,
777,77,1,77,77,True,False,
778,77,1,107,89,True,True,89
779,77,1,7,15,True,True,15
780,78,1,49,49,False,False,
780,78,2,49,49,False,False,
780,78,3,30,38,True,True,38
781,78,1,15,15,True,False,
782,78,1,54,54,False,False,
782,78,2,54,54,False,False,
782,78,3,54,54,False,False,
782,78,4,54,54,False,False,
782,78,5,54,54,False,False,
782,78,6,54,54,True,False,
783,78,1,106,106,False,False,
783,78,2,106,106,True,False,
784,78,1,11,11,True,False,
785,78,1,1,1,True,False,
786,78,1,58,58,False,False,
786,78,2,65,65,False,False,
786,78,3,58,58,True,False,
787,78,1,96,89,True,True,89
788,78,1,14,14,False,False,
788,78,2,14,14,True,False,
789,78,1,73,73,True,False,72
790,79,1,59,59,True,False,
791,79,1,146,146,False,False,
791,79,2,147,147,True,False,
792,79,1,139,139,False,False,
792,79,2,139,139,False,False,
792,79,3,129,129,False,False,
792,79,4,133,133,True,False,
793,79,1,94,94,True,False,
794,79,1,40,40,True,False,
795,79,1,59,59,False,False,
795,79,2,73,73,False,False,
795,79,3,59,59,True,False,
796,79,1,81,81,False,False,
796,79,2,81,81,True,False,
797,79,1,27,27,True,False,
798,79,1,152,152,False,False,
798,79,2,146,146,False,False,
798,79,3,146,146,True,False,
799,79,1,58,58,True,False,
800,80,1,76,76,True,False,
801,80,1,115,115,True,False,
802,80,1,128,128,True,False,127
803,80,1,36,36,False,False,53
803,80,2,45,45,True,False,35
804,80,1,66,66,False,False,
804,80,2,66,66,False,False,
804,80,3,78,78,False,False,
804,80,4,73,73,False,False,
804,80,5,73,73,False,False,
804,80,6,66,66,False,False,
804,80,7,73,73,True,False,
805,80,1,86,86,True,False,
806,80,1,73,73,False,False,
806,80,2,56,64,True,True,72 64
807,80,1,66,66,False,False,
807,80,2,66,66,True,False,
808,80,1,100,85,True,True,85
809,80,1,66,66,False,False,
809,80,2,50,50,False,False,
809,80,3,50,50,True,False,
810,81,1,2,2,True,False,
811,81,1,140,140,False,False,
811,81,2,144,144,False,False,
811,81,3,149,149,True,False,
812,81,1,136,136,True,False,144
813,81,1,126,126,False,False,
813,81,2,108,108,False,False,
813,81,3,126,126,True,False,
814,81,1,27,27,True,False,
815,81,1,82,82,False,False,
815,81,2,82,82,True,False,
816,81,1,54,54,True,False,56
817,81,1,66,66,False,False,
817,81,2,67,67,True,False,
818,81,1,147,147,True,False,
819,81,1,56,56,False,False,
819,81,2,62,62,True,False,
820,82,1,20,26,True,True,26
821,82,1,32,32,True,False,
822,82,1,144,144,True,False,135
823,82,1,16,16,False,False,
823,82,2,16,16,False,False,
823,82,3,16,16,False,False,
823,82,4,8,8,False,False,
823,82,5,8,8,False,False,
823,82,6,12,12,False,False,
823,82,7,4,4,True,False,
824,82,1,53,53,False,False,
824,82,2,53,53,True,False,
825,82,1,62,62,True,False,
826,82,1,2,25,True,True,25 20
827,82,1,62,62,False,False,
827,82,2,132,89,True,True,89 96 117
828,82,1,132,132,True,False,
829,82,1,27,27,True,False,
830,83,1,127,127,True,False,
831,83,1,76,76,False,False,
831,83,2,76,76,True,False,
832,83,1,103,103,True,False,
833,83,1,96,96,False,False,
833,83,2,99,99,False,False,
833,83,3,99,99,False,False,
833,83,4,115,115,True,False,
834,83,1,152,152,False,False,
834,83,2,152,152,True,False,
835,83,1,77,77,False,False,
835,83,2,77,77,True,False,
836,83,1,153,153,False,False,
836,83,2,142,142,False,False,
836,83,3,142,142,False,False,
836,83,4,142,142,False,False,
836,83,5,150,150,True,False,145
837,83,1,93,93,False,False,
837,83,2,88,88,False,False,
837,83,3,87,87,False,False,
837,83,4,87,87,False,False,
837,83,5,87,87,False,False,
837,83,6,93,88,True,True,88
838,83,1,48,48,True,False,
839,83,1,63,63,True,False,
840,84,1,94,94,True,False,
841,84,1,17,17,True,False,
842,84,1,85,77,True,True,77
843,84,1,39,39,True,False,
844,84,1,20,20,False,False,
844,84,2,25,25,False,False,
844,84,3,20,20,False,False,
844,84,4,25,25,False,False,
844,84,5,31,26,True,True,26
845,84,1,15,15,False,False,27
845,84,2,15,15,True,False,
846,84,1,13,13,True,False,14
847,84,1,148,148,False,False,
847,84,2,146,146,True,False,147
848,84,1,125,125,False,False,
848,84,2,113,113,False,False,
848,84,3,113,113,False,False,
848,84,4,113,113,False,False,
848,84,5,125,125,False,False,
848,84,6,125,125,True,False,
849,84,1,35,35,True,False,46
850,85,1,15,27,True,True,27
851,85,1,73,73,True,False,
852,85,1,73,73,False,False,
852,85,2,73,73,False,False,
852,85,3,73,73,True,False,
853,85,1,44,44,True,False,
854,85,1,153,153,False,False,145
854,85,2,153,153,True,False,
855,85,1,64,132,True,True,132 117 71
856,85,1,7,7,False,False,
856,85,2,7,7,False,False,
856,85,3,7,7,False,False,
856,85,4,27,27,False,False,
856,85,5,11,11,True,False,
857,85,1,2,2,True,False,
858,85,1,42,42,False,False,
858,85,2,66,66,False,False,45
858,85,3,66,66,False,False,
858,85,4,66,66,False,False,
858,85,5,26,32,True,True,32
859,85,1,70,41,True,True,41 65 64 71
860,86,1,60,41,True,True,41 45 51
861,86,1,98,98,False,False,
861,86,2,105,105,False,False,
861,86,3,78,78,False,False,98
861,86,4,87,82,True,True,82
862,86,1,135,135,True,False,
863,86,1,23,23,False,False,
863,86,2,56,56,False,False,29 37 49 54
863,86,3,49,49,False,False,
863,86,4,54,54,False,False,
863,86,5,54,54,True,False,
864,86,1,13,13,True,False,
865,86,1,99,99,False,False,
865,86,2,115,115,False,False,
865,86,3,115,115,True,False,
866,86,1,10,10,True,False,
867,86,1,47,47,False,False,43
867,86,2,69,69,False,False,
867,86,3,69,69,True,False,
868,86,1,147,147,True,False,
869,86,1,93,93,True,False,106
870,87,1,2,2,True,False,
871,87,1,61,61,True,False,
872,87,1,66,60,True,True,60
873,87,1,99,90,True,True,90 89
874,87,1,66,66,False,False,
874,87,2,66,66,False,False,
874,87,3,59,59,False,False,
874,87,4,66,66,False,False,
874,87,5,66,66,False,False,
874,87,6,73,73,True,False,
875,87,1,16,16,False,False,
875,87,2,4,4,False,False,
875,87,3,15,15,False,False,
875,87,4,16,16,True,False,
876,87,1,82,82,True,False,
877,87,1,55,55,True,False,
878,87,1,106,106,False,False,91
878,87,2,91,91,False,False,
878,87,3,106,106,False,False,
878,87,4,87,92,True,True,92
879,87,1,42,42,False,False,
879,87,2,42,42,False,False,
879,87,3,42,42,False,False,
879,87,4,50,50,False,False,45
879,87,5,51,51,False,False,
879,87,6,51,51,False,False,
879,87,7,45,45,False,False,
879,87,8,45,45,True,False,
880,88,1,146,146,True,False,
881,88,1,63,63,True,False,
882,88,1,137,125,True,True,125
883,88,1,104,104,True,False,
884,88,1,72,72,False,False,73
884,88,2,72,72,False,False,
884,88,3,72,72,True,False,
885,88,1,119,119,False,False,
885,88,2,151,143,True,True,143
886,88,1,47,53,True,True,53
887,88,1,124,124,False,False,
887,88,2,124,124,False,False,
887,88,3,112,112,False,False,
887,88,4,125,125,True,False,
888,88,1,53,53,False,False,
888,88,2,53,53,True,False,
889,88,1,75,75,False,False,
889,88,2,75,75,True,False,
890,89,1,95,95,False,False,
890,89,2,130,130,True,False,
891,89,1,136,136,False,False,137
891,89,2,137,137,True,False,
892,89,1,138,138,True,False,
893,89,1,82,82,False,False,
893,89,2,82,82,True,False,
894,89,1,62,62,True,False,
895,89,1,148,148,False,False,
895,89,2,135,135,False,False,
895,89,3,123,123,True,False,
896,89,1,24,24,False,False,
896,89,2,24,24,True,False,
897,89,1,148,148,True,False,
898,89,1,106,106,True,False,
899,89,1,8,17,True,True,17
900,90,1,48,48,False,False,
900,90,2,48,48,True,False,
901,90,1,128,128,False,False,
901,90,2,128,128,True,False,
902,90,1,120,120,False,False,
902,90,2,120,120,False,False,
902,90,3,122,122,False,False,121
902,90,4,122,122,False,False,
902,90,5,146,129,True,True,129 139
903,90,1,99,99,False,False,
903,90,2,115,115,False,False,
903,90,3,99,99,True,False,
904,90,1,20,20,True,False,
905,90,1,152,152,False,False,
905,90,2,146,146,True,False,
906,90,1,86,86,True,False,
907,90,1,59,59,False,False,
907,90,2,66,66,False,False,
907,90,3,59,59,False,False,
907,90,4,59,59,True,False,
908,90,1,25,31,True,True,39 31
909,90,1,43,43,False,False,
909,90,2,43,43,False,False,
909,90,3,35,35,False,False,
909,90,4,35,35,False,False,
909,90,5,46,46,True,False,
910,91,1,64,64,False,False,
910,91,2,54,56,True,True,56
911,91,1,66,66,True,False,
912,91,1,144,144,False,False,136
912,91,2,144,144,True,False,
913,91,1,63,63,False,False,
913,91,2,49,49,False,False,56
913,91,3,49,49,False,False,
913,91,4,49,49,False,False,
913,91,5,64,64,False,False,
913,91,6,64,64,False,False,
913,91,7,64,64,False,False,
913,91,8,64,64,True,False,
914,91,1,35,35,False,False,42
914,91,2,45,34,True,True,34 42
915,91,1,31,31,False,False,
915,91,2,30,30,False,False,
915,91,3,30,30,False,False,
915,91,4,30,30,True,False,
916,91,1,28,28,False,False,
916,91,2,28,28,True,False,
917,91,1,73,73,True,False,
918,91,1,65,65,False,False,
918,91,2,65,65,True,False,
919,91,1,91,91,False,False,
919,91,2,91,91,False,False,
919,91,3,92,92,True,False,
920,92,1,86,86,False,False,
920,92,2,86,86,True,False,
921,92,1,126,126,True,False,118
922,92,1,132,132,True,False,
923,92,1,128,128,False,False,
923,92,2,128,128,False,False,
923,92,3,143,143,True,False,
924,92,1,117,117,True,False,
925,92,1,25,25,False,False,
925,92,2,25,25,True,False,
926,92,1,50,50,False,False,
926,92,2,50,50,True,False,
927,92,1,85,85,True,False,
928,92,1,101,101,True,False,
929,92,1,95,95,True,False,
930,93,1,42,42,False,False,
930,93,2,42,42,False,False,
930,93,3,42,42,False,False,
930,93,4,42,42,True,False,
931,93,1,6,6,True,False,26 20 14
932,93,1,105,104,True,True,86 104
933,93,1,132,132,False,False,
933,93,2,126,126,False,False,
933,93,3,126,126,False,False,
933,93,4,126,126,False,False,
933,93,5,126,126,False,False,
933,93,6,107,107,False,False,
933,93,7,100,100,False,False,
933,93,8,100,100,False,False,
933,93,9,90,90,True,False,
934,93,1,31,44,True,True,71 64 44
935,93,1,1,1,False,False,
935,93,2,1,1,False,False,
935,93,3,1,1,True,False,
936,93,1,68,68,True,False,
937,93,1,30,30,True,False,
938,93,1,60,60,True,False,50 51
939,93,1,42,42,False,False,45
939,93,2,67,67,True,False,45
940,94,1,145,145,False,False,
940,94,2,145,145,False,False,
940,94,3,145,145,False,False,
940,94,4,145,145,True,False,
941,94,1,94,94,True,False,
942,94,1,124,125,True,True,125
943,94,1,96,96,False,False,100
943,94,2,96,96,False,False,
943,94,3,96,96,True,False,
944,94,1,71,71,False,False,
944,94,2,71,71,True,False,
945,94,1,94,94,False,False,
945,94,2,93,93,False,False,
945,94,3,94,94,True,False,
946,94,1,35,35,False,False,
946,94,2,43,43,False,False,
946,94,3,43,43,True,False,
947,94,1,47,47,True,False,
948,94,1,114,114,False,False,
948,94,2,114,114,False,False,
948,94,3,114,114,False,False,
948,94,4,125,125,False,False,113
948,94,5,125,125,True,False,
949,94,1,117,117,True,False,
950,95,1,71,71,True,False,
951,95,1,59,59,False,False,
951,95,2,66,66,False,False,
951,95,3,66,66,False,False,
951,95,4,61,60,True,True,60
952,95,1,70,70,True,False,
953,95,1,87,87,False,False,
953,95,2,87,87,False,False,
953,95,3,88,88,False,False,
953,95,4,53,81,True,True,84 81
954,95,1,121,121,True,False,122
955,95,1,2,2,True,False,
956,95,1,134,134,True,False,
957,95,1,154,154,True,False,
958,95,1,16,16,True,False,
959,95,1,152,152,True,False,
960,96,1,119,119,True,False,
961,96,1,117,117,False,False,
961,96,2,126,126,False,False,
961,96,3,117,117,True,False,
962,96,1,119,119,False,False,
962,96,2,143,143,False,False,
962,96,3,143,143,False,False,
962,96,4,143,143,True,False,
963,96,1,68,78,True,True,78 75
964,96,1,75,75,False,False,
964,96,2,61,69,True,True,68 69
965,96,1,32,32,True,False,
966,96,1,119,119,False,False,
966,96,2,119,119,True,False,
967,96,1,20,20,True,False,
968,96,1,14,14,False,False,
968,96,2,14,14,False,False,
968,96,3,20,20,True,False,
969,96,1,91,91,False,False,
969,96,2,91,91,False,False,
969,96,3,121,123,True,True,106 123 122
970,97,1,100,100,False,False,
970,97,2,100,100,False,False,
970,97,3,89,89,True,False,96
971,97,1,39,39,True,False,57
972,97,1,111,104,True,True,104
973,97,1,143,143,False,False,
973,97,2,139,139,False,False,
973,97,3,139,139,False,False,
973,97,4,152,152,False,False,
973,97,5,128,128,True,False,
974,97,1,143,143,True,False,
975,97,1,104,104,True,False,122 111
976,97,1,73,73,True,False,86
977,97,1,78,78,False,False,
977,97,2,78,78,True,False,
978,97,1,48,48,True,False,
979,97,1,47,47,True,False,
980,98,1,27,27,False,False,
980,98,2,27,27,True,False,
981,98,1,75,75,False,False,
981,98,2,87,83,True,True,79 83
982,98,1,114,114,False,False,
982,98,2,114,114,False,False,
982,98,3,112,112,False,False,113
982,98,4,113,113,False,False,
982,98,5,113,113,True,False,
983,98,1,97,97,False,False,
983,98,2,103,103,True,False,
984,98,1,135,135,False,False,104 111
984,98,2,111,111,True,False,
985,98,1,82,82,False,False,
985,98,2,81,79,True,True,79 80
986,98,1,47,53,True,True,61 53
987,98,1,79,79,False,False,
987,98,2,79,79,False,False,
987,98,3,79,79,False,False,
987,98,4,91,91,False,False,
987,98,5,83,83,False,False,
987,98,6,83,83,False,False,
987,98,7,79,79,False,False,
987,98,8,82,82,True,False,
988,98,1,87,87,False,False,
988,98,2,87,87,True,False,
989,98,1,100,100,False,False,
989,98,2,107,107,True,False,
990,99,1,25,25,False,False,
990,99,2,25,25,False,False,
990,99,3,14,14,True,False,
991,99,1,78,78,False,False,
991,99,2,78,78,True,False,
992,99,1,138,138,True,False,126
993,99,1,31,31,False,False,
993,99,2,20,20,True,False,
994,99,1,118,118,True,False,
995,99,1,45,45,False,False,
995,99,2,45,45,True,False,
996,99,1,107,90,True,True,76 90 89 96
997,99,1,3,3,False,False,
997,99,2,2,2,False,False,
997,99,3,3,3,False,False,
997,99,4,2,2,True,False,
998,99,1,15,15,True,False,
999,99,1,129,122,True,True,104 111 122
1000,100,1,109,109,False,False,
1000,100,2,109,109,False,False,
1000,100,3,109,109,False,False,
1000,100,4,86,86,True,False,
1001,100,1,43,46,True,True,46
1002,100,1,50,50,False,False,
1002,100,2,50,50,True,False,
1003,100,1,27,27,True,False,
1004,100,1,89,41,True,True,41 74 76
1005,100,1,127,127,True,False,
1006,100,1,89,101,True,True,109 102 101 90
1007,100,1,72,72,True,False,
1008,100,1,144,144,False,False,
1008,100,2,136,136,True,False,
1009,100,1,54,54,False,False,
1009,100,2,54,54,True,False,
1010,101,1,16,16,True,False,
1011,101,1,105,105,True,False,
1012,101,1,11,11,True,False,
1013,101,1,74,74,True,False,
1014,101,1,73,73,True,False,
1015,101,1,98,98,False,False,
1015,101,2,105,105,True,False,
1016,101,1,62,70,True,True,70
1017,101,1,52,52,True,False,
1018,101,1,2,2,True,False,
1019,101,1,72,72,False,False,
1019,101,2,72,72,True,False,
1020,102,1,42,42,False,False,
1020,102,2,42,42,True,False,
1021,102,1,128,128,False,False,121
1021,102,2,128,128,True,False,
1022,102,1,30,30,False,False,
1022,102,2,44,44,False,False,
1022,102,3,44,44,True,False,
1023,102,1,134,134,True,False,
1024,102,1,44,44,True,False,
1025,102,1,131,131,False,False,
1025,102,2,131,131,False,False,
1025,102,3,131,131,True,False,
1026,102,1,34,34,True,False,
1027,102,1,89,89,True,False,
1028,102,1,80,80,True,False,79
1029,102,1,86,86,False,False,
1029,102,2,86,86,True,False,
1030,103,1,66,66,True,False,
1031,103,1,123,123,True,False,
1032,103,1,57,57,False,False,
1032,103,2,57,57,False,False,
1032,103,3,57,57,False,False,
1032,103,4,57,57,False,False,
1032,103,5,57,57,True,False,
1033,103,1,86,86,False,False,
1033,103,2,111,104,True,True,104
1034,103,1,48,48,False,False,47
1034,103,2,48,48,True,False,
1035,103,1,154,154,True,False,
1036,103,1,103,103,False,False,
1036,103,2,103,103,True,False,
1037,103,1,18,22,True,True,22
1038,103,1,86,86,False,False,
1038,103,2,103,97,True,True,97
1039,103,1,65,65,True,False,
1040,104,1,51,51,False,False,
1040,104,2,22,52,True,True,52
1041,104,1,34,34,False,False,
1041,104,2,47,47,True,False,
1042,104,1,150,150,True,False,
1043,104,1,154,154,True,False,
1044,104,1,65,65,True,False,77
1045,104,1,85,85,True,False,
1046,104,1,151,151,False,False,
1046,104,2,151,151,True,False,
1047,104,1,49,49,True,False,62
1048,104,1,34,32,True,True,32 33
1049,104,1,36,36,True,False,
1050,105,1,15,15,False,False,
1050,105,2,15,15,False,False,
1050,105,3,33,33,False,False,
1050,105,4,33,33,True,False,
1051,105,1,105,105,True,False,
1052,105,1,134,134,False,False,
1052,105,2,134,134,False,False,
1052,105,3,129,129,False,False,
1052,105,4,133,133,False,False,
1052,105,5,133,133,True,False,
1053,105,1,77,77,True,False,
1054,105,1,135,135,False,False,
1054,105,2,135,135,False,False,
1054,105,3,135,135,False,False,
1054,105,4,135,135,True,False,
1055,105,1,14,14,True,False,
1056,105,1,72,72,True,False,
1057,105,1,35,35,False,False,
1057,105,2,28,28,True,False,
1058,105,1,83,80,True,True,80
1059,105,1,84,81,True,True,81
1060,106,1,58,58,True,False,
1061,106,1,108,108,False,False,
1061,106,2,108,108,False,False,
1061,106,3,108,108,False,False,
1061,106,4,127,127,True,False,
1062,106,1,0,0,True,False,
1063,106,1,53,35,True,True,35 46
1064,106,1,66,66,True,False,
1065,106,1,57,57,False,False,
1065,106,2,64,64,True,False,
1066,106,1,58,58,True,False,
1067,106,1,44,44,True,False,
1068,106,1,138,138,True,False,
1069,106,1,56,56,True,False,
1070,107,1,69,69,False,False,
1070,107,2,69,69,False,False,
1070,107,3,68,68,True,False,
1071,107,1,112,112,True,False,106
1072,107,1,120,120,True,False,
1073,107,1,93,92,True,True,92
1074,107,1,20,26,True,True,26
1075,107,1,109,109,False,False,
1075,107,2,109,109,False,False,
1075,107,3,109,109,True,False,
1076,107,1,139,139,True,False,
1077,107,1,99,99,True,False,
1078,107,1,50,50,True,False,
1079,107,1,79,67,True,True,67 68 75
1080,108,1,39,39,True,False,
1081,108,1,5,5,True,False,27 15
1082,108,1,59,59,False,False,
1082,108,2,59,59,True,False,
1083,108,1,99,99,True,False,100
1084,108,1,139,139,False,False,
1084,108,2,139,139,True,False,
1085,108,1,43,43,False,False,
1085,108,2,43,43,True,False,
1086,108,1,116,102,True,True,103 102 101 108
1087,108,1,99,99,False,False,
1087,108,2,99,99,True,False,
1088,108,1,132,132,True,False,
1089,108,1,70,70,False,False,
1089,108,2,70,70,False,False,
1089,108,3,70,70,True,False,
1090,109,1,53,61,True,True,61
1091,109,1,53,53,False,False,
1091,109,2,53,53,False,False,
1091,109,3,53,53,False,False,
1091,109,4,53,53,True,False,
1092,109,1,8,8,True,False,
1093,109,1,84,81,True,True,69 81
1094,109,1,138,138,False,False,
1094,109,2,107,107,False,False,
1094,109,3,126,126,False,False,
1094,109,4,126,126,False,False,
1094,109,5,96,96,False,False,
1094,109,6,96,96,False,False,
1094,109,7,116,116,True,False,
1095,109,1,9,9,True,False,
1096,109,1,124,124,True,False,
1097,109,1,57,57,False,False,65
1097,109,2,65,65,False,False,
1097,109,3,76,74,True,True,74
1098,109,1,61,61,False,False,
1098,109,2,61,61,True,False,
1099,109,1,136,136,True,False,
1100,110,1,71,71,False,False,
1100,110,2,71,71,False,False,
1100,110,3,71,71,False,False,
1100,110,4,57,57,False,False,64
1100,110,5,63,63,True,False,
1101,110,1,34,34,True,False,
1102,110,1,149,149,False,False,144
1102,110,2,144,144,True,False,
1103,110,1,67,67,False,False,
1103,110,2,67,67,True,False,
1104,110,1,149,149,True,False,
1105,110,1,102,102,True,False,109
1106,110,1,147,146,True,True,146
1107,110,1,23,23,False,False,37
1107,110,2,25,24,True,True,24
1108,110,1,46,46,False,False,
1108,110,2,46,46,True,False,
1109,110,1,13,13,True,False,
1110,111,1,15,15,True,False,
1111,111,1,15,15,True,False,
1112,111,1,112,112,True,False,
1113,111,1,62,62,False,False,70
1113,111,2,62,62,True,False,
1114,111,1,15,15,True,False,
1115,111,1,121,121,True,False,
1116,111,1,57,57,True,False,
1117,111,1,120,120,False,False,
1117,111,2,128,128,True,False,
1118,111,1,35,35,False,False,
1118,111,2,35,35,False,False,
1118,111,3,35,35,False,False,
1118,111,4,22,22,True,False,
1119,111,1,154,154,True,False,
1120,112,1,50,50,False,False,
1120,112,2,50,50,False,False,
1120,112,3,50,50,True,False,
1121,112,1,52,52,True,False,
1122,112,1,4,4,True,False,
1123,112,1,72,72,False,False,
1123,112,2,77,77,True,False,
1124,112,1,76,76,True,False,
1125,112,1,101,101,True,False,
1126,112,1,32,32,False,False,
1126,112,2,41,41,True,False,
1127,112,1,134,134,True,False,
1128,112,1,2,2,True,False,
1129,112,1,111,104,True,True,104
1130,113,1,61,69,True,True,69
1131,113,1,53,61,True,True,61
1132,113,1,100,100,False,False,
1132,113,2,100,100,False,False,
1132,113,3,100,100,False,False,
1132,113,4,107,107,False,False,
1132,113,5,107,107,False,False,
1132,113,6,116,116,True,False,
1133,113,1,43,43,False,False,
1133,113,2,43,43,True,False,
1134,113,1,66,66,False,False,
1134,113,2,66,66,False,False,
1134,113,3,75,75,True,False,
1135,113,1,38,38,True,False,
1136,113,1,72,72,False,False,
1136,113,2,77,77,True,False,
1137,113,1,108,108,False,False,
1137,113,2,108,108,True,False,
1138,113,1,123,123,True,False,
1139,113,1,86,86,True,False,
1140,114,1,152,152,True,False,
1141,114,1,69,69,True,False,
1142,114,1,51,51,False,False,
1142,114,2,51,51,True,False,
1143,114,1,74,74,True,False,
1144,114,1,6,6,False,False,
1144,114,2,1,1,False,False,
1144,114,3,1,1,False,False,
1144,114,4,1,1,False,False,
1144,114,5,1,1,False,False,
1144,114,6,1,1,False,False,
1144,114,7,1,1,True,False,
1145,114,1,73,73,True,False,72
1146,114,1,53,53,False,False,
1146,114,2,53,53,False,False,
1146,114,3,53,53,False,False,
1146,114,4,53,53,False,False,
1146,114,5,53,53,False,False,
1146,114,6,53,53,True,False,
1147,114,1,4,4,True,False,
1148,114,1,48,48,True,False,
1149,114,1,32,32,True,False,
1150,115,1,25,25,False,False,
1150,115,2,30,30,False,False,
1150,115,3,14,14,True,False,
1151,115,1,143,143,True,False,
1152,115,1,42,42,False,False,
1152,115,2,42,42,False,False,
1152,115,3,28,34,True,True,34
1153,115,1,39,39,True,False,
1154,115,1,29,29,False,False,
1154,115,2,23,23,True,False,
1155,115,1,40,40,False,False,39
1155,115,2,39,39,False,False,
1155,115,3,32,40,True,True,40
1156,115,1,111,66,True,True,59 66 104
1157,115,1,75,67,True,True,67 68
1158,115,1,67,67,False,False,
1158,115,2,61,61,True,False,
1159,115,1,45,45,True,False,
1160,116,1,16,16,True,False,
1161,116,1,20,20,False,False,
1161,116,2,20,20,False,False,
1161,116,3,20,20,False,False,
1161,116,4,20,20,True,False,
1162,116,1,103,103,False,False,
1162,116,2,121,121,True,False,
1163,116,1,127,127,False,False,
1163,116,2,97,97,True,False,
1164,116,1,32,41,True,True,73 41
1165,116,1,48,48,False,False,
1165,116,2,48,48,False,False,
1165,116,3,48,48,True,False,
1166,116,1,92,92,True,False,
1167,116,1,68,87,True,True,87 75
1168,116,1,85,85,True,False,
1169,116,1,94,94,False,False,
1169,116,2,94,94,True,False,
1170,117,1,89,89,True,False,
1171,117,1,98,98,False,False,
1171,117,2,98,98,False,False,
1171,117,3,98,98,False,False,
1171,117,4,98,98,True,False,
1172,117,1,38,38,False,False,
1172,117,2,38,38,True,False,
1173,117,1,27,27,True,False,
1174,117,1,97,97,False,False,
1174,117,2,97,97,False,False,
1174,117,3,110,110,False,False,
1174,117,4,97,97,True,False,
1175,117,1,78,82,True,True,98 82
1176,117,1,82,82,True,False,
1177,117,1,148,148,False,False,
1177,117,2,154,154,False,False,
1177,117,3,148,148,False,False,
1177,117,4,154,154,False,False,
1177,117,5,154,154,True,False,
1178,117,1,96,96,False,False,
1178,117,2,89,89,False,False,
1178,117,3,96,96,False,False,
1178,117,4,96,96,False,False,
1178,117,5,96,96,False,False,
1178,117,6,96,96,False,False,
1178,117,7,96,96,False,False,
1178,117,8,90,90,True,False,
1179,117,1,105,105,True,False,104
1180,118,1,118,118,True,False,
1181,118,1,122,122,False,False,
1181,118,2,122,122,False,False,
1181,118,3,122,122,False,False,
1181,118,4,133,129,True,True,129
1182,118,1,7,7,False,False,15
1182,118,2,15,15,False,False,
1182,118,3,7,7,False,False,
1182,118,4,15,15,True,False,
1183,118,1,41,41,True,False,
1184,118,1,151,151,True,False,
1185,118,1,78,82,True,True,82
1186,118,1,147,147,True,False,
1187,118,1,72,72,True,False,
1188,118,1,11,11,True,False,
1189,118,1,73,73,False,False,
1189,118,2,72,72,False,False,
1189,118,3,72,72,True,False,
1190,119,1,35,43,True,True,43
1191,119,1,77,77,True,False,
1192,119,1,25,25,True,False,
1193,119,1,44,44,True,False,
1194,119,1,18,18,False,False,
1194,119,2,12,12,True,False,
1195,119,1,66,66,False,False,
1195,119,2,73,73,True,False,
1196,119,1,23,23,True,False,
1197,119,1,69,69,True,False,
1198,119,1,119,119,False,False,
1198,119,2,119,119,True,False,
1199,119,1,94,94,False,False,
1199,119,2,94,94,False,False,
1199,119,3,94,94,False,False,
1199,119,4,88,88,True,False,
1200,120,1,44,44,True,False,
1201,120,1,40,39,True,True,39
1202,120,1,63,63,True,False,
1203,120,1,45,50,True,True,50
1204,120,1,101,101,False,False,
1204,120,2,126,117,True,True,117
1205,120,1,10,29,True,True,29 24 13
1206,120,1,7,7,False,False,
1206,120,2,7,7,True,False,
1207,120,1,115,115,True,False,
1208,120,1,103,103,False,False,
1208,120,2,103,103,False,False,
1208,120,3,86,86,True,False,97
1209,120,1,60,60,True,False,
1210,121,1,144,144,True,False,
1211,121,1,76,76,True,False,
1212,121,1,145,145,False,False,
1212,121,2,153,153,True,False,
1213,121,1,150,150,False,False,
1213,121,2,153,153,True,False,
1214,121,1,55,55,True,False,
1215,121,1,134,134,True,False,
1216,121,1,98,98,False,False,
1216,121,2,86,86,True,False,
1217,121,1,139,139,False,False,
1217,121,2,122,122,True,False,129
1218,121,1,139,139,False,False,
1218,121,2,133,133,True,False,
1219,121,1,31,39,True,True,39
1220,122,1,140,140,False,False,
1220,122,2,149,149,False,False,
1220,122,3,149,149,False,False,
1220,122,4,137,140,True,True,140
1221,122,1,83,137,True,True,137 113 94 88
1222,122,1,154,154,True,False,
1223,122,1,80,80,True,False,
1224,122,1,40,40,True,False,66
1225,122,1,69,67,True,True,67 68
1226,122,1,91,91,True,False,79
1227,122,1,119,105,True,True,105 111 121 120
1228,122,1,76,76,True,False,
1229,122,1,88,88,False,False,87
1229,122,2,88,88,True,False,
1230,123,1,61,61,True,False,
1231,123,1,140,140,True,False,
1232,123,1,138,138,False,False,
1232,123,2,150,150,False,False,
1232,123,3,150,150,True,False,
1233,123,1,125,125,False,False,
1233,123,2,87,87,False,False,93 88
1233,123,3,83,83,False,False,
1233,123,4,80,80,True,False,
1234,123,1,71,74,True,True,74
1235,123,1,3,3,False,False,
1235,123,2,3,3,True,False,
1236,123,1,45,45,False,False,33 42
1236,123,2,15,15,False,False,42
1236,123,3,34,34,False,False,
1236,123,4,15,15,False,False,
1236,123,5,34,34,True,False,
1237,123,1,64,64,True,False,57
1238,123,1,142,142,False,False,
1238,123,2,145,145,False,False,
1238,123,3,142,142,False,False,
1238,123,4,145,145,True,False,
1239,123,1,62,62,False,False,
1239,123,2,66,66,False,False,
1239,123,3,59,59,False,False,
1239,123,4,71,72,True,True,72
1240,124,1,72,72,True,False,
1241,124,1,120,120,False,False,86
1241,124,2,120,120,True,False,
1242,124,1,46,46,False,False,
1242,124,2,61,61,True,False,55
1243,124,1,56,56,True,False,
1244,124,1,78,78,True,False,
1245,124,1,145,145,True,False,
1246,124,1,102,108,True,True,108
1247,124,1,57,57,True,False,
1248,124,1,77,77,True,False,
1249,124,1,147,147,False,False,
1249,124,2,147,147,True,False,
1250,125,1,107,107,True,False,
1251,125,1,120,120,False,False,
1251,125,2,120,120,True,False,
1252,125,1,146,146,False,False,
1252,125,2,146,146,True,False,
1253,125,1,71,71,False,False,
1253,125,2,70,70,True,False,
1254,125,1,122,122,False,False,
1254,125,2,122,122,False,False,
1254,125,3,121,121,False,False,
1254,125,4,111,111,False,False,
1254,125,5,111,111,False,False,
1254,125,6,111,111,False,False,
1254,125,7,129,129,False,False,122
1254,125,8,122,122,False,False,
1254,125,9,122,122,False,False,
1254,125,10,123,123,True,False,
1255,125,1,51,51,True,False,
1256,125,1,90,90,False,False,
1256,125,2,90,90,True,False,
1257,125,1,151,118,True,True,118
1258,125,1,131,131,True,False,
1259,125,1,67,67,True,False,
1260,126,1,39,39,True,False,
1261,126,1,30,30,False,False,
1261,126,2,44,44,True,False,
1262,126,1,81,81,True,False,
1263,126,1,119,121,True,True,121 120
1264,126,1,96,96,False,False,
1264,126,2,89,89,False,False,
1264,126,3,89,89,False,False,
1264,126,4,89,89,False,False,
1264,126,5,89,89,True,False,
1265,126,1,16,16,True,False,
1266,126,1,17,17,False,False,
1266,126,2,17,17,False,False,
1266,126,3,17,17,True,False,
1267,126,1,32,32,True,False,
1268,126,1,45,45,False,False,
1268,126,2,69,51,True,True,51 60
1269,126,1,101,103,True,True,103 102
1270,127,1,14,14,False,False,
1270,127,2,14,14,False,False,
1270,127,3,6,10,True,True,13 10
1271,127,1,70,70,True,False,56
1272,127,1,108,89,True,True,89 90
1273,127,1,8,16,True,True,16
1274,127,1,66,66,True,False,
1275,127,1,122,111,True,True,111
1276,127,1,56,56,True,False,
1277,127,1,96,96,True,False,
1278,127,1,121,120,True,True,120
1279,127,1,69,69,True,False,
1280,128,1,62,74,True,True,74 71 70
1281,128,1,6,10,True,True,13 10
1282,128,1,138,138,True,False,
1283,128,1,146,146,True,False,
1284,128,1,46,55,True,True,55
1285,128,1,152,152,True,False,
1286,128,1,26,26,True,False,
1287,128,1,83,78,True,True,78 79
1288,128,1,22,53,True,True,53
1289,128,1,77,77,True,False,
1290,129,1,73,73,False,False,
1290,129,2,73,73,True,False,
1291,129,1,116,116,False,False,90 96
1291,129,2,116,116,False,False,
1291,129,3,116,116,False,False,
1291,129,4,116,116,True,False,
1292,129,1,114,114,False,False,
1292,129,2,114,114,False,False,
1292,129,3,114,114,True,False,
1293,129,1,6,6,True,False,
1294,129,1,33,33,True,False,
1295,129,1,154,134,True,True,134
1296,129,1,127,127,False,False,
1296,129,2,109,109,False,False,
1296,129,3,109,109,False,False,
1296,129,4,109,109,False,False,
1296,129,5,127,127,True,False,
1297,129,1,37,37,False,False,
1297,129,2,23,23,False,False,
1297,129,3,23,23,True,False,
1298,129,1,43,43,True,False,
1299,129,1,108,108,False,False,109
1299,129,2,110,110,True,False,109
1300,130,1,86,86,False,False,
1300,130,2,139,139,False,False,
1300,130,3,121,128,True,True,128
1301,130,1,127,127,False,False,
1301,130,2,127,127,False,False,
1301,130,3,127,127,False,False,
1301,130,4,86,86,False,False,
1301,130,5,86,86,True,False,
1302,130,1,99,100,True,True,100
1303,130,1,130,130,False,False,
1303,130,2,130,130,False,False,
1303,130,3,61,61,False,False,81
1303,130,4,88,81,True,True,81 84
1304,130,1,113,113,False,False,
1304,130,2,113,113,True,False,
1305,130,1,34,34,False,False,53 43
1305,130,2,47,47,False,False,
1305,130,3,88,81,True,True,81 84
1306,130,1,125,125,True,False,
1307,130,1,48,48,False,False,
1307,130,2,60,60,True,False,
1308,130,1,107,107,False,False,
1308,130,2,150,145,True,True,145
1309,130,1,26,26,True,False,
1310,131,1,41,41,True,False,
1311,131,1,91,91,False,False,
1311,131,2,61,61,True,False,
1312,131,1,143,143,False,False,
1312,131,2,151,151,True,False,
1313,131,1,31,31,True,False,
1314,131,1,59,59,True,False,
1315,131,1,85,77,True,True,77
1316,131,1,3,3,False,False,
1316,131,2,7,7,True,False,
1317,131,1,110,103,True,True,97 103
1318,131,1,154,154,False,False,
1318,131,2,146,147,True,True,147
1319,131,1,115,115,True,False,116
1320,132,1,149,149,False,False,
1320,132,2,141,141,False,False,140
1320,132,3,141,141,True,False,
1321,132,1,103,103,False,False,
1321,132,2,103,103,False,False,
1321,132,3,103,103,False,False,
1321,132,4,86,86,True,False,
1322,132,1,67,67,True,False,
1323,132,1,72,73,True,True,73
1324,132,1,138,132,True,True,117 132
1325,132,1,144,144,True,False,
1326,132,1,116,118,True,True,118 117
1327,132,1,151,151,True,False,
1328,132,1,25,44,True,True,44
1329,132,1,144,144,True,False,
1330,133,1,89,89,True,False,
1331,133,1,116,116,False,False,
1331,133,2,116,116,False,False,
1331,133,3,126,126,False,False,
1331,133,4,116,116,True,False,
1332,133,1,65,65,True,False,
1333,133,1,68,68,False,False,
1333,133,2,68,68,True,False,
1334,133,1,115,115,True,False,
1335,133,1,95,95,True,False,
1336,133,1,60,68,True,True,68
1337,133,1,71,71,False,False,
1337,133,2,71,71,False,False,
1337,133,3,71,71,False,False,
1337,133,4,71,71,False,False,
1337,133,5,71,71,True,False,
1338,133,1,147,139,True,True,139
1339,133,1,50,50,False,False,
1339,133,2,50,50,True,False,
1340,134,1,115,115,False,False,
1340,134,2,107,107,False,False,
1340,134,3,107,107,False,False,
1340,134,4,117,117,False,False,
1340,134,5,107,107,False,False,
1340,134,6,99,99,True,False,
1341,134,1,101,101,False,False,
1341,134,2,76,76,False,False,
1341,134,3,76,76,False,False,
1341,134,4,76,76,False,False,
1341,134,5,76,76,True,False,
1342,134,1,32,32,False,False,40
1342,134,2,32,32,False,False,
1342,134,3,32,32,True,False,
1343,134,1,148,134,True,True,134
1344,134,1,41,41,False,False,
1344,134,2,39,39,False,False,
1344,134,3,39,39,False,False,
1344,134,4,39,39,True,False,
1345,134,1,108,108,True,False,102
1346,134,1,143,143,False,False,
1346,134,2,146,146,False,False,
1346,134,3,146,146,True,False,
1347,134,1,76,76,True,False,
1348,134,1,3,3,False,False,
1348,134,2,3,3,True,False,
1349,134,1,49,49,False,False,
1349,134,2,54,54,True,False,
1350,135,1,39,39,True,False,
1351,135,1,32,32,True,False,
1352,135,1,32,32,False,False,
1352,135,2,32,32,True,False,
1353,135,1,59,59,True,False,
1354,135,1,50,50,True,False,
1355,135,1,111,111,True,False,
1356,135,1,111,111,False,False,
1356,135,2,111,111,False,False,
1356,135,3,111,111,True,False,
1357,135,1,73,73,True,False,
1358,135,1,120,120,False,False,
1358,135,2,143,143,False,False,
1358,135,3,143,143,True,False,
1359,135,1,102,102,False,False,109
1359,135,2,102,102,True,False,
1360,136,1,69,69,True,False,
1361,136,1,146,147,True,True,147
1362,136,1,44,44,True,False,
1363,136,1,80,80,True,False,
1364,136,1,41,41,False,False,
1364,136,2,33,33,True,False,
1365,136,1,37,37,False,False,
1365,136,2,49,49,False,False,
1365,136,3,49,49,False,False,
1365,136,4,54,54,True,False,
1366,136,1,29,29,True,False,
1367,136,1,62,62,True,False,
1368,136,1,42,42,False,False,
1368,136,2,42,42,False,False,
1368,136,3,41,41,False,False,
1368,136,4,59,59,True,False,
1369,136,1,75,75,True,False,
1370,137,1,29,29,True,False,
1371,137,1,139,139,False,False,
1371,137,2,139,139,True,False,
1372,137,1,131,131,True,False,
1373,137,1,46,46,True,False,
1374,137,1,64,64,False,False,57
1374,137,2,64,64,False,False,
1374,137,3,64,64,False,False,
1374,137,4,64,64,True,False,
1375,137,1,22,22,True,False,28
1376,137,1,132,132,True,False,
1377,137,1,80,80,True,False,
1378,137,1,133,133,False,False,
1378,137,2,120,120,True,False,
1379,137,1,102,109,True,True,109
1380,138,1,121,121,True,False,
1381,138,1,97,97,False,False,
1381,138,2,97,97,False,False,
1381,138,3,97,97,False,False,
1381,138,4,97,97,False,False,
1381,138,5,97,97,True,False,
1382,138,1,59,59,False,False,
1382,138,2,59,59,True,False,
1383,138,1,45,45,True,False,
1384,138,1,111,104,True,True,104
1385,138,1,150,150,False,False,
1385,138,2,153,153,False,False,
1385,138,3,142,142,False,False,
1385,138,4,150,150,False,False,
1385,138,5,150,150,False,False,
1385,138,6,150,150,True,False,
1386,138,1,77,77,True,False,
1387,138,1,33,33,True,False,
1388,138,1,15,15,True,False,
1389,138,1,6,6,False,False,
1389,138,2,1,1,False,False,
1389,138,3,6,6,True,False,
1390,139,1,141,141,False,False,
1390,139,2,141,141,False,False,
1390,139,3,137,137,False,False,
1390,139,4,137,137,True,False,
1391,139,1,14,14,False,False,
1391,139,2,14,14,True,False,
1392,139,1,1,1,False,False,
1392,139,2,1,1,False,False,
1392,139,3,1,1,True,False,
1393,139,1,121,121,True,False,
1394,139,1,59,59,True,False,
1395,139,1,143,143,False,False,
1395,139,2,127,127,False,False,
1395,139,3,127,127,False,False,
1395,139,4,152,143,True,True,143
1396,139,1,136,136,True,False,
1397,139,1,95,95,False,False,
1397,139,2,88,88,False,False,
1397,139,3,84,84,False,False,
1397,139,4,88,88,False,False,
1397,139,5,88,88,True,False,
1398,139,1,48,48,True,False,
1399,139,1,85,85,True,False,
1400,140,1,143,143,True,False,
1401,140,1,27,27,True,False,
1402,140,1,56,56,False,False,
1402,140,2,49,49,False,False,
1402,140,3,49,49,False,False,
1402,140,4,49,49,False,False,
1402,140,5,49,49,False,False,
1402,140,6,38,38,True,False,
1403,140,1,133,133,True,False,
1404,140,1,45,45,False,False,
1404,140,2,50,50,True,False,
1405,140,1,109,109,False,False,110
1405,140,2,109,109,False,False,
1405,140,3,109,109,True,False,
1406,140,1,134,134,False,False,
1406,140,2,134,134,False,False,
1406,140,3,104,105,True,True,133 105
1407,140,1,36,36,False,False,
1407,140,2,18,18,False,False,
1407,140,3,22,22,False,False,
1407,140,4,22,22,False,False,
1407,140,5,22,22,True,False,
1408,140,1,77,77,False,False,
1408,140,2,79,78,True,True,78
1409,140,1,40,40,True,False,
1410,141,1,152,152,True,False,
1411,141,1,44,44,True,False,
1412,141,1,70,70,True,False,
1413,141,1,16,16,False,False,
1413,141,2,16,16,True,False,
1414,141,1,84,84,False,False,
1414,141,2,84,84,False,False,
1414,141,3,79,81,True,True,81 80
1415,141,1,145,145,True,False,
1416,141,1,147,146,True,True,146
1417,141,1,1,1,False,False,
1417,141,2,1,1,False,False,
1417,141,3,1,1,False,False,
1417,141,4,1,1,True,False,
1418,141,1,66,66,False,False,
1418,141,2,66,66,False,False,
1418,141,3,73,73,False,False,
1418,141,4,73,73,False,False,
1418,141,5,73,73,True,False,
1419,141,1,69,68,True,True,68
1420,142,1,130,130,True,False,114
1421,142,1,44,44,True,False,
1422,142,1,133,133,True,False,
1423,142,1,40,40,True,False,
1424,142,1,60,60,False,False,
1424,142,2,61,61,True,False,
1425,142,1,10,10,True,False,
1426,142,1,78,78,False,False,66
1426,142,2,78,78,True,False,
1427,142,1,73,73,True,False,
1428,142,1,145,145,False,False,
1428,142,2,138,138,True,False,
1429,142,1,135,135,False,False,
1429,142,2,135,135,False,False,
1429,142,3,123,123,True,False,
1430,143,1,152,152,False,False,
1430,143,2,152,152,True,False,
1431,143,1,89,89,True,False,96
1432,143,1,75,75,True,False,
1433,143,1,126,126,False,False,
1433,143,2,126,126,False,False,
1433,143,3,126,126,True,False,
1434,143,1,72,76,True,True,76 74
1435,143,1,25,25,False,False,
1435,143,2,31,26,True,True,26
1436,143,1,44,44,True,False,
1437,143,1,121,121,False,False,
1437,143,2,147,147,True,False,
1438,143,1,59,59,True,False,
1439,143,1,24,24,False,False,
1439,143,2,13,13,True,False,
1440,144,1,140,140,True,False,
1441,144,1,102,102,False,False,
1441,144,2,102,102,True,False,
1442,144,1,97,97,False,False,
1442,144,2,86,86,True,False,
1443,144,1,83,83,False,False,
1443,144,2,114,87,True,True,87 88 93 94
1444,144,1,56,56,False,False,
1444,144,2,23,23,True,False,49
1445,144,1,119,119,False,False,
1445,144,2,119,119,False,False,
1445,144,3,103,103,True,False,
1446,144,1,52,52,True,False,
1447,144,1,34,34,True,False,
1448,144,1,118,118,False,False,
1448,144,2,108,108,False,False,
1448,144,3,108,108,True,False,
1449,144,1,1,1,False,False,
1449,144,2,2,2,True,False,
1450,145,1,146,146,True,False,
1451,145,1,33,33,False,False,
1451,145,2,33,33,False,False,
1451,145,3,32,32,False,False,
1451,145,4,27,27,False,False,33
1451,145,5,27,27,True,False,
1452,145,1,14,14,True,False,
1453,145,1,0,0,True,False,
1454,145,1,154,154,False,False,
1454,145,2,148,148,True,False,
1455,145,1,77,77,True,False,
1456,145,1,69,69,True,False,
1457,145,1,69,69,True,False,
1458,145,1,49,68,True,True,68
1459,145,1,89,89,False,False,
1459,145,2,77,90,True,True,90
1460,146,1,24,24,False,False,38
1460,146,2,24,24,True,False,
1461,146,1,6,10,True,True,13 10
1462,146,1,111,111,False,False,
1462,146,2,133,122,True,True,122 129
1463,146,1,86,86,False,False,
1463,146,2,86,86,False,False,
1463,146,3,97,97,False,False,
1463,146,4,97,97,True,False,
1464,146,1,77,77,True,False,
1465,146,1,67,67,True,False,66
1466,146,1,38,38,True,False,
1467,146,1,2,11,True,True,11
1468,146,1,6,6,False,False,
1468,146,2,10,10,True,False,
1469,146,1,72,72,False,False,
1469,146,2,58,58,True,False,
1470,147,1,59,59,True,False,
1471,147,1,100,100,False,False,
1471,147,2,132,132,True,False,
1472,147,1,110,109,True,True,109
1473,147,1,33,33,False,False,
1473,147,2,33,33,False,False,
1473,147,3,33,33,False,False,
1473,147,4,46,34,True,True,34
1474,147,1,45,45,False,False,
1474,147,2,45,45,True,False,
1475,147,1,76,76,True,False,
1476,147,1,59,59,False,False,
1476,147,2,33,33,False,False,
1476,147,3,59,59,True,False,
1477,147,1,20,39,True,True,39 31 26
1478,147,1,150,126,True,True,126
1479,147,1,143,143,False,False,
1479,147,2,119,119,True,False,
1480,148,1,91,103,True,True,110 103 98
1481,148,1,17,28,True,True,28 21
1482,148,1,59,59,False,False,
1482,148,2,59,59,False,False,
1482,148,3,59,59,True,False,
1483,148,1,97,97,False,False,86
1483,148,2,85,85,True,False,
1484,148,1,113,113,False,False,
1484,148,2,130,130,True,False,114
1485,148,1,5,5,False,False,
1485,148,2,5,5,True,False,
1486,148,1,80,80,False,False,
1486,148,2,80,80,True,False,
1487,148,1,51,67,True,True,67
1488,148,1,115,115,True,False,
1489,148,1,73,77,True,True,77 72
1490,149,1,110,109,True,True,109
1491,149,1,73,73,False,False,
1491,149,2,73,73,True,False,
1492,149,1,32,41,True,True,41
1493,149,1,152,152,False,False,
1493,149,2,139,139,False,False,
1493,149,3,146,146,False,False,
1493,149,4,151,151,True,False,
1494,149,1,74,74,False,False,
1494,149,2,63,63,True,False,71 64
1495,149,1,83,83,True,False,80
1496,149,1,105,105,True,False,
1497,149,1,85,85,True,False,
1498,149,1,55,55,False,False,
1498,149,2,55,55,True,False,
1499,149,1,2,2,False,False,
1499,149,2,11,11,False,False,
1499,149,3,2,2,True,False,
1500,150,1,81,81,False,False,
1500,150,2,84,84,False,False,
1500,150,3,92,87,True,True,83 87
1501,150,1,151,151,True,False,
1502,150,1,8,8,True,False,
1503,150,1,63,63,True,False,
1504,150,1,70,70,True,False,
1505,150,1,109,109,True,False,
1506,150,1,8,8,False,False,
1506,150,2,16,16,False,False,
1506,150,3,8,8,True,False,
1507,150,1,123,123,True,False,
1508,150,1,58,58,True,False,
1509,150,1,56,56,False,False,
1509,150,2,56,56,False,False,
1509,150,3,70,62,True,True,62
1510,151,1,80,80,False,False,
1510,151,2,87,87,True,False,
1511,151,1,141,141,False,False,
1511,151,2,140,140,False,False,
1511,151,3,149,149,True,False,
1512,151,1,38,38,True,False,
1513,151,1,126,126,True,False,
1514,151,1,126,126,False,False,
1514,151,2,100,100,False,False,
1514,151,3,108,108,False,False,
1514,151,4,108,108,False,False,
1514,151,5,118,118,True,False,
1515,151,1,7,7,False,False,
1515,151,2,3,3,True,False,
1516,151,1,61,61,True,False,
1517,151,1,71,71,False,False,
1517,151,2,74,74,True,False,
1518,151,1,36,36,True,False,
1519,151,1,67,52,True,True,52
1520,152,1,25,25,True,False,
1521,152,1,8,8,False,False,
1521,152,2,28,28,True,False,17 21
1522,152,1,104,104,True,False,
1523,152,1,114,105,True,True,105 112 113
1524,152,1,83,83,False,False,
1524,152,2,83,83,False,False,
1524,152,3,78,78,False,False,
1524,152,4,75,75,False,False,
1524,152,5,68,68,True,False,
1525,152,1,36,36,False,False,
1525,152,2,35,35,False,False,
1525,152,3,35,35,False,False,
1525,152,4,22,22,False,False,
1525,152,5,22,22,True,False,
1526,152,1,91,87,True,True,87
1527,152,1,106,91,True,True,91
1528,152,1,4,4,False,False,
1528,152,2,7,7,True,False,
1529,152,1,87,87,True,False,
1530,153,1,31,31,True,False,
1531,153,1,73,72,True,True,72
1532,153,1,11,11,False,False,
1532,153,2,11,11,False,False,
1532,153,3,1,1,True,False,
1533,153,1,22,22,False,False,
1533,153,2,28,28,False,False,
1533,153,3,12,22,True,True,22
1534,153,1,81,61,True,True,53 61
1535,153,1,42,42,False,False,60 51
1535,153,2,46,46,True,False,
1536,153,1,107,107,False,False,
1536,153,2,107,107,True,False,
1537,153,1,73,73,True,False,
1538,153,1,133,104,True,True,104 111 122 129
1539,153,1,24,24,False,False,
1539,153,2,24,24,False,False,
1539,153,3,10,13,True,True,13
1540,154,1,78,78,True,False,79
1541,154,1,121,82,True,True,82
1542,154,1,33,33,False,False,
1542,154,2,33,33,True,False,
1543,154,1,126,126,False,False,
1543,154,2,126,126,False,False,
1543,154,3,126,126,True,False,
1544,154,1,109,118,True,True,118
1545,154,1,153,153,True,False,
1546,154,1,57,57,False,False,
1546,154,2,57,57,True,False,
1547,154,1,16,16,True,False,
1548,154,1,41,32,True,True,32
1549,154,1,114,114,True,False,
1550,155,1,38,38,False,False,44
1550,155,2,38,38,True,False,
1551,155,1,106,106,False,False,
1551,155,2,105,105,True,False,
1552,155,1,30,30,True,False,
1553,155,1,56,38,True,True,38
1554,155,1,9,9,False,False,
1554,155,2,9,9,False,False,
1554,155,3,9,9,True,False,
1555,155,1,32,32,False,False,
1555,155,2,32,32,False,False,
1555,155,3,41,41,True,False,
1556,155,1,66,66,False,False,
1556,155,2,66,66,False,False,
1556,155,3,66,66,False,False,
1556,155,4,82,82,True,False,78
1557,155,1,95,92,True,True,87 92 93 94
1558,155,1,23,23,True,False,
1559,155,1,66,66,False,False,59
1559,155,2,73,73,False,False,
1559,155,3,59,59,True,False,
1560,156,1,8,8,True,False,
1561,156,1,119,119,True,False,
1562,156,1,94,94,False,False,
1562,156,2,95,95,True,False,
1563,156,1,11,11,False,False,
1563,156,2,11,11,True,False,
1564,156,1,56,56,True,False,
1565,156,1,72,72,False,False,
1565,156,2,77,77,False,False,
1565,156,3,77,77,True,False,
1566,156,1,56,62,True,True,70 62
1567,156,1,39,63,True,True,63
1568,156,1,133,129,True,True,129
1569,156,1,33,45,True,True,45 42
1570,157,1,64,64,True,False,
1571,157,1,11,11,True,False,
1572,157,1,59,59,True,False,
1573,157,1,64,64,True,False,
1574,157,1,43,43,False,False,
1574,157,2,28,28,True,False,
1575,157,1,59,59,True,False,
1576,157,1,123,123,True,False,
1577,157,1,141,135,True,True,135 136 140
1578,157,1,50,66,True,True,66
1579,157,1,107,107,False,False,
1579,157,2,107,107,False,False,
1579,157,3,107,107,False,False,
1579,157,4,107,107,True,False,
1580,158,1,54,54,False,False,
1580,158,2,62,62,True,False,56
1581,158,1,107,107,False,False,
1581,158,2,96,96,False,False,
1581,158,3,107,107,False,False,
1581,158,4,96,96,False,False,
1581,158,5,99,99,False,False,
1581,158,6,99,99,False,False,
1581,158,7,107,107,True,False,
1582,158,1,69,69,True,False,
1583,158,1,98,98,False,False,
1583,158,2,98,98,False,False,
1583,158,3,104,104,False,False,
1583,158,4,122,111,True,True,111
1584,158,1,3,3,False,False,
1584,158,2,11,11,True,False,
1585,158,1,83,83,False,False,
1585,158,2,83,83,False,False,
1585,158,3,84,84,True,False,
1586,158,1,40,40,True,False,
1587,158,1,112,112,True,False,
1588,158,1,11,11,True,False,
1589,158,1,43,34,True,True,34
1590,159,1,54,54,True,False,
1591,159,1,153,153,False,False,145
1591,159,2,119,119,True,False,
1592,159,1,60,60,True,False,
1593,159,1,4,4,False,False,
1593,159,2,4,4,True,False,
1594,159,1,22,22,True,False,
1595,159,1,48,36,True,True,36
1596,159,1,33,33,True,False,
1597,159,1,58,58,True,False,
1598,159,1,68,68,True,False,59 66 67
1599,159,1,48,48,True,False,61
1600,160,1,113,113,True,False,
1601,160,1,94,94,True,False,
1602,160,1,95,95,True,False,
1603,160,1,3,3,True,False,7
1604,160,1,67,67,True,False,
1605,160,1,96,96,False,False,90
1605,160,2,96,96,False,False,
1605,160,3,96,96,False,False,
1605,160,4,100,100,False,False,
1605,160,5,108,108,False,False,
1605,160,6,108,108,False,False,
1605,160,7,108,108,False,False,
1605,160,8,108,108,False,False,
1605,160,9,108,108,False,False,
1605,160,10,117,117,True,False,
1606,160,1,151,151,True,False,
1607,160,1,77,77,False,False,
1607,160,2,77,77,False,False,
1607,160,3,77,77,False,False,
1607,160,4,77,77,False,False,
1607,160,5,77,77,True,False,
1608,160,1,128,128,False,False,
1608,160,2,128,128,False,False,
1608,160,3,128,128,False,False,
1608,160,4,128,128,False,False,
1608,160,5,143,143,True,False,
1609,160,1,147,147,False,False,
1609,160,2,147,147,False,False,
1609,160,3,147,147,True,False,
1610,161,1,129,129,True,False,
1611,161,1,60,60,True,False,
1612,161,1,32,32,True,False,
1613,161,1,85,85,True,False,
1614,161,1,151,151,False,False,
1614,161,2,102,102,False,False,
1614,161,3,145,118,True,True,118 132
1615,161,1,59,59,True,False,
1616,161,1,2,2,True,False,
1617,161,1,8,8,True,False,
1618,161,1,77,77,False,False,
1618,161,2,73,72,True,True,72
1619,161,1,60,60,False,False,66
1619,161,2,60,60,False,False,
1619,161,3,60,60,False,False,
1619,161,4,60,60,True,False,
1620,162,1,40,41,True,True,41
1621,162,1,85,85,True,False,
1622,162,1,16,16,False,False,
1622,162,2,5,5,True,False,
1623,162,1,14,14,False,False,
1623,162,2,14,14,True,False,
1624,162,1,6,6,False,False,
1624,162,2,2,2,True,False,
1625,162,1,56,56,False,False,
1625,162,2,62,62,True,False,
1626,162,1,4,4,True,False,7
1627,162,1,64,64,False,False,
1627,162,2,74,74,True,False,71
1628,162,1,60,60,True,False,
1629,162,1,76,76,True,False,
1630,163,1,27,41,True,True,41 32
1631,163,1,47,47,False,False,
1631,163,2,47,47,False,False,
1631,163,3,47,47,True,False,
1632,163,1,138,138,True,False,
1633,163,1,59,59,True,False,
1634,163,1,78,78,False,False,
1634,163,2,67,67,True,False,
1635,163,1,70,70,True,False,
1636,163,1,107,107,False,False,
1636,163,2,89,89,True,False,
1637,163,1,114,114,False,False,
1637,163,2,114,114,False,False,
1637,163,3,114,114,True,False,
1638,163,1,130,130,True,False,
1639,163,1,3,3,True,False,
1640,164,1,71,71,True,False,
1641,164,1,66,66,True,False,
1642,164,1,70,70,False,False,
1642,164,2,70,70,True,False,
1643,164,1,151,151,False,False,108
1643,164,2,151,151,True,False,
1644,164,1,110,110,False,False,127
1644,164,2,110,110,True,False,
1645,164,1,36,36,True,False,
1646,164,1,94,94,True,False,
1647,164,1,16,16,True,False,
1648,164,1,149,149,False,False,144
1648,164,2,149,149,False,False,
1648,164,3,144,144,True,False,
1649,164,1,94,94,True,False,
1650,165,1,45,81,True,True,81
1651,165,1,74,74,True,False,
1652,165,1,139,139,True,False,
1653,165,1,72,72,False,False,
1653,165,2,71,71,True,False,
1654,165,1,60,60,False,False,
1654,165,2,60,60,False,False,
1654,165,3,60,60,True,False,
1655,165,1,130,92,True,True,79 87 92 93
1656,165,1,136,124,True,True,124
1657,165,1,109,109,False,False,
1657,165,2,85,85,True,False,
1658,165,1,29,38,True,True,38
1659,165,1,37,37,True,False,
1660,166,1,102,102,False,False,
1660,166,2,90,101,True,True,101
1661,166,1,50,50,False,False,
1661,166,2,50,50,False,False,
1661,166,3,50,50,False,False,
1661,166,4,75,75,False,False,67 68
1661,166,5,66,66,False,False,
1661,166,6,66,66,False,False,
1661,166,7,66,66,False,False,
1661,166,8,58,58,True,False,
1662,166,1,21,21,False,False,
1662,166,2,21,21,False,False,
1662,166,3,21,21,False,False,
1662,166,4,17,17,True,False,
1663,166,1,14,14,False,False,
1663,166,2,13,13,False,False,
1663,166,3,13,13,True,False,
1664,166,1,87,87,False,False,
1664,166,2,87,87,False,False,
1664,166,3,87,87,False,False,
1664,166,4,92,92,False,False,
1664,166,5,92,92,True,False,
1665,166,1,114,114,False,False,
1665,166,2,114,114,True,False,
1666,166,1,78,78,False,False,
1666,166,2,78,78,True,False,
1667,166,1,41,41,True,False,
1668,166,1,61,61,False,False,55
1668,166,2,46,46,False,False,
1668,166,3,34,34,True,False,
1669,166,1,48,48,True,False,
1670,167,1,112,106,True,True,106
1671,167,1,116,116,False,False,
1671,167,2,116,116,False,False,
1671,167,3,138,138,True,False,
1672,167,1,73,73,True,False,
1673,167,1,8,8,True,False,
1674,167,1,36,36,True,False,22
1675,167,1,82,82,False,False,
1675,167,2,91,91,False,False,
1675,167,3,91,91,True,False,
1676,167,1,33,45,True,True,67 45
1677,167,1,106,106,False,False,
1677,167,2,123,123,True,False,
1678,167,1,31,31,False,False,
1678,167,2,31,31,True,False,
1679,167,1,143,143,False,False,
1679,167,2,143,143,True,False,
1680,168,1,137,137,True,False,
1681,168,1,25,25,True,False,
1682,168,1,146,146,True,False,
1683,168,1,92,92,False,False,
1683,168,2,67,67,True,False,87 75
1684,168,1,43,43,False,False,
1684,168,2,43,43,False,False,
1684,168,3,22,22,True,False,
1685,168,1,151,151,False,False,
1685,168,2,151,151,False,False,
1685,168,3,128,128,False,False,
1685,168,4,151,151,False,False,
1685,168,5,151,151,True,False,
1686,168,1,119,119,False,False,
1686,168,2,97,97,True,False,
1687,168,1,99,99,False,False,
1687,168,2,96,96,False,False,
1687,168,3,116,116,False,False,
1687,168,4,116,116,False,False,
1687,168,5,99,99,True,False,
1688,168,1,36,36,False,False,43
1688,168,2,36,36,True,False,
1689,168,1,37,37,False,False,
1689,168,2,37,37,True,False,
1690,169,1,81,81,True,False,
1691,169,1,16,16,True,False,
1692,169,1,142,142,False,False,
1692,169,2,145,145,False,False,
1692,169,3,142,142,False,False,
1692,169,4,142,142,False,False,
1692,169,5,145,145,True,False,
1693,169,1,96,96,True,False,
1694,169,1,53,53,True,False,
1695,169,1,97,97,True,False,
1696,169,1,122,122,False,False,111
1696,169,2,122,122,False,False,
1696,169,3,122,122,False,False,
1696,169,4,123,123,False,False,
1696,169,5,123,123,True,False,
1697,169,1,49,49,True,False,
1698,169,1,93,87,True,True,87
1699,169,1,38,38,True,False,
1700,170,1,51,44,True,True,44 50
1701,170,1,141,141,True,False,
1702,170,1,62,62,True,False,
1703,170,1,127,127,False,False,
1703,170,2,143,143,True,False,
1704,170,1,4,7,True,True,7
1705,170,1,92,92,False,False,
1705,170,2,92,92,False,False,
1705,170,3,92,92,False,False,
1705,170,4,92,92,False,False,
1705,170,5,91,91,False,False,
1705,170,6,91,91,True,False,
1706,170,1,37,37,True,False,
1707,170,1,72,72,True,False,
1708,170,1,67,67,True,False,66
1709,170,1,70,70,True,False,
1710,171,1,41,41,False,False,
1710,171,2,73,73,True,False,
1711,171,1,57,65,True,True,65
1712,171,1,111,111,False,False,
1712,171,2,146,146,True,False,
1713,171,1,72,73,True,True,73
1714,171,1,148,148,False,False,
1714,171,2,135,135,False,False,
1714,171,3,149,144,True,True,144
1715,171,1,82,82,True,False,
1716,171,1,44,44,True,False,
1717,171,1,104,104,True,False,
1718,171,1,65,65,False,False,
1718,171,2,65,65,True,False,
1719,171,1,77,77,True,False,
1720,172,1,2,2,True,False,26
1721,172,1,123,123,True,False,
1722,172,1,51,51,True,False,
1723,172,1,72,72,True,False,
1724,172,1,118,118,False,False,
1724,172,2,118,118,True,False,
1725,172,1,66,66,False,False,
1725,172,2,66,66,False,False,
1725,172,3,66,66,False,False,
1725,172,4,66,66,True,False,
1726,172,1,105,105,True,False,
1727,172,1,22,22,False,False,
1727,172,2,9,9,False,False,19
1727,172,3,9,9,False,False,
1727,172,4,9,9,False,False,
1727,172,5,9,9,True,False,
1728,172,1,56,56,True,False,
1729,172,1,14,14,False,False,
1729,172,2,14,14,True,False,
1730,173,1,4,4,False,False,
1730,173,2,7,7,True,False,
1731,173,1,39,39,True,False,
1732,173,1,98,98,False,False,
1732,173,2,98,98,False,False,
1732,173,3,120,120,False,False,
1732,173,4,119,119,False,False,
1732,173,5,119,119,True,False,
1733,173,1,20,26,True,True,26
1734,173,1,131,131,True,False,99
1735,173,1,127,127,True,False,
1736,173,1,36,43,True,True,43
1737,173,1,52,52,True,False,
1738,173,1,72,72,True,False,
1739,173,1,62,62,False,False,
1739,173,2,89,89,True,False,
1740,174,1,41,41,True,False,
1741,174,1,58,40,True,True,40
1742,174,1,81,81,True,False,
1743,174,1,128,128,False,False,
1743,174,2,120,120,True,False,
1744,174,1,78,78,True,False,
1745,174,1,42,42,True,False,
1746,174,1,7,7,False,False,
1746,174,2,7,7,False,False,
1746,174,3,4,4,True,False,
1747,174,1,76,76,False,False,
1747,174,2,76,76,True,False,
1748,174,1,69,69,True,False,68
1749,174,1,2,2,False,False,15
1749,174,2,3,3,False,False,
1749,174,3,3,3,True,False,
1750,175,1,78,82,True,True,82
1751,175,1,30,30,False,False,
1751,175,2,25,25,False,False,
1751,175,3,38,38,False,False,30
1751,175,4,38,38,True,False,
1752,175,1,66,66,False,False,
1752,175,2,66,66,True,False,
1753,175,1,82,82,True,False,
1754,175,1,50,78,True,True,78
1755,175,1,54,54,True,False,
1756,175,1,148,148,False,False,
1756,175,2,144,144,True,False,
1757,175,1,37,37,False,False,
1757,175,2,37,37,False,False,
1757,175,3,37,37,False,False,
1757,175,4,37,37,False,False,
1757,175,5,37,37,True,False,
1758,175,1,118,118,True,False,
1759,175,1,33,33,False,False,
1759,175,2,45,45,False,False,
1759,175,3,45,45,True,False,
1760,176,1,77,77,False,False,
1760,176,2,74,74,True,False,
1761,176,1,18,18,True,False,21
1762,176,1,58,58,False,False,
1762,176,2,109,109,True,False,
1763,176,1,53,53,True,False,55
1764,176,1,40,40,True,False,
1765,176,1,148,148,False,False,
1765,176,2,135,135,False,False,
1765,176,3,136,136,True,False,
1766,176,1,84,88,True,True,93 88
1767,176,1,105,105,False,False,98
1767,176,2,77,77,False,False,
1767,176,3,72,72,True,False,
1768,176,1,13,58,True,True,58 44
1769,176,1,113,113,False,False,
1769,176,2,88,88,False,False,93
1769,176,3,61,81,True,True,84 81
1770,177,1,54,54,False,False,
1770,177,2,62,62,True,False,
1771,177,1,98,98,False,False,
1771,177,2,98,98,True,False,
1772,177,1,20,20,False,False,
1772,177,2,20,20,True,False,
1773,177,1,123,123,True,False,98
1774,177,1,18,18,True,False,
1775,177,1,129,129,False,False,
1775,177,2,127,127,False,False,
1775,177,3,122,128,True,True,128 121
1776,177,1,74,74,True,False,
1777,177,1,48,48,True,False,47
1778,177,1,53,53,False,False,
1778,177,2,17,17,True,False,43
1779,177,1,32,32,True,False,
1780,178,1,73,73,True,False,
1781,178,1,8,16,True,True,16
1782,178,1,72,50,True,True,50
1783,178,1,105,105,True,False,98
1784,178,1,73,73,False,False,
1784,178,2,66,66,False,False,
1784,178,3,73,73,True,False,
1785,178,1,35,35,False,False,
1785,178,2,28,28,False,False,
1785,178,3,28,28,False,False,
1785,178,4,46,46,True,False,35
1786,178,1,143,143,True,False,
1787,178,1,7,7,False,False,
1787,178,2,7,7,False,False,
1787,178,3,7,7,False,False,
1787,178,4,3,3,False,False,
1787,178,5,7,7,False,False,
1787,178,6,7,7,False,False,
1787,178,7,7,7,True,False,
1788,178,1,146,146,True,False,
1789,178,1,114,114,False,False,
1789,178,2,125,125,False,False,
1789,178,3,125,125,False,False,
1789,178,4,114,114,False,False,
1789,178,5,114,114,False,False,
1789,178,6,114,114,True,False,
1790,179,1,86,86,False,False,
1790,179,2,86,86,True,False,
1791,179,1,31,58,True,True,58
1792,179,1,61,61,False,False,
1792,179,2,48,48,False,False,
1792,179,3,48,48,True,False,
1793,179,1,154,154,False,False,
1793,179,2,147,147,False,False,
1793,179,3,154,154,True,False,
1794,179,1,80,80,True,False,
1795,179,1,39,39,True,False,40
1796,179,1,71,71,True,False,
1797,179,1,107,70,True,True,70
1798,179,1,7,7,True,False,
1799,179,1,147,129,True,True,129
1800,180,1,77,77,True,False,
1801,180,1,115,115,True,False,
1802,180,1,82,82,True,False,
1803,180,1,113,113,False,False,91 92
1803,180,2,113,113,True,False,
1804,180,1,151,151,True,False,
1805,180,1,151,151,True,False,
1806,180,1,3,3,False,False,
1806,180,2,3,3,True,False,
1807,180,1,86,86,False,False,
1807,180,2,86,86,False,False,
1807,180,3,86,86,True,False,
1808,180,1,89,89,False,False,
1808,180,2,89,89,True,False,
1809,180,1,8,16,True,True,16
1810,181,1,102,102,True,False,97
1811,181,1,117,117,False,False,108
1811,181,2,117,117,False,False,
1811,181,3,89,90,True,True,100 90
1812,181,1,59,59,True,False,
1813,181,1,58,58,True,False,
1814,181,1,57,57,False,False,
1814,181,2,58,58,False,False,
1814,181,3,57,57,False,False,
1814,181,4,57,57,True,False,
1815,181,1,43,43,True,False,
1816,181,1,32,33,True,True,33
1817,181,1,73,73,True,False,
1818,181,1,22,22,True,False,
1819,181,1,3,15,True,True,15
1820,182,1,45,45,True,False,50
1821,182,1,4,4,False,False,
1821,182,2,5,5,True,False,
1822,182,1,110,97,True,True,97 103
1823,182,1,128,128,True,False,
1824,182,1,50,50,True,False,66
1825,182,1,44,44,False,False,
1825,182,2,44,44,False,False,
1825,182,3,40,39,True,True,39
1826,182,1,134,134,True,False,
1827,182,1,42,42,False,False,
1827,182,2,42,42,False,False,
1827,182,3,35,34,True,True,34
1828,182,1,17,17,False,False,16
1828,182,2,8,8,False,False,
1828,182,3,8,8,True,False,
1829,182,1,129,129,False,False,
1829,182,2,123,123,True,False,
1830,183,1,141,141,True,False,
1831,183,1,118,118,True,False,
1832,183,1,55,55,False,False,
1832,183,2,68,68,True,False,
1833,183,1,77,77,True,False,
1834,183,1,154,154,True,False,
1835,183,1,70,70,True,False,
1836,183,1,18,18,False,False,
1836,183,2,9,12,True,True,12
1837,183,1,154,154,False,False,
1837,183,2,133,133,False,False,
1837,183,3,133,133,False,False,
1837,183,4,147,147,True,False,
1838,183,1,115,115,True,False,
1839,183,1,14,14,False,False,
1839,183,2,14,14,False,False,
1839,183,3,14,14,False,False,
1839,183,4,70,63,True,True,63
1840,184,1,60,60,True,False,
1841,184,1,104,104,False,False,
1841,184,2,134,134,True,False,
1842,184,1,127,127,False,False,
1842,184,2,126,126,False,False,
1842,184,3,126,126,False,False,
1842,184,4,132,132,False,False,
1842,184,5,102,118,True,True,118
1843,184,1,4,4,True,False,
1844,184,1,27,27,False,False,7 15
1844,184,2,32,32,False,False,
1844,184,3,33,33,True,False,
1845,184,1,39,39,True,False,
1846,184,1,113,91,True,True,91
1847,184,1,14,14,True,False,
1848,184,1,42,42,False,False,
1848,184,2,27,27,True,False,
1849,184,1,69,69,True,False,
1850,185,1,17,21,True,True,35 28 21
1851,185,1,39,39,True,False,
1852,185,1,27,27,True,False,
1853,185,1,25,25,False,False,
1853,185,2,14,14,True,False,
1854,185,1,39,39,False,False,
1854,185,2,32,41,True,True,40 41
1855,185,1,128,128,True,False,
1856,185,1,121,121,False,False,
1856,185,2,121,121,False,False,
1856,185,3,121,121,True,False,
1857,185,1,76,76,True,False,
1858,185,1,14,14,False,False,
1858,185,2,14,14,False,False,
1858,185,3,10,10,True,False,
1859,185,1,144,144,True,False,
1860,186,1,104,104,True,False,
1861,186,1,90,90,True,False,
1862,186,1,86,86,False,False,
1862,186,2,97,97,False,False,
1862,186,3,97,97,False,False,
1862,186,4,97,97,False,False,
1862,186,5,97,97,True,False,
1863,186,1,137,137,False,False,136
1863,186,2,137,137,True,False,
1864,186,1,74,74,True,False,
1865,186,1,80,80,True,False,
1866,186,1,49,49,False,False,
1866,186,2,54,54,True,False,
1867,186,1,23,23,False,False,
1867,186,2,23,23,True,False,
1868,186,1,121,97,True,True,97 103
1869,186,1,98,98,True,False,
1870,187,1,49,49,False,False,
1870,187,2,49,49,False,False,
1870,187,3,49,49,False,False,
1870,187,4,37,37,True,False,
1871,187,1,116,116,True,False,
1872,187,1,81,81,True,False,
1873,187,1,125,125,False,False,
1873,187,2,124,124,False,False,
1873,187,3,124,124,True,False,
1874,187,1,151,151,False,False,
1874,187,2,132,132,True,False,
1875,187,1,122,122,True,False,
1876,187,1,43,43,False,False,
1876,187,2,35,35,True,False,
1877,187,1,33,33,False,False,
1877,187,2,33,33,False,False,
1877,187,3,33,33,False,False,
1877,187,4,32,32,False,False,
1877,187,5,27,27,False,False,
1877,187,6,15,15,True,False,
1878,187,1,59,59,False,False,
1878,187,2,59,59,True,False,
1879,187,1,141,141,True,False,
1880,188,1,89,96,True,True,96
1881,188,1,8,8,True,False,
1882,188,1,11,11,False,False,
1882,188,2,26,26,True,False,
1883,188,1,134,134,False,False,
1883,188,2,130,130,True,False,
1884,188,1,12,12,True,False,
1885,188,1,30,30,False,False,
1885,188,2,24,24,False,False,
1885,188,3,24,24,False,False,
1885,188,4,29,29,False,False,
1885,188,5,29,29,True,False,
1886,188,1,73,73,True,False,
1887,188,1,124,124,True,False,106 112
1888,188,1,81,81,True,False,
1889,188,1,84,84,False,False,
1889,188,2,84,84,True,False,
1890,189,1,99,99,False,False,
1890,189,2,99,99,False,False,
1890,189,3,99,99,False,False,
1890,189,4,131,131,True,False,
1891,189,1,16,16,False,False,
1891,189,2,16,16,True,False,
1892,189,1,154,154,True,False,
1893,189,1,111,111,True,False,
1894,189,1,63,74,True,True,76 74 71
1895,189,1,8,8,False,False,
1895,189,2,18,18,True,False,
1896,189,1,29,25,True,True,20 25 30
1897,189,1,65,65,True,False,57
1898,189,1,99,99,True,False,
1899,189,1,67,67,True,False,
1900,190,1,20,20,False,False,
1900,190,2,20,20,True,False,
1901,190,1,59,59,False,False,
1901,190,2,59,59,False,False,
1901,190,3,59,59,False,False,
1901,190,4,41,41,True,False,
1902,190,1,70,70,True,False,
1903,190,1,66,66,False,False,
1903,190,2,66,66,False,False,
1903,190,3,42,42,False,False,45
1903,190,4,42,42,False,False,
1903,190,5,42,42,False,False,
1903,190,6,42,42,False,False,
1903,190,7,42,42,False,False,
1903,190,8,42,42,False,False,
1903,190,9,42,42,False,False,
1903,190,10,42,42,True,False,
1904,190,1,22,22,False,False,
1904,190,2,22,22,False,False,
1904,190,3,22,22,True,False,
1905,190,1,26,26,False,False,
1905,190,2,26,26,True,False,
1906,190,1,154,154,False,False,
1906,190,2,134,134,False,False,
1906,190,3,134,134,False,False,
1906,190,4,147,147,False,False,
1906,190,5,154,154,False,False,
1906,190,6,139,139,False,False,
1906,190,7,139,139,False,False,
1906,190,8,139,139,True,False,
1907,190,1,90,90,False,False,
1907,190,2,90,90,False,False,
1907,190,3,90,90,False,False,
1907,190,4,90,90,True,False,
1908,190,1,97,97,False,False,
1908,190,2,97,97,True,False,
1909,190,1,49,49,False,False,
1909,190,2,49,49,False,False,
1909,190,3,49,49,False,False,
1909,190,4,49,49,True,False,
1910,191,1,64,64,False,False,71
1910,191,2,76,76,False,False,
1910,191,3,76,76,True,False,
1911,191,1,113,113,False,False,
1911,191,2,137,137,True,False,
1912,191,1,94,94,True,False,
1913,191,1,142,142,False,False,138
1913,191,2,142,142,False,False,
1913,191,3,116,116,False,False,
1913,191,4,116,116,False,False,
1913,191,5,116,116,False,False,
1913,191,6,116,116,False,False,
1913,191,7,107,107,True,False,
1914,191,1,16,16,True,False,
1915,191,1,34,34,False,False,
1915,191,2,34,34,False,False,
1915,191,3,34,34,False,False,
1915,191,4,28,28,True,False,
1916,191,1,37,38,True,True,38
1917,191,1,128,128,False,False,
1917,191,2,128,128,False,False,
1917,191,3,128,128,False,False,
1917,191,4,118,118,True,False,127
1918,191,1,28,52,True,True,52 35
1919,191,1,120,120,False,False,
1919,191,2,120,120,False,False,
1919,191,3,120,120,False,False,
1919,191,4,120,120,True,False,
1920,192,1,11,11,False,False,
1920,192,2,20,20,True,False,
1921,192,1,61,61,False,False,55
1921,192,2,43,43,True,False,
1922,192,1,95,95,True,False,
1923,192,1,67,67,True,False,
1924,192,1,145,145,False,False,
1924,192,2,142,142,False,False,
1924,192,3,142,142,True,False,
1925,192,1,102,102,False,False,
1925,192,2,109,109,True,False,
1926,192,1,42,42,False,False,
1926,192,2,33,33,True,False,
1927,192,1,60,60,True,False,
1928,192,1,38,38,False,False,
1928,192,2,29,29,True,False,
1929,192,1,137,137,True,False,
1930,193,1,107,107,False,False,
1930,193,2,115,115,True,False,
1931,193,1,101,101,True,False,
1932,193,1,76,76,True,False,
1933,193,1,94,94,True,False,
1934,193,1,143,133,True,True,133
1935,193,1,128,128,True,False,
1936,193,1,110,110,False,False,
1936,193,2,97,97,False,False,
1936,193,3,110,110,False,False,103
1936,193,4,101,102,True,True,109 102
1937,193,1,71,85,True,True,85 74
1938,193,1,45,50,True,True,50
1939,193,1,140,140,False,False,
1939,193,2,125,125,False,False,
1939,193,3,125,125,False,False,
1939,193,4,125,125,False,False,
1939,193,5,125,125,True,False,
1940,194,1,53,53,True,False,
1941,194,1,72,72,False,False,
1941,194,2,72,72,True,False,
1942,194,1,132,132,True,False,
1943,194,1,143,143,False,False,
1943,194,2,143,143,False,False,
1943,194,3,143,143,False,False,
1943,194,4,143,143,False,False,
1943,194,5,143,143,True,False,
1944,194,1,107,107,True,False,
1945,194,1,26,26,True,False,44
1946,194,1,74,74,True,False,
1947,194,1,99,99,False,False,
1947,194,2,99,99,False,False,
1947,194,3,116,115,True,True,115
1948,194,1,85,85,True,False,
1949,194,1,31,31,True,False,
1950,195,1,82,82,False,False,
1950,195,2,82,82,False,False,
1950,195,3,93,91,True,True,91 92
1951,195,1,63,63,False,False,
1951,195,2,63,63,False,False,
1951,195,3,63,63,True,False,
1952,195,1,104,104,True,False,97
1953,195,1,79,78,True,True,82 78
1954,195,1,135,135,True,False,
1955,195,1,85,85,True,False,
1956,195,1,74,74,True,False,76
1957,195,1,102,102,True,False,
1958,195,1,55,55,False,False,
1958,195,2,55,55,True,False,
1959,195,1,36,53,True,True,53
1960,196,1,44,44,False,False,
1960,196,2,44,44,True,False,
1961,196,1,119,119,True,False,
1962,196,1,128,128,False,False,
1962,196,2,128,128,True,False,
1963,196,1,14,14,False,False,25
1963,196,2,14,14,True,False,
1964,196,1,3,3,True,False,
1965,196,1,90,90,False,False,
1965,196,2,90,90,True,False,
1966,196,1,32,32,False,False,
1966,196,2,32,32,False,False,
1966,196,3,32,32,True,False,
1967,196,1,120,120,True,False,
1968,196,1,114,114,False,False,
1968,196,2,114,114,False,False,
1968,196,3,114,114,False,False,
1968,196,4,114,114,False,False,
1968,196,5,124,125,True,True,125
1969,196,1,71,73,True,True,73 72
1970,197,1,92,92,True,False,91
1971,197,1,80,80,True,False,
1972,197,1,120,120,True,False,
1973,197,1,54,54,False,False,
1973,197,2,54,54,True,False,
1974,197,1,134,134,False,False,
1974,197,2,148,148,False,False,
1974,197,3,148,148,False,False,
1974,197,4,134,134,False,False,
1974,197,5,133,133,False,False,
1974,197,6,134,134,False,False,
1974,197,7,133,133,True,False,
1975,197,1,28,28,True,False,
1976,197,1,25,25,False,False,26
1976,197,2,25,25,False,False,
1976,197,3,44,44,False,False,
1976,197,4,31,31,False,False,
1976,197,5,14,14,False,False,
1976,197,6,44,44,False,False,
1976,197,7,38,38,False,False,
1976,197,8,31,31,True,False,
1977,197,1,135,135,False,False,
1977,197,2,133,133,False,False,134
1977,197,3,133,133,True,False,
1978,197,1,53,88,True,True,93 88 84 81
1979,197,1,119,119,True,False,
1980,198,1,149,144,True,True,144
1981,198,1,49,49,False,False,54
1981,198,2,49,49,False,False,
1981,198,3,49,49,True,False,
1982,198,1,70,56,True,True,54 56 62
1983,198,1,79,79,False,False,
1983,198,2,79,79,False,False,
1983,198,3,88,88,False,False,83 87
1983,198,4,88,88,False,False,
1983,198,5,88,88,False,False,
1983,198,6,88,88,True,False,
1984,198,1,148,148,True,False,
1985,198,1,132,132,False,False,
1985,198,2,132,132,True,False,
1986,198,1,92,92,True,False,
1987,198,1,38,38,False,False,
1987,198,2,38,38,False,False,
1987,198,3,38,38,True,False,
1988,198,1,11,11,False,False,
1988,198,2,11,11,False,False,
1988,198,3,25,25,False,False,20
1988,198,4,11,11,False,False,
1988,198,5,11,11,True,False,
1989,198,1,67,67,True,False,
1990,199,1,66,66,False,False,
1990,199,2,59,59,False,False,
1990,199,3,59,59,True,False,
1991,199,1,107,107,False,False,
1991,199,2,107,107,False,False,
1991,199,3,115,115,True,False,
1992,199,1,36,36,False,False,
1992,199,2,36,36,False,False,
1992,199,3,36,36,True,False,
1993,199,1,117,117,True,False,
1994,199,1,77,77,True,False,
1995,199,1,51,51,True,False,
1996,199,1,36,36,True,False,
1997,199,1,72,59,True,True,59 73
1998,199,1,11,11,True,False,
1999,199,1,151,151,False,False,
1999,199,2,151,151,False,False,
1999,199,3,143,143,False,False,
1999,199,4,143,143,False,False,
1999,199,5,143,143,True,False,
2000,200,1,143,143,False,False,
2000,200,2,147,146,True,True,146
2001,200,1,92,92,False,False,91
2001,200,2,92,92,True,False,
2002,200,1,5,5,True,False,
2003,200,1,79,79,True,False,
2004,200,1,15,15,False,False,52
2004,200,2,42,42,True,False,
2005,200,1,81,81,True,False,
2006,200,1,62,62,True,False,
2007,200,1,85,85,True,False,
2008,200,1,54,54,True,False,56
2009,200,1,51,51,False,False,
2009,200,2,69,69,True,False,
2010,201,1,14,14,False,False,
2010,201,2,11,11,True,False,
2011,201,1,103,103,True,False,
2012,201,1,53,53,False,False,
2012,201,2,95,95,True,False,
2013,201,1,75,75,False,False,
2013,201,2,75,75,True,False,
2014,201,1,67,67,True,False,
2015,201,1,59,59,True,False,
2016,201,1,38,38,True,False,
2017,201,1,2,2,True,False,
2018,201,1,132,132,True,False,
2019,201,1,44,44,True,False,
2020,202,1,132,132,False,False,
2020,202,2,132,132,False,False,
2020,202,3,132,132,True,False,
2021,202,1,143,143,False,False,
2021,202,2,143,143,False,False,
2021,202,3,143,143,False,False,
2021,202,4,127,127,True,False,
2022,202,1,32,41,True,True,41
2023,202,1,152,152,False,False,
2023,202,2,152,152,False,False,
2023,202,3,152,152,False,False,
2023,202,4,152,152,False,False,
2023,202,5,147,147,False,False,146
2023,202,6,147,147,False,False,
2023,202,7,147,147,False,False,
2023,202,8,147,147,False,False,
2023,202,9,146,146,True,False,
2024,202,1,82,82,True,False,
2025,202,1,42,42,False,False,
2025,202,2,27,27,True,False,
2026,202,1,95,95,True,False,
2027,202,1,77,77,True,False,
2028,202,1,97,97,False,False,
2028,202,2,97,97,False,False,
2028,202,3,128,128,True,False,121
2029,202,1,37,49,True,True,49
2030,203,1,116,116,False,False,
2030,203,2,115,115,True,False,
2031,203,1,74,74,False,False,
2031,203,2,74,74,True,False,
2032,203,1,130,130,True,False,
2033,203,1,58,58,False,False,
2033,203,2,58,58,True,False,
2034,203,1,135,123,True,True,123
2035,203,1,61,69,True,True,69
2036,203,1,30,30,False,False,
2036,203,2,25,25,True,False,
2037,203,1,151,151,False,False,
2037,203,2,151,151,True,False,
2038,203,1,16,16,True,False,
2039,203,1,66,50,True,True,50
2040,204,1,32,32,False,False,
2040,204,2,32,32,False,False,
2040,204,3,32,32,True,False,
2041,204,1,92,92,True,False,
2042,204,1,72,73,True,True,73
2043,204,1,81,81,False,False,
2043,204,2,80,80,True,False,
2044,204,1,76,76,False,False,
2044,204,2,85,85,True,False,
2045,204,1,22,22,False,False,
2045,204,2,22,22,False,False,
2045,204,3,22,22,False,False,
2045,204,4,12,18,True,True,18
2046,204,1,82,82,True,False,
2047,204,1,82,82,True,False,
2048,204,1,139,139,False,False,
2048,204,2,139,139,False,False,
2048,204,3,127,127,False,False,128
2048,204,4,152,152,False,False,
2048,204,5,139,139,False,False,
2048,204,6,139,139,False,False,
2048,204,7,128,128,True,False,
2049,204,1,90,90,False,False,
2049,204,2,90,90,True,False,
2050,205,1,22,22,True,False,
2051,205,1,52,52,True,False,
2052,205,1,82,82,False,False,
2052,205,2,75,75,False,False,78 79
2052,205,3,75,75,False,False,
2052,205,4,75,75,True,False,
2053,205,1,73,73,True,False,
2054,205,1,83,83,False,False,
2054,205,2,83,83,False,False,
2054,205,3,83,83,False,False,
2054,205,4,84,84,False,False,
2054,205,5,93,88,True,True,88
2055,205,1,113,113,False,False,
2055,205,2,124,125,True,True,125
2056,205,1,147,147,True,False,
2057,205,1,22,22,False,False,
2057,205,2,48,36,True,True,36
2058,205,1,150,150,False,False,
2058,205,2,138,138,True,False,
2059,205,1,148,148,True,False,
2060,206,1,7,7,False,False,
2060,206,2,7,7,False,False,
2060,206,3,46,15,True,True,15
2061,206,1,154,154,False,False,
2061,206,2,140,144,True,True,148 144
2062,206,1,153,153,False,False,
2062,206,2,153,153,True,False,
2063,206,1,58,58,True,False,
2064,206,1,142,142,True,False,
2065,206,1,116,116,False,False,
2065,206,2,116,116,False,False,
2065,206,3,116,116,False,False,
2065,206,4,116,116,False,False,
2065,206,5,99,99,False,False,
2065,206,6,99,99,False,False,
2065,206,7,90,89,True,True,96 89
2066,206,1,83,83,False,False,
2066,206,2,75,75,False,False,
2066,206,3,79,79,False,False,
2066,206,4,79,79,False,False,
2066,206,5,75,75,False,False,
2066,206,6,75,75,True,False,
2067,206,1,17,17,False,False,
2067,206,2,16,16,False,False,
2067,206,3,7,7,False,False,
2067,206,4,5,5,True,False,
2068,206,1,133,133,True,False,
2069,206,1,33,50,True,True,50
2070,207,1,131,131,True,False,
2071,207,1,122,122,False,False,
2071,207,2,122,122,True,False,
2072,207,1,77,86,True,True,86
2073,207,1,41,41,False,False,73
2073,207,2,41,41,False,False,
2073,207,3,41,41,True,False,
2074,207,1,30,30,False,False,
2074,207,2,20,20,True,False,
2075,207,1,90,90,False,False,
2075,207,2,96,89,True,True,89
2076,207,1,76,76,True,False,
2077,207,1,98,98,False,False,
2077,207,2,98,98,False,False,
2077,207,3,98,98,False,False,
2077,207,4,98,98,False,False,
2077,207,5,98,98,True,False,
2078,207,1,113,113,False,False,
2078,207,2,113,113,True,False,
2079,207,1,59,59,True,False,
2080,208,1,36,36,False,False,
2080,208,2,36,36,False,False,
2080,208,3,36,36,False,False,
2080,208,4,36,36,False,False,
2080,208,5,18,18,True,False,
2081,208,1,3,3,True,False,7
2082,208,1,31,31,False,False,
2082,208,2,31,31,True,False,
2083,208,1,89,89,True,False,
2084,208,1,151,151,False,False,
2084,208,2,151,151,False,False,
2084,208,3,151,151,False,False,
2084,208,4,143,143,True,False,
2085,208,1,44,44,False,False,
2085,208,2,71,71,False,False,64
2085,208,3,39,39,True,False,
2086,208,1,58,58,True,False,
2087,208,1,35,35,False,False,
2087,208,2,35,35,False,False,
2087,208,3,35,35,False,False,
2087,208,4,28,28,True,False,
2088,208,1,59,59,True,False,
2089,208,1,66,66,True,False,
2090,209,1,67,67,True,False,
2091,209,1,91,79,True,True,75 79
2092,209,1,59,59,False,False,
2092,209,2,59,59,False,False,
2092,209,3,50,50,True,False,
2093,209,1,70,70,False,False,
2093,209,2,63,63,False,False,
2093,209,3,99,99,False,False,
2093,209,4,89,89,False,False,
2093,209,5,89,89,True,False,
2094,209,1,48,48,False,False,53 47
2094,209,2,55,53,True,True,47 53
2095,209,1,73,73,True,False,
2096,209,1,95,95,True,False,
2097,209,1,153,153,False,False,150
2097,209,2,153,153,False,False,
2097,209,3,150,150,False,False,
2097,209,4,151,151,False,False,
2097,209,5,151,151,False,False,
2097,209,6,151,151,True,False,
2098,209,1,151,151,True,False,
2099,209,1,11,11,False,False,
2099,209,2,11,11,False,False,
2099,209,3,3,3,False,False,
2099,209,4,2,2,True,False,
2100,210,1,147,147,False,False,
2100,210,2,147,147,True,False,
2101,210,1,80,80,True,False,
2102,210,1,135,135,False,False,
2102,210,2,135,135,True,False,
2103,210,1,59,59,True,False,
2104,210,1,61,61,False,False,
2104,210,2,53,53,True,False,
2105,210,1,151,151,False,False,
2105,210,2,108,118,True,True,118
2106,210,1,153,153,True,False,
2107,210,1,53,53,False,False,
2107,210,2,53,53,False,False,
2107,210,3,43,43,False,False,
2107,210,4,43,43,True,False,
2108,210,1,154,154,False,False,
2108,210,2,154,154,False,False,
2108,210,3,148,148,False,False,
2108,210,4,148,148,True,False,
2109,210,1,33,33,False,False,
2109,210,2,33,33,False,False,
2109,210,3,33,33,False,False,
2109,210,4,33,33,False,False,
2109,210,5,33,33,True,False,
2110,211,1,7,7,False,False,
2110,211,2,7,7,True,False,
2111,211,1,72,72,False,False,
2111,211,2,73,73,False,False,
2111,211,3,73,73,False,False,
2111,211,4,73,73,True,False,
2112,211,1,104,104,False,False,
2112,211,2,103,103,True,False,
2113,211,1,54,54,False,False,
2113,211,2,49,49,True,False,
2114,211,1,91,91,True,False,
2115,211,1,145,145,False,False,126
2115,211,2,132,132,True,False,
2116,211,1,105,104,True,True,104
2117,211,1,70,70,False,False,
2117,211,2,70,70,True,False,
2118,211,1,89,89,False,False,
2118,211,2,89,89,True,False,
2119,211,1,27,27,True,False,
2120,212,1,76,76,True,False,
2121,212,1,83,82,True,True,82
2122,212,1,78,78,True,False,
2123,212,1,43,43,False,False,
2123,212,2,45,46,True,True,46
2124,212,1,61,61,True,False,
2125,212,1,151,151,False,False,
2125,212,2,150,150,False,False,
2125,212,3,150,150,True,False,
2126,212,1,71,71,False,False,
2126,212,2,71,71,False,False,
2126,212,3,71,71,True,False,
2127,212,1,51,51,False,False,
2127,212,2,51,51,True,False,
2128,212,1,86,86,False,False,
2128,212,2,86,86,False,False,
2128,212,3,72,72,True,False,
2129,212,1,34,34,True,False,
2130,213,1,94,94,False,False,
2130,213,2,53,53,True,False,
2131,213,1,84,84,True,False,
2132,213,1,150,150,True,False,
2133,213,1,151,151,False,False,
2133,213,2,151,151,True,False,
2134,213,1,102,102,True,False,
2135,213,1,17,16,True,True,16
2136,213,1,136,136,False,False,93 124
2136,213,2,136,136,False,False,
2136,213,3,105,105,True,False,
2137,213,1,129,129,False,False,
2137,213,2,123,123,True,False,
2138,213,1,79,79,False,False,
2138,213,2,91,91,True,False,
2139,213,1,45,45,True,False,67
2140,214,1,94,80,True,True,80 81
2141,214,1,86,86,False,False,
2141,214,2,86,86,True,False,
2142,214,1,143,143,True,False,
2143,214,1,98,120,True,True,120 121 104
2144,214,1,39,39,True,False,
2145,214,1,3,3,True,False,
2146,214,1,147,147,True,False,
2147,214,1,150,150,False,False,146
2147,214,2,150,150,True,False,
2148,214,1,74,74,False,False,
2148,214,2,74,74,False,False,
2148,214,3,74,74,False,False,
2148,214,4,74,74,True,False,
2149,214,1,143,143,False,False,
2149,214,2,143,143,False,False,
2149,214,3,143,143,False,False,
2149,214,4,143,143,False,False,
2149,214,5,143,143,False,False,
2149,214,6,143,143,False,False,
2149,214,7,143,143,False,False,
2149,214,8,143,143,True,False,
2150,215,1,58,58,True,False,
2151,215,1,98,98,True,False,
2152,215,1,38,38,True,False,
2153,215,1,108,108,True,False,
2154,215,1,134,134,False,False,
2154,215,2,134,134,False,False,
2154,215,3,125,125,False,False,
2154,215,4,136,136,True,False,
2155,215,1,150,150,False,False,
2155,215,2,138,138,True,False,
2156,215,1,78,82,True,True,82
2157,215,1,15,15,True,False,
2158,215,1,59,59,False,False,
2158,215,2,59,59,False,False,
2158,215,3,59,59,False,False,
2158,215,4,86,86,False,False,
2158,215,5,98,98,False,False,
2158,215,6,104,104,True,False,
2159,215,1,33,33,False,False,
2159,215,2,42,42,False,False,
2159,215,3,33,33,False,False,
2159,215,4,42,42,False,False,
2159,215,5,50,50,False,False,
2159,215,6,27,27,True,False,33
2160,216,1,64,85,True,True,85 76 74 71
2161,216,1,55,55,True,False,
2162,216,1,4,4,True,False,16
2163,216,1,77,77,True,False,
2164,216,1,98,98,False,False,
2164,216,2,98,98,True,False,
2165,216,1,113,113,True,False,
2166,216,1,125,125,False,False,
2166,216,2,125,125,False,False,
2166,216,3,124,124,False,False,
2166,216,4,124,124,False,False,
2166,216,5,124,124,True,False,
2167,216,1,79,79,True,False,
2168,216,1,144,144,True,False,136
2169,216,1,31,31,False,False,39
2169,216,2,38,38,True,False,30
2170,217,1,16,16,True,False,
2171,217,1,137,137,False,False,114
2171,217,2,114,114,False,False,
2171,217,3,136,136,True,False,
2172,217,1,117,117,False,False,
2172,217,2,126,126,False,False,
2172,217,3,116,116,False,False,
2172,217,4,117,117,False,False,
2172,217,5,117,117,True,False,
2173,217,1,24,24,False,False,
2173,217,2,10,13,True,True,13
2174,217,1,9,9,False,False,
2174,217,2,12,12,True,False,
2175,217,1,99,99,True,False,
2176,217,1,15,15,True,False,
2177,217,1,35,35,False,False,28
2177,217,2,34,34,True,False,
2178,217,1,41,41,True,False,
2179,217,1,153,153,False,False,145
2179,217,2,150,150,True,False,
2180,218,1,61,61,True,False,
2181,218,1,80,80,True,False,
2182,218,1,93,93,True,False,83 84 88
2183,218,1,114,114,False,False,
2183,218,2,88,93,True,True,113 93
2184,218,1,75,75,False,False,
2184,218,2,122,79,True,True,79
2185,218,1,136,87,True,True,87 92 112
2186,218,1,149,149,True,False,144
2187,218,1,106,106,False,False,
2187,218,2,106,106,False,False,
2187,218,3,80,80,True,False,
2188,218,1,79,79,False,False,
2188,218,2,79,79,False,False,
2188,218,3,82,82,True,False,
2189,218,1,69,69,True,False,75
2190,219,1,112,112,True,False,
2191,219,1,125,125,False,False,
2191,219,2,125,125,False,False,
2191,219,3,144,144,True,False,
2192,219,1,66,66,False,False,
2192,219,2,66,66,False,False,
2192,219,3,66,66,True,False,
2193,219,1,110,110,False,False,
2193,219,2,109,109,False,False,
2193,219,3,109,109,False,False,
2193,219,4,109,109,False,False,
2193,219,5,109,109,False,False,
2193,219,6,109,109,False,False,
2193,219,7,110,110,False,False,
2193,219,8,118,118,True,False,
2194,219,1,7,7,False,False,
2194,219,2,7,7,False,False,
2194,219,3,7,7,False,False,
2194,219,4,4,4,False,False,
2194,219,5,5,5,True,False,
2195,219,1,67,67,True,False,
2196,219,1,83,79,True,True,75 79
2197,219,1,30,30,False,False,
2197,219,2,30,30,True,False,
2198,219,1,133,133,True,False,
2199,219,1,21,21,False,False,28
2199,219,2,21,21,False,False,
2199,219,3,36,36,True,False,
2200,220,1,88,88,False,False,
2200,220,2,80,80,True,False,
2201,220,1,20,26,True,True,26
2202,220,1,72,58,True,True,58
2203,220,1,33,33,True,False,
2204,220,1,28,28,False,False,
2204,220,2,8,8,True,False,
2205,220,1,37,37,False,False,30 38
2205,220,2,37,37,False,False,
2205,220,3,64,64,False,False,
2205,220,4,64,64,False,False,
2205,220,5,64,64,False,False,
2205,220,6,44,44,True,False,
2206,220,1,133,133,True,False,
2207,220,1,126,126,False,False,
2207,220,2,126,126,False,False,
2207,220,3,126,126,False,False,
2207,220,4,108,108,False,False,117
2207,220,5,108,108,False,False,
2207,220,6,102,102,True,False,
2208,220,1,117,117,True,False,
2209,220,1,51,51,False,False,
2209,220,2,51,51,False,False,
2209,220,3,51,51,False,False,
2209,220,4,51,51,False,False,
2209,220,5,35,35,False,False,
2209,220,6,35,35,False,False,
2209,220,7,45,34,True,True,34 42
2210,221,1,86,86,False,False,
2210,221,2,86,86,False,False,
2210,221,3,77,77,False,False,
2210,221,4,86,86,True,False,
2211,221,1,58,58,False,False,72
2211,221,2,65,65,False,False,
2211,221,3,58,58,True,False,
2212,221,1,105,105,False,False,
2212,221,2,91,91,True,False,
2213,221,1,152,129,True,True,122 129 139
2214,221,1,69,69,True,False,
2215,221,1,122,122,False,False,
2215,221,2,139,139,False,False,
2215,221,3,143,143,False,False,
2215,221,4,146,146,True,False,
2216,221,1,95,95,True,False,
2217,221,1,142,138,True,True,138
2218,221,1,53,53,False,False,
2218,221,2,55,55,True,False,
2219,221,1,15,15,False,False,
2219,221,2,7,7,False,False,
2219,221,3,3,3,False,False,
2219,221,4,3,3,False,False,
2219,221,5,3,3,False,False,
2219,221,6,3,3,True,False,
2220,222,1,99,99,True,False,
2221,222,1,128,128,True,False,108 127
2222,222,1,48,48,True,False,
2223,222,1,145,145,False,False,
2223,222,2,145,145,False,False,
2223,222,3,145,145,False,False,
2223,222,4,145,145,True,False,
2224,222,1,82,82,False,False,105
2224,222,2,82,82,False,False,
2224,222,3,82,82,False,False,
2224,222,4,82,82,False,False,
2224,222,5,82,82,True,False,
2225,222,1,63,63,False,False,
2225,222,2,63,63,False,False,
2225,222,3,63,63,False,False,
2225,222,4,63,63,True,False,
2226,222,1,15,15,False,False,
2226,222,2,27,27,True,False,
2227,222,1,35,35,True,False,
2228,222,1,41,41,True,False,
2229,222,1,66,59,True,True,59
2230,223,1,123,123,False,False,
2230,223,2,123,123,True,False,
2231,223,1,19,19,False,False,
2231,223,2,19,19,False,False,
2231,223,3,19,19,False,False,
2231,223,4,19,19,False,False,
2231,223,5,19,19,False,False,
2231,223,6,53,53,False,False,47
2231,223,7,47,47,False,False,
2231,223,8,48,48,True,False,
2232,223,1,100,100,False,False,
2232,223,2,100,100,False,False,
2232,223,3,100,100,True,False,
2233,223,1,98,98,False,False,
2233,223,2,104,104,False,False,
2233,223,3,98,98,False,False,
2233,223,4,98,98,False,False,
2233,223,5,98,98,False,False,
2233,223,6,98,98,False,False,
2233,223,7,104,104,True,False,
2234,223,1,33,33,False,False,
2234,223,2,33,33,False,False,
2234,223,3,33,33,False,False,
2234,223,4,27,27,True,False,
2235,223,1,118,118,True,False,
2236,223,1,149,149,False,False,
2236,223,2,144,144,True,False,
2237,223,1,146,146,True,False,
2238,223,1,67,67,False,False,
2238,223,2,45,51,True,True,51
2239,223,1,125,125,True,False,
2240,224,1,152,152,True,False,
2241,224,1,109,109,False,False,
2241,224,2,109,109,False,False,
2241,224,3,109,109,True,False,
2242,224,1,67,67,True,False,
2243,224,1,143,143,False,False,
2243,224,2,151,151,False,False,
2243,224,3,143,143,False,False,
2243,224,4,143,143,False,False,
2243,224,5,151,151,False,False,
2243,224,6,151,151,False,False,
2243,224,7,143,143,False,False,
2243,224,8,143,143,True,False,
2244,224,1,74,74,False,False,
2244,224,2,74,74,True,False,
2245,224,1,44,44,True,False,
2246,224,1,14,14,False,False,
2246,224,2,14,14,False,False,
2246,224,3,14,14,True,False,
2247,224,1,102,102,True,False,
2248,224,1,96,96,False,False,
2248,224,2,100,100,False,False,
2248,224,3,96,96,True,False,
2249,224,1,95,94,True,True,94
2250,225,1,96,96,True,False,
2251,225,1,147,147,True,False,
2252,225,1,100,100,False,False,
2252,225,2,100,100,False,False,
2252,225,3,116,116,True,False,
2253,225,1,39,39,True,False,
2254,225,1,129,129,True,False,
2255,225,1,7,7,False,False,
2255,225,2,7,7,False,False,
2255,225,3,7,7,False,False,
2255,225,4,7,7,True,False,
2256,225,1,97,97,False,False,
2256,225,2,97,97,True,False,
2257,225,1,126,126,False,False,
2257,225,2,126,126,False,False,
2257,225,3,126,126,False,False,
2257,225,4,126,126,False,False,
2257,225,5,126,126,False,False,
2257,225,6,126,126,False,False,
2257,225,7,126,126,False,False,
2257,225,8,126,126,False,False,
2257,225,9,132,132,True,False,
2258,225,1,7,7,False,False,
2258,225,2,7,7,False,False,
2258,225,3,7,7,False,False,
2258,225,4,7,7,True,False,
2259,225,1,104,104,False,False,
2259,225,2,104,104,False,False,
2259,225,3,104,104,True,False,
2260,226,1,73,73,True,False,
2261,226,1,72,72,True,False,
2262,226,1,63,63,True,False,
2263,226,1,122,122,False,False,
2263,226,2,122,122,False,False,
2263,226,3,122,122,True,False,
2264,226,1,33,33,False,False,
2264,226,2,33,33,False,False,
2264,226,3,42,42,False,False,
2264,226,4,42,42,True,False,
2265,226,1,128,128,True,False,
2266,226,1,84,84,True,False,
2267,226,1,22,22,True,False,
2268,226,1,73,73,True,False,66
2269,226,1,154,154,True,False,
2270,227,1,123,78,True,True,67 78 82
2271,227,1,70,70,False,False,
2271,227,2,62,62,False,False,
2271,227,3,62,62,True,False,
2272,227,1,52,52,False,False,51
2272,227,2,51,51,False,False,
2272,227,3,60,60,False,False,
2272,227,4,60,60,True,False,
2273,227,1,72,72,True,False,
2274,227,1,76,76,True,False,
2275,227,1,54,54,False,False,
2275,227,2,74,74,False,False,70
2275,227,3,54,54,True,False,56
2276,227,1,59,59,True,False,
2277,227,1,115,115,True,False,107
2278,227,1,105,104,True,True,104
2279,227,1,94,94,False,False,
2279,227,2,137,137,True,False,113
2280,228,1,46,46,True,False,
2281,228,1,51,51,False,False,
2281,228,2,52,52,False,False,
2281,228,3,34,34,False,False,
2281,228,4,45,45,True,False,
2282,228,1,108,102,True,True,102
2283,228,1,63,63,False,False,
2283,228,2,70,70,False,False,
2283,228,3,56,56,False,False,62
2283,228,4,56,56,True,False,
2284,228,1,96,89,True,True,89
2285,228,1,63,70,True,True,70
2286,228,1,10,13,True,True,13
2287,228,1,51,51,False,False,
2287,228,2,51,51,False,False,
2287,228,3,51,51,False,False,
2287,228,4,52,52,False,False,
2287,228,5,52,52,True,False,
2288,228,1,115,115,True,False,
2289,228,1,107,107,False,False,
2289,228,2,107,107,True,False,
2290,229,1,97,97,False,False,
2290,229,2,97,97,True,False,
2291,229,1,86,86,False,False,
2291,229,2,86,86,True,False,
2292,229,1,98,98,False,False,
2292,229,2,104,104,False,False,
2292,229,3,104,104,False,False,
2292,229,4,104,104,False,False,
2292,229,5,104,104,True,False,
2293,229,1,135,111,True,True,111 123
2294,229,1,0,0,True,False,6
2295,229,1,63,63,True,False,
2296,229,1,133,133,True,False,
2297,229,1,154,154,True,False,
2298,229,1,78,78,True,False,
2299,229,1,10,10,True,False,
2300,230,1,108,108,True,False,109
2301,230,1,41,41,True,False,
2302,230,1,107,107,False,False,
2302,230,2,89,89,True,False,96
2303,230,1,121,121,False,False,
2303,230,2,128,128,True,False,
2304,230,1,59,59,False,False,
2304,230,2,58,58,True,False,
2305,230,1,1,1,False,False,
2305,230,2,1,1,False,False,
2305,230,3,10,10,True,False,
2306,230,1,77,77,True,False,
2307,230,1,105,105,True,False,98
2308,230,1,121,121,True,False,
2309,230,1,27,27,True,False,33
2310,231,1,135,135,True,False,
2311,231,1,86,86,True,False,
2312,231,1,10,10,True,False,13
2313,231,1,130,130,False,False,114
2313,231,2,130,130,True,False,
2314,231,1,38,38,True,False,
2315,231,1,149,149,True,False,
2316,231,1,67,67,True,False,
2317,231,1,132,132,True,False,
2318,231,1,50,50,True,False,
2319,231,1,86,86,True,False,
2320,232,1,131,131,True,False,
2321,232,1,149,149,True,False,
2322,232,1,22,22,True,False,
2323,232,1,1,1,True,False,
2324,232,1,52,52,False,False,
2324,232,2,46,46,True,False,
2325,232,1,49,49,False,False,
2325,232,2,49,49,False,False,
2325,232,3,49,49,False,False,
2325,232,4,49,49,True,False,
2326,232,1,58,58,True,False,
2327,232,1,55,60,True,True,60
2328,232,1,134,134,False,False,
2328,232,2,134,134,True,False,
2329,232,1,86,86,False,False,
2329,232,2,86,86,False,False,
2329,232,3,72,73,True,True,73
2330,233,1,143,143,True,False,
2331,233,1,71,71,True,False,
2332,233,1,53,53,False,False,
2332,233,2,55,55,True,False,
2333,233,1,77,77,True,False,
2334,233,1,44,44,True,False,
2335,233,1,154,147,True,True,147
2336,233,1,143,143,True,False,
2337,233,1,123,123,True,False,
2338,233,1,11,11,True,False,
2339,233,1,84,84,False,False,
2339,233,2,79,79,False,False,83
2339,233,3,83,83,False,False,
2339,233,4,81,81,False,False,
2339,233,5,81,81,True,False,
2340,234,1,56,56,False,False,
2340,234,2,56,56,True,False,
2341,234,1,66,66,True,False,
2342,234,1,105,104,True,True,104
2343,234,1,70,71,True,True,71
2344,234,1,48,48,False,False,
2344,234,2,81,81,False,False,
2344,234,3,48,48,True,False,
2345,234,1,67,67,True,False,
2346,234,1,78,78,True,False,
2347,234,1,40,40,False,False,
2347,234,2,40,40,True,False,
2348,234,1,72,72,True,False,
2349,234,1,109,109,True,False,
2350,235,1,103,103,False,False,
2350,235,2,103,103,False,False,
2350,235,3,86,97,True,True,97
2351,235,1,85,85,True,False,
2352,235,1,126,126,False,False,
2352,235,2,126,126,False,False,
2352,235,3,145,145,False,False,
2352,235,4,153,153,True,False,
2353,235,1,107,107,True,False,
2354,235,1,40,39,True,True,44 39
2355,235,1,151,151,True,False,
2356,235,1,67,67,True,False,
2357,235,1,111,111,False,False,
2357,235,2,105,105,True,False,
2358,235,1,7,7,False,False,15
2358,235,2,7,7,False,False,
2358,235,3,7,7,False,False,
2358,235,4,7,7,False,False,
2358,235,5,7,7,False,False,
2358,235,6,15,15,False,False,
2358,235,7,7,7,False,False,
2358,235,8,16,16,False,False,
2358,235,9,15,15,True,False,
2359,235,1,22,22,False,False,
2359,235,2,8,8,False,False,
2359,235,3,18,18,True,False,
2360,236,1,121,121,True,False,
2361,236,1,84,87,True,True,87 88
2362,236,1,55,55,False,False,
2362,236,2,55,55,True,False,
2363,236,1,74,72,True,True,59 73 72
2364,236,1,45,45,False,False,73
2364,236,2,78,78,True,False,
2365,236,1,50,50,False,False,
2365,236,2,50,50,True,False,
2366,236,1,81,67,True,True,67 68 80
2367,236,1,119,119,True,False,
2368,236,1,90,101,True,True,101
2369,236,1,22,22,True,False,
2370,237,1,59,59,False,False,
2370,237,2,59,59,False,False,
2370,237,3,66,66,False,False,
2370,237,4,66,66,False,False,
2370,237,5,57,65,True,True,65
2371,237,1,13,13,False,False,38
2371,237,2,13,13,True,False,
2372,237,1,8,8,True,False,
2373,237,1,45,45,True,False,15 42
2374,237,1,72,72,True,False,
2375,237,1,122,122,False,False,
2375,237,2,152,139,True,True,139 146
2376,237,1,43,43,False,False,46
2376,237,2,53,53,True,False,
2377,237,1,56,56,False,False,
2377,237,2,63,63,True,False,
2378,237,1,42,45,True,True,50 45
2379,237,1,108,102,True,True,102
2380,238,1,64,64,False,False,57
2380,238,2,64,64,True,False,
2381,238,1,103,103,False,False,
2381,238,2,119,119,True,False,
2382,238,1,70,70,False,False,
2382,238,2,57,57,False,False,
2382,238,3,100,71,True,True,71 90
2383,238,1,93,93,False,False,
2383,238,2,93,93,False,False,
2383,238,3,93,93,False,False,
2383,238,4,95,95,True,False,
2384,238,1,70,70,True,False,
2385,238,1,146,146,False,False,
2385,238,2,146,146,True,False,
2386,238,1,41,41,True,False,
2387,238,1,49,49,True,False,
2388,238,1,54,54,False,False,
2388,238,2,54,54,True,False,
2389,238,1,114,114,False,False,
2389,238,2,114,114,False,False,
2389,238,3,95,95,True,False,
2390,239,1,91,91,False,False,
2390,239,2,83,83,False,False,
2390,239,3,84,84,False,False,
2390,239,4,83,83,False,False,
2390,239,5,82,82,False,False,
2390,239,6,78,78,False,False,
2390,239,7,78,78,False,False,
2390,239,8,78,78,True,False,
2391,239,1,36,53,True,True,53 47
2392,239,1,41,41,True,False,
2393,239,1,154,154,True,False,98 105
2394,239,1,20,20,False,False,
2394,239,2,23,23,True,False,24
2395,239,1,20,20,True,False,
2396,239,1,109,102,True,True,102
2397,239,1,110,110,False,False,
2397,239,2,127,127,False,False,
2397,239,3,128,128,False,False,
2397,239,4,118,118,True,False,119
2398,239,1,132,132,False,False,
2398,239,2,129,127,True,True,127 128
2399,239,1,76,76,False,False,109 85
2399,239,2,89,89,True,False,
2400,240,1,75,75,False,False,
2400,240,2,75,75,False,False,
2400,240,3,67,68,True,True,68
2401,240,1,64,65,True,True,65
2402,240,1,133,133,False,False,
2402,240,2,136,134,True,True,134 135
2403,240,1,64,65,True,True,65
2404,240,1,48,47,True,True,47
2405,240,1,26,31,True,True,31
2406,240,1,129,104,True,True,72 104 111 122
2407,240,1,75,78,True,True,78
2408,240,1,143,143,True,False,
2409,240,1,98,98,True,False,
2410,241,1,40,40,True,False,
2411,241,1,154,154,False,False,
2411,241,2,148,148,False,False,
2411,241,3,129,129,False,False,133
2411,241,4,129,129,True,False,
2412,241,1,79,111,True,True,111 105 98 82 78
2413,241,1,47,69,True,True,69
2414,241,1,119,119,True,False,
2415,241,1,52,52,True,False,51
2416,241,1,109,97,True,True,97
2417,241,1,146,146,False,False,
2417,241,2,146,146,True,False,
2418,241,1,27,27,False,False,
2418,241,2,15,15,True,False,
2419,241,1,80,80,True,False,
2420,242,1,154,154,True,False,
2421,242,1,116,126,True,True,126
2422,242,1,46,55,True,True,55
2423,242,1,2,2,True,False,
2424,242,1,90,90,False,False,
2424,242,2,108,108,False,False,100
2424,242,3,108,108,False,False,
2424,242,4,108,108,True,False,
2425,242,1,2,2,True,False,
2426,242,1,127,127,False,False,110
2426,242,2,110,110,False,False,
2426,242,3,102,102,True,False,
2427,242,1,61,61,True,False,
2428,242,1,62,62,True,False,
2429,242,1,128,110,True,True,110 119 120
2430,243,1,62,62,True,False,
2431,243,1,102,70,True,True,63 70
2432,243,1,20,20,True,False,
2433,243,1,119,119,True,False,
2434,243,1,86,86,True,False,
2435,243,1,18,22,True,True,22
2436,243,1,43,43,False,False,
2436,243,2,43,43,False,False,
2436,243,3,43,43,True,False,
2437,243,1,11,11,True,False,
2438,243,1,89,89,True,False,
2439,243,1,128,128,False,False,
2439,243,2,133,133,True,False,
2440,244,1,20,20,False,False,
2440,244,2,20,20,True,False,
2441,244,1,144,144,False,False,
2441,244,2,148,148,True,False,
2442,244,1,55,55,True,False,
2443,244,1,54,54,True,False,
2444,244,1,95,95,False,False,
2444,244,2,95,95,False,False,
2444,244,3,114,114,False,False,
2444,244,4,114,114,False,False,
2444,244,5,130,130,False,False,
2444,244,6,95,95,True,False,
2445,244,1,30,30,True,False,
2446,244,1,77,77,False,False,
2446,244,2,73,73,False,False,
2446,244,3,73,73,False,False,
2446,244,4,86,86,False,False,
2446,244,5,78,78,True,False,
2447,244,1,66,66,False,False,
2447,244,2,59,59,False,False,
2447,244,3,59,59,False,False,
2447,244,4,59,59,False,False,
2447,244,5,59,59,False,False,
2447,244,6,59,59,True,False,
2448,244,1,46,46,True,False,
2449,244,1,59,59,False,False,
2449,244,2,72,72,True,False,
2450,245,1,77,77,True,False,
2451,245,1,56,63,True,True,63
2452,245,1,10,10,True,False,13
2453,245,1,58,58,True,False,
2454,245,1,143,143,True,False,
2455,245,1,14,14,True,False,
2456,245,1,54,54,False,False,
2456,245,2,89,89,True,False,
2457,245,1,14,14,False,False,
2457,245,2,20,20,False,False,
2457,245,3,14,14,False,False,
2457,245,4,14,14,False,False,
2457,245,5,13,13,True,False,
2458,245,1,82,82,False,False,
2458,245,2,78,78,True,False,
2459,245,1,117,117,False,False,
2459,245,2,116,116,True,False,
2460,246,1,86,86,False,False,
2460,246,2,85,85,True,False,
2461,246,1,114,114,False,False,106 112 113
2461,246,2,114,114,False,False,
2461,246,3,123,125,True,True,125 124
2462,246,1,124,124,False,False,
2462,246,2,154,154,False,False,
2462,246,3,154,154,False,False,
2462,246,4,154,154,True,False,
2463,246,1,148,148,False,False,
2463,246,2,148,148,False,False,
2463,246,3,144,144,False,False,
2463,246,4,144,144,False,False,
2463,246,5,148,148,False,False,
2463,246,6,149,149,False,False,
2463,246,7,154,154,True,False,
2464,246,1,72,72,True,False,
2465,246,1,86,86,True,False,
2466,246,1,110,110,False,False,
2466,246,2,109,109,True,False,
2467,246,1,118,118,False,False,
2467,246,2,118,118,True,False,
2468,246,1,38,38,False,False,
2468,246,2,38,38,True,False,
2469,246,1,3,3,True,False,
2470,247,1,118,74,True,True,74 76 101 108
2471,247,1,73,73,True,False,
2472,247,1,8,8,False,False,
2472,247,2,5,5,True,False,
2473,247,1,4,4,True,False,
2474,247,1,95,95,True,False,
2475,247,1,143,143,True,False,
2476,247,1,81,81,True,False,
2477,247,1,14,14,False,False,
2477,247,2,11,11,True,False,
2478,247,1,4,4,True,False,
2479,247,1,60,60,False,False,
2479,247,2,75,68,True,True,68
2480,248,1,18,22,True,True,22
2481,248,1,146,146,True,False,
2482,248,1,7,7,False,False,
2482,248,2,7,7,False,False,
2482,248,3,5,5,True,False,
2483,248,1,42,42,False,False,
2483,248,2,27,27,True,False,
2484,248,1,15,15,False,False,
2484,248,2,42,42,True,False,
2485,248,1,67,67,False,False,
2485,248,2,78,78,True,False,
2486,248,1,34,34,True,False,
2487,248,1,24,30,True,True,30
2488,248,1,49,49,False,False,
2488,248,2,37,37,False,False,
2488,248,3,49,49,True,False,
2489,248,1,77,77,True,False,
2490,249,1,68,75,True,True,78 79 75
2491,249,1,128,121,True,True,121
2492,249,1,121,121,True,False,
2493,249,1,84,84,True,False,
2494,249,1,23,23,True,False,
2495,249,1,30,30,False,False,
2495,249,2,30,30,True,False,
2496,249,1,137,137,False,False,
2496,249,2,149,149,True,False,
2497,249,1,72,72,True,False,
2498,249,1,143,143,False,False,
2498,249,2,109,109,False,False,127
2498,249,3,119,119,True,False,110
2499,249,1,49,54,True,True,54
2500,250,1,126,101,True,True,101 108 117
2501,250,1,124,123,True,True,123
2502,250,1,140,140,False,False,
2502,250,2,135,136,True,True,136
2503,250,1,4,4,True,False,34 16
2504,250,1,137,137,False,False,113
2504,250,2,124,124,True,False,
2505,250,1,104,104,True,False,
2506,250,1,20,20,False,False,
2506,250,2,14,14,False,False,
2506,250,3,10,10,True,False,
2507,250,1,93,93,True,False,
2508,250,1,109,109,True,False,103
2509,250,1,42,103,True,True,103 66 45
2510,251,1,77,77,False,False,
2510,251,2,77,77,False,False,
2510,251,3,77,77,True,False,
2511,251,1,70,70,False,False,71
2511,251,2,70,70,True,False,
2512,251,1,141,141,False,False,
2512,251,2,149,149,True,False,
2513,251,1,139,139,False,False,
2513,251,2,143,143,False,False,
2513,251,3,110,110,False,False,127
2513,251,4,151,151,True,False,
2514,251,1,12,46,True,True,46 22
2515,251,1,50,50,True,False,
2516,251,1,22,22,True,False,
2517,251,1,95,95,False,False,
2517,251,2,88,88,True,False,94
2518,251,1,44,44,True,False,
2519,251,1,144,144,False,False,136
2519,251,2,135,135,True,False,
2520,252,1,31,31,True,False,
2521,252,1,68,68,False,False,67
2521,252,2,79,79,True,False,75
2522,252,1,26,31,True,True,31
2523,252,1,99,99,False,False,
2523,252,2,99,99,True,False,
2524,252,1,146,146,True,False,
2525,252,1,99,99,True,False,
2526,252,1,23,23,True,False,
2527,252,1,61,61,True,False,
2528,252,1,66,66,True,False,
2529,252,1,135,135,False,False,
2529,252,2,134,134,True,False,
2530,253,1,19,19,False,False,
2530,253,2,19,19,False,False,
2530,253,3,18,18,True,False,
2531,253,1,77,73,True,True,73
2532,253,1,42,50,True,True,50 45
2533,253,1,69,69,True,False,
2534,253,1,135,135,False,False,
2534,253,2,135,135,True,False,
2535,253,1,134,134,False,False,
2535,253,2,93,93,False,False,
2535,253,3,88,88,True,False,
2536,253,1,52,52,False,False,
2536,253,2,67,67,False,False,
2536,253,3,51,51,False,False,
2536,253,4,52,52,True,False,
2537,253,1,109,109,False,False,110
2537,253,2,152,152,True,False,
2538,253,1,131,131,True,False,
2539,253,1,121,119,True,True,119 120
2540,254,1,91,91,True,False,
2541,254,1,85,85,True,False,
2542,254,1,85,85,False,False,
2542,254,2,96,96,False,False,
2542,254,3,90,90,False,False,
2542,254,4,90,90,False,False,
2542,254,5,90,90,False,False,
2542,254,6,108,101,True,True,101
2543,254,1,76,76,True,False,
2544,254,1,153,153,False,False,150
2544,254,2,152,152,False,False,
2544,254,3,152,152,False,False,
2544,254,4,152,152,False,False,
2544,254,5,151,151,False,False,
2544,254,6,151,151,True,False,
2545,254,1,145,145,True,False,
2546,254,1,147,147,False,False,
2546,254,2,147,147,False,False,
2546,254,3,146,146,False,False,
2546,254,4,146,146,True,False,
2547,254,1,127,127,False,False,
2547,254,2,127,127,False,False,
2547,254,3,127,127,False,False,
2547,254,4,127,127,False,False,
2547,254,5,127,127,True,False,
2548,254,1,79,78,True,True,78
2549,254,1,100,100,False,False,
2549,254,2,100,100,True,False,
2550,255,1,67,67,False,False,
2550,255,2,67,67,True,False,
2551,255,1,98,98,False,False,
2551,255,2,98,98,False,False,
2551,255,3,139,129,True,True,105 122 129
2552,255,1,15,15,False,False,
2552,255,2,32,32,True,False,
2553,255,1,59,59,True,False,
2554,255,1,98,98,True,False,
2555,255,1,151,120,True,True,120 119 127
2556,255,1,15,15,True,False,
2557,255,1,89,89,True,False,
2558,255,1,73,73,True,False,
2559,255,1,141,141,False,False,
2559,255,2,141,141,True,False,
2560,256,1,104,104,False,False,
2560,256,2,79,98,True,True,105 98 82
2561,256,1,90,90,True,False,
2562,256,1,89,89,True,False,
2563,256,1,38,38,True,False,
2564,256,1,132,132,True,False,
2565,256,1,45,45,False,False,
2565,256,2,52,52,True,False,
2566,256,1,79,79,False,False,
2566,256,2,78,78,False,False,
2566,256,3,78,78,True,False,
2567,256,1,77,77,True,False,
2568,256,1,64,64,False,False,
2568,256,2,63,63,False,False,
2568,256,3,63,63,True,False,
2569,256,1,31,31,True,False,
2570,257,1,35,34,True,True,34
2571,257,1,154,154,False,False,
2571,257,2,154,154,True,False,
2572,257,1,143,147,True,True,147 146
2573,257,1,153,153,True,False,
2574,257,1,42,42,True,False,
2575,257,1,59,59,False,False,
2575,257,2,59,59,False,False,
2575,257,3,59,59,False,False,
2575,257,4,59,59,True,False,
2576,257,1,20,20,False,False,
2576,257,2,14,14,False,False,
2576,257,3,14,14,True,False,
2577,257,1,65,65,True,False,
2578,257,1,66,66,True,False,
2579,257,1,17,17,True,False,16
2580,258,1,34,34,False,False,
2580,258,2,21,21,False,False,
2580,258,3,32,27,True,True,27
2581,258,1,127,127,False,False,
2581,258,2,152,152,False,False,
2581,258,3,143,143,False,False,
2581,258,4,152,152,True,False,
2582,258,1,75,75,True,False,
2583,258,1,154,154,True,False,
2584,258,1,66,66,False,False,
2584,258,2,77,77,True,False,
2585,258,1,7,7,False,False,
2585,258,2,3,3,False,False,
2585,258,3,16,16,True,False,15
2586,258,1,128,128,False,False,
2586,258,2,121,121,False,False,
2586,258,3,121,121,True,False,
2587,258,1,86,120,True,True,120
2588,258,1,39,39,True,False,
2589,258,1,66,66,False,False,
2589,258,2,82,82,True,False,
2590,259,1,138,126,True,True,126
2591,259,1,101,101,True,False,
2592,259,1,18,22,True,True,22
2593,259,1,85,85,True,False,
2594,259,1,143,143,False,False,
2594,259,2,151,151,True,False,
2595,259,1,146,146,True,False,
2596,259,1,14,14,True,False,
2597,259,1,64,64,False,False,
2597,259,2,64,64,True,False,
2598,259,1,147,147,True,False,
2599,259,1,141,141,True,False,
2600,260,1,143,143,True,False,
2601,260,1,56,56,True,False,
2602,260,1,71,71,True,False,
2603,260,1,151,151,False,False,
2603,260,2,143,143,True,False,
2604,260,1,76,76,True,False,
2605,260,1,102,102,False,False,
2605,260,2,127,127,False,False,109 110
2605,260,3,110,110,False,False,
2605,260,4,108,108,True,False,109
2606,260,1,27,27,True,False,
2607,260,1,54,54,False,False,
2607,260,2,56,56,False,False,
2607,260,3,54,54,False,False,
2607,260,4,56,56,True,False,
2608,260,1,118,118,True,False,
2609,260,1,78,82,True,True,82
2610,261,1,77,73,True,True,73
2611,261,1,35,35,False,False,
2611,261,2,12,18,True,True,18
2612,261,1,69,61,True,True,61
2613,261,1,75,69,True,True,69
2614,261,1,98,98,False,False,
2614,261,2,60,68,True,True,68
2615,261,1,144,144,False,False,
2615,261,2,144,144,True,False,
2616,261,1,65,65,True,False,
2617,261,1,36,36,False,False,43
2617,261,2,28,28,True,False,
2618,261,1,88,88,True,False,
2619,261,1,70,70,False,False,71
2619,261,2,65,65,True,False,
2620,262,1,85,85,False,False,
2620,262,2,76,76,True,False,
2621,262,1,97,97,False,False,
2621,262,2,110,103,True,True,103
2622,262,1,53,53,False,False,
2622,262,2,47,47,False,False,
2622,262,3,22,22,False,False,36
2622,262,4,22,22,False,False,
2622,262,5,53,53,True,False,
2623,262,1,62,62,True,False,
2624,262,1,32,32,True,False,
2625,262,1,143,143,True,False,
2626,262,1,111,111,False,False,
2626,262,2,111,111,True,False,
2627,262,1,101,101,True,False,
2628,262,1,96,96,False,False,100
2628,262,2,89,89,True,False,
2629,262,1,145,145,False,False,
2629,262,2,131,131,False,False,
2629,262,3,138,138,False,False,
2629,262,4,138,138,False,False,
2629,262,5,145,145,False,False,
2629,262,6,142,142,True,False,
2630,263,1,147,147,False,False,
2630,263,2,133,133,True,False,
2631,263,1,154,154,True,False,
2632,263,1,132,132,True,False,
2633,263,1,119,119,False,False,
2633,263,2,128,120,True,True,120
2634,263,1,129,128,True,True,128
2635,263,1,12,12,False,False,18
2635,263,2,48,48,False,False,
2635,263,3,47,47,True,False,
2636,263,1,137,137,True,False,114
2637,263,1,134,134,False,False,
2637,263,2,148,148,True,False,
2638,263,1,40,40,True,False,
2639,263,1,100,85,True,True,85 101
2640,264,1,87,97,True,True,97 98
2641,264,1,105,105,False,False,
2641,264,2,105,105,True,False,
2642,264,1,59,59,True,False,66
2643,264,1,88,88,True,False,
2644,264,1,6,6,True,False,
2645,264,1,60,40,True,True,39 40 41 45
2646,264,1,3,3,True,False,
2647,264,1,39,39,False,False,
2647,264,2,39,39,True,False,
2648,264,1,117,65,True,True,65 74
2649,264,1,36,36,False,False,
2649,264,2,36,36,True,False,
2650,265,1,65,65,False,False,63 64
2650,265,2,29,29,False,False,
2650,265,3,131,37,True,True,37 49 99
2651,265,1,146,146,True,False,
2652,265,1,104,104,False,False,
2652,265,2,104,104,True,False,
2653,265,1,89,89,True,False,
2654,265,1,52,73,True,True,73 50 51
2655,265,1,83,75,True,True,75 79
2656,265,1,150,150,True,False,
2657,265,1,138,138,True,False,
2658,265,1,25,25,False,False,
2658,265,2,30,30,False,False,
2658,265,3,30,30,False,False,
2658,265,4,38,38,True,False,
2659,265,1,147,147,True,False,
2660,266,1,119,119,False,False,97
2660,266,2,50,50,True,False,66
2661,266,1,147,147,False,False,
2661,266,2,133,133,True,False,
2662,266,1,62,70,True,True,70
2663,266,1,70,70,True,False,
2664,266,1,78,78,True,False,
2665,266,1,96,96,False,False,
2665,266,2,96,96,False,False,
2665,266,3,90,90,True,False,
2666,266,1,31,31,False,False,
2666,266,2,21,21,False,False,32 33
2666,266,3,33,33,False,False,
2666,266,4,33,33,False,False,
2666,266,5,33,33,True,False,
2667,266,1,90,90,True,False,
2668,266,1,77,77,True,False,85
2669,266,1,74,74,True,False,
2670,267,1,49,54,True,True,54
2671,267,1,153,153,False,False,
2671,267,2,153,153,True,False,
2672,267,1,11,11,False,False,
2672,267,2,11,11,False,False,
2672,267,3,11,11,True,False,
2673,267,1,148,148,False,False,
2673,267,2,148,148,False,False,
2673,267,3,148,148,False,False,
2673,267,4,148,148,False,False,
2673,267,5,154,154,False,False,
2673,267,6,154,154,True,False,
2674,267,1,41,41,True,False,
2675,267,1,142,142,False,False,
2675,267,2,138,138,True,False,
2676,267,1,86,86,False,False,
2676,267,2,86,86,False,False,
2676,267,3,86,86,False,False,
2676,267,4,77,77,True,False,
2677,267,1,0,0,True,False,
2678,267,1,111,111,False,False,
2678,267,2,111,111,False,False,
2678,267,3,141,134,True,True,134 135 140
2679,267,1,110,129,True,True,129 128
2680,268,1,99,99,False,False,
2680,268,2,99,99,True,False,
2681,268,1,79,79,True,False,82
2682,268,1,121,121,True,False,
2683,268,1,151,151,False,False,
2683,268,2,151,151,False,False,
2683,268,3,152,152,True,False,
2684,268,1,95,95,True,False,
2685,268,1,78,78,True,False,
2686,268,1,31,39,True,True,39
2687,268,1,85,85,True,False,
2688,268,1,20,20,False,False,
2688,268,2,20,20,False,False,
2688,268,3,14,14,False,False,
2688,268,4,10,10,True,False,
2689,268,1,85,85,True,False,
2690,269,1,52,52,True,False,
2691,269,1,4,4,False,False,
2691,269,2,21,21,True,False,
2692,269,1,16,16,False,False,
2692,269,2,7,7,False,False,
2692,269,3,3,3,False,False,
2692,269,4,7,7,False,False,
2692,269,5,7,7,False,False,
2692,269,6,7,7,False,False,
2692,269,7,7,7,False,False,
2692,269,8,3,3,True,False,
2693,269,1,137,112,True,True,92 112
2694,269,1,73,73,True,False,
2695,269,1,61,69,True,True,69
2696,269,1,49,49,False,False,
2696,269,2,56,54,True,True,54
2697,269,1,18,18,True,False,
2698,269,1,28,28,True,False,
2699,269,1,28,28,True,False,
2700,270,1,7,27,True,True,27
2701,270,1,139,139,True,False,
2702,270,1,21,21,True,False,
2703,270,1,99,99,False,False,
2703,270,2,99,99,False,False,
2703,270,3,107,107,True,False,
2704,270,1,41,41,True,False,
2705,270,1,139,139,False,False,
2705,270,2,139,139,False,False,
2705,270,3,139,139,False,False,
2705,270,4,146,146,False,False,
2705,270,5,143,143,False,False,
2705,270,6,152,152,True,False,
2706,270,1,67,67,False,False,
2706,270,2,66,66,False,False,
2706,270,3,68,67,True,True,67
2707,270,1,142,142,False,False,
2707,270,2,150,150,True,False,
2708,270,1,85,85,True,False,
2709,270,1,147,147,True,False,
2710,271,1,75,75,True,False,
2711,271,1,59,59,True,False,
2712,271,1,93,93,False,False,
2712,271,2,93,93,False,False,
2712,271,3,112,112,False,False,
2712,271,4,112,112,True,False,
2713,271,1,72,72,False,False,
2713,271,2,72,72,False,False,
2713,271,3,72,72,True,False,
2714,271,1,68,67,True,True,67
2715,271,1,56,56,False,False,
2715,271,2,56,56,False,False,
2715,271,3,62,62,True,False,
2716,271,1,89,63,True,True,63 70
2717,271,1,98,98,False,False,
2717,271,2,105,105,False,False,
2717,271,3,122,122,False,False,111
2717,271,4,122,122,False,False,
2717,271,5,105,111,True,True,111
2718,271,1,39,39,False,False,
2718,271,2,39,39,True,False,
2719,271,1,62,62,True,False,
2720,272,1,60,81,True,True,124 93 88 84 81
2721,272,1,90,90,False,False,
2721,272,2,63,70,True,True,70
2722,272,1,141,141,False,False,
2722,272,2,141,141,True,False,
2723,272,1,88,94,True,True,94
2724,272,1,91,91,True,False,
2725,272,1,74,74,False,False,82
2725,272,2,68,72,True,True,72 73 67
2726,272,1,6,6,False,False,
2726,272,2,6,6,True,False,
2727,272,1,149,149,False,False,
2727,272,2,148,148,False,False,
2727,272,3,148,148,False,False,
2727,272,4,148,148,True,False,
2728,272,1,76,76,True,False,122
2729,272,1,95,95,True,False,
2730,273,1,58,58,True,False,
2731,273,1,75,75,False,False,
2731,273,2,75,75,False,False,
2731,273,3,75,75,False,False,
2731,273,4,78,78,True,False,
2732,273,1,42,42,False,False,
2732,273,2,34,34,False,False,
2732,273,3,34,34,False,False,
2732,273,4,34,34,False,False,
2732,273,5,40,42,True,True,42 41
2733,273,1,121,45,True,True,45 50 59
2734,273,1,117,117,True,False,
2735,273,1,91,91,False,False,
2735,273,2,79,79,False,False,
2735,273,3,79,79,False,False,
2735,273,4,79,79,True,False,
2736,273,1,67,67,True,False,
2737,273,1,50,50,True,False,
2738,273,1,145,138,True,True,90 96 126 138
2739,273,1,37,37,False,False,
2739,273,2,37,37,True,False,
2740,274,1,84,84,True,False,
2741,274,1,83,83,True,False,
2742,274,1,10,10,True,False,
2743,274,1,95,95,True,False,
2744,274,1,45,45,True,False,
2745,274,1,134,134,True,False,
2746,274,1,89,89,True,False,
2747,274,1,104,104,False,False,
2747,274,2,105,105,True,False,
2748,274,1,41,41,False,False,
2748,274,2,59,59,True,False,
2749,274,1,91,91,False,False,
2749,274,2,91,91,False,False,
2749,274,3,104,105,True,True,98 105
2750,275,1,76,76,False,False,
2750,275,2,85,85,True,False,
2751,275,1,55,55,True,False,
2752,275,1,115,115,True,False,116
2753,275,1,125,125,False,False,
2753,275,2,125,125,False,False,
2753,275,3,123,123,True,False,124
2754,275,1,39,39,False,False,
2754,275,2,51,40,True,True,40 41 42 45
2755,275,1,0,0,True,False,
2756,275,1,126,62,True,True,62 63 70 89 96
2757,275,1,32,32,True,False,
2758,275,1,86,86,False,False,
2758,275,2,86,86,True,False,
2759,275,1,38,38,True,False,
2760,276,1,63,74,True,True,74
2761,276,1,139,139,False,False,
2761,276,2,119,128,True,True,128 120
2762,276,1,123,123,False,False,
2762,276,2,133,133,False,False,
2762,276,3,134,134,False,False,
2762,276,4,122,122,False,False,
2762,276,5,122,122,False,False,
2762,276,6,122,122,False,False,
2762,276,7,122,122,False,False,
2762,276,8,122,122,False,False,
2762,276,9,122,122,False,False,
2762,276,10,122,122,False,False,
2762,276,11,139,139,True,False,
2763,276,1,96,101,True,True,108 101 100
2764,276,1,151,151,True,False,
2765,276,1,13,13,False,False,
2765,276,2,13,13,False,False,
2765,276,3,37,37,False,False,24 29
2765,276,4,37,37,True,False,
2766,276,1,20,20,True,False,
2767,276,1,0,14,True,True,14 1
2768,276,1,121,121,True,False,
2769,276,1,138,132,True,True,132
2770,277,1,85,85,True,False,
2771,277,1,70,70,True,False,
2772,277,1,75,75,True,False,
2773,277,1,31,31,True,False,41
2774,277,1,50,50,False,False,
2774,277,2,50,50,False,False,
2774,277,3,50,50,False,False,
2774,277,4,27,27,True,False,33
2775,277,1,61,61,True,False,
2776,277,1,129,129,True,False,
2777,277,1,151,151,True,False,
2778,277,1,9,9,True,False,12
2779,277,1,42,42,False,False,
2779,277,2,32,32,True,False,33
2780,278,1,80,80,True,False,
2781,278,1,66,66,False,False,
2781,278,2,66,66,False,False,
2781,278,3,45,50,True,True,50
2782,278,1,73,73,True,False,
2783,278,1,25,25,False,False,
2783,278,2,30,30,False,False,
2783,278,3,30,30,False,False,
2783,278,4,31,31,False,False,
2783,278,5,25,25,False,False,
2783,278,6,25,25,False,False,
2783,278,7,30,30,False,False,
2783,278,8,24,24,False,False,
2783,278,9,25,25,False,False,
2783,278,10,25,25,False,False,
2783,278,11,30,30,False,False,
2783,278,12,25,25,True,False,
2784,278,1,4,7,True,True,7
2785,278,1,35,35,True,False,
2786,278,1,7,7,True,False,
2787,278,1,117,117,False,False,
2787,278,2,132,132,True,False,
2788,278,1,15,15,True,False,
2789,278,1,142,142,False,False,
2789,278,2,150,145,True,True,145
2790,279,1,74,74,False,False,77
2790,279,2,76,76,True,False,
2791,279,1,15,15,False,False,
2791,279,2,16,16,False,False,
2791,279,3,4,4,False,False,
2791,279,4,22,17,True,True,16 17
2792,279,1,46,46,True,False,
2793,279,1,89,89,True,False,
2794,279,1,30,30,False,False,
2794,279,2,44,44,True,False,
2795,279,1,48,48,True,False,47
2796,279,1,127,121,True,True,98 104 121 128
2797,279,1,129,129,True,False,
2798,279,1,59,59,True,False,
2799,279,1,112,112,True,False,
2800,280,1,13,13,False,False,
2800,280,2,24,24,True,False,
2801,280,1,135,135,True,False,
2802,280,1,152,152,False,False,
2802,280,2,143,143,False,False,
2802,280,3,143,143,True,False,
2803,280,1,59,59,False,False,
2803,280,2,59,59,True,False,
2804,280,1,16,16,False,False,
2804,280,2,28,28,True,False,
2805,280,1,59,50,True,True,50
2806,280,1,46,46,False,False,
2806,280,2,55,55,False,False,
2806,280,3,52,52,False,False,
2806,280,4,46,46,False,False,
2806,280,5,46,46,False,False,
2806,280,6,55,55,True,False,
2807,280,1,10,10,False,False,
2807,280,2,10,10,True,False,
2808,280,1,71,71,False,False,
2808,280,2,71,71,False,False,
2808,280,3,62,70,True,True,70 63
2809,280,1,102,102,False,False,
2809,280,2,85,85,True,False,
2810,281,1,56,56,True,False,
2811,281,1,146,146,False,False,
2811,281,2,146,146,True,False,
2812,281,1,62,70,True,True,70
2813,281,1,92,91,True,True,91
2814,281,1,81,81,True,False,
2815,281,1,124,124,True,False,
2816,281,1,97,97,False,False,
2816,281,2,97,97,False,False,
2816,281,3,103,103,True,False,
2817,281,1,71,71,False,False,
2817,281,2,71,71,True,False,
2818,281,1,100,90,True,True,90
2819,281,1,42,42,False,False,
2819,281,2,33,33,True,False,
2820,282,1,151,151,True,False,
2821,282,1,69,69,False,False,80
2821,282,2,93,81,True,True,81 84 88
2822,282,1,16,16,False,False,
2822,282,2,34,34,True,False,
2823,282,1,14,14,True,False,
2824,282,1,151,151,True,False,
2825,282,1,53,53,False,False,
2825,282,2,53,53,True,False,
2826,282,1,71,71,True,False,
2827,282,1,47,47,True,False,
2828,282,1,49,49,False,False,
2828,282,2,38,38,True,False,
2829,282,1,133,133,True,False,103 122 129
2830,283,1,50,50,True,False,59
2831,283,1,92,92,False,False,91
2831,283,2,83,83,True,False,87
2832,283,1,48,48,False,False,
2832,283,2,61,61,True,False,
2833,283,1,32,32,True,False,
2834,283,1,111,111,False,False,
2834,283,2,111,111,False,False,
2834,283,3,122,122,True,False,
2835,283,1,116,116,False,False,
2835,283,2,116,116,False,False,
2835,283,3,116,116,False,False,
2835,283,4,89,89,True,False,
2836,283,1,71,71,True,False,
2837,283,1,90,90,True,False,
2838,283,1,27,33,True,True,33
2839,283,1,83,83,False,False,
2839,283,2,83,83,False,False,
2839,283,3,83,83,False,False,
2839,283,4,88,88,True,False,
2840,284,1,134,134,False,False,
2840,284,2,133,133,False,False,
2840,284,3,134,134,False,False,
2840,284,4,139,139,False,False,
2840,284,5,139,139,False,False,
2840,284,6,144,144,True,False,
2841,284,1,33,33,False,False,
2841,284,2,32,32,True,False,
2842,284,1,89,89,True,False,
2843,284,1,80,80,True,False,
2844,284,1,67,67,True,False,
2845,284,1,103,103,True,False,
2846,284,1,67,67,True,False,
2847,284,1,133,133,False,False,
2847,284,2,111,129,True,True,129 122
2848,284,1,146,146,True,False,
2849,284,1,65,65,True,False,
2850,285,1,27,40,True,True,40 41 32
2851,285,1,92,92,True,False,
2852,285,1,149,149,False,False,144
2852,285,2,149,149,True,False,
2853,285,1,33,33,True,False,
2854,285,1,15,15,True,False,27
2855,285,1,33,33,True,False,
2856,285,1,20,20,True,False,
2857,285,1,116,96,True,True,96
2858,285,1,98,98,False,False,
2858,285,2,88,88,True,False,87
2859,285,1,98,98,False,False,
2859,285,2,98,98,False,False,
2859,285,3,98,98,True,False,
2860,286,1,76,76,False,False,45 50
2860,286,2,57,57,True,False,
2861,286,1,91,91,False,False,
2861,286,2,91,91,True,False,
2862,286,1,131,116,True,True,116
2863,286,1,114,114,False,False,
2863,286,2,114,114,False,False,
2863,286,3,114,114,False,False,
2863,286,4,114,114,False,False,
2863,286,5,95,95,True,False,
2864,286,1,142,142,True,False,
2865,286,1,78,78,True,False,
2866,286,1,41,41,True,False,
2867,286,1,119,119,True,False,
2868,286,1,20,20,False,False,
2868,286,2,20,20,True,False,
2869,286,1,89,89,True,False,
2870,287,1,60,60,True,False,
2871,287,1,2,2,True,False,
2872,287,1,130,130,True,False,
2873,287,1,41,41,False,False,
2873,287,2,44,40,True,True,40 39
2874,287,1,75,75,False,False,
2874,287,2,105,105,True,False,79 98
2875,287,1,132,132,True,False,
2876,287,1,113,113,False,False,125
2876,287,2,113,113,False,False,
2876,287,3,113,113,False,False,
2876,287,4,113,113,False,False,
2876,287,5,136,125,True,True,125
2877,287,1,122,123,True,True,123
2878,287,1,87,87,False,False,
2878,287,2,98,98,False,False,
2878,287,3,66,66,False,False,
2878,287,4,121,121,True,False,
2879,287,1,107,107,False,False,
2879,287,2,102,100,True,True,100 101
2880,288,1,33,33,True,False,
2881,288,1,52,52,True,False,
2882,288,1,9,12,True,True,12
2883,288,1,53,53,True,False,
2884,288,1,47,47,False,False,
2884,288,2,47,47,False,False,
2884,288,3,47,47,True,False,
2885,288,1,152,152,True,False,146
2886,288,1,66,66,False,False,
2886,288,2,59,59,False,False,
2886,288,3,59,59,True,False,
2887,288,1,135,135,False,False,
2887,288,2,135,135,False,False,
2887,288,3,135,135,False,False,
2887,288,4,135,135,False,False,
2887,288,5,136,136,True,False,
2888,288,1,154,154,True,False,
2889,288,1,134,134,False,False,
2889,288,2,134,134,False,False,
2889,288,3,134,134,True,False,
2890,289,1,128,128,False,False,
2890,289,2,139,139,True,False,
2891,289,1,40,40,True,False,
2892,289,1,112,112,True,False,106
2893,289,1,9,9,True,False,
2894,289,1,111,78,True,True,78 82 104
2895,289,1,135,135,False,False,112
2895,289,2,122,122,False,False,
2895,289,3,122,122,False,False,
2895,289,4,122,122,False,False,
2895,289,5,122,122,True,False,
2896,289,1,61,61,True,False,
2897,289,1,65,65,True,False,
2898,289,1,85,85,True,False,
2899,289,1,36,36,True,False,
2900,290,1,95,95,True,False,
2901,290,1,114,114,False,False,
2901,290,2,114,114,True,False,
2902,290,1,77,77,True,False,
2903,290,1,121,121,True,False,
2904,290,1,100,100,False,False,
2904,290,2,100,100,False,False,
2904,290,3,100,100,False,False,
2904,290,4,100,100,True,False,
2905,290,1,153,150,True,True,150
2906,290,1,49,49,False,False,
2906,290,2,24,24,False,False,37 29
2906,290,3,49,49,False,False,
2906,290,4,49,49,False,False,
2906,290,5,49,49,True,False,
2907,290,1,79,79,True,False,77 78
2908,290,1,63,63,False,False,71 64
2908,290,2,63,63,False,False,
2908,290,3,63,63,False,False,
2908,290,4,63,63,False,False,
2908,290,5,71,71,False,False,70
2908,290,6,65,65,True,False,
2909,290,1,99,99,False,False,
2909,290,2,89,89,True,False,
2910,291,1,34,34,False,False,
2910,291,2,52,52,True,False,
2911,291,1,34,34,True,False,
2912,291,1,150,150,False,False,
2912,291,2,150,150,True,False,
2913,291,1,66,66,True,False,
2914,291,1,36,36,False,False,
2914,291,2,47,47,False,False,
2914,291,3,36,36,True,False,
2915,291,1,44,44,False,False,
2915,291,2,25,25,True,False,
2916,291,1,22,22,False,False,
2916,291,2,22,22,True,False,
2917,291,1,38,38,True,False,
2918,291,1,75,75,False,False,
2918,291,2,82,79,True,True,79
2919,291,1,82,82,True,False,
2920,292,1,86,86,False,False,
2920,292,2,86,86,False,False,
2920,292,3,121,121,True,False,
2921,292,1,144,144,True,False,
2922,292,1,65,65,True,False,
2923,292,1,99,99,True,False,
2924,292,1,56,56,True,False,
2925,292,1,35,35,False,False,
2925,292,2,22,28,True,True,28
2926,292,1,151,151,True,False,
2927,292,1,71,71,False,False,
2927,292,2,71,71,True,False,
2928,292,1,86,86,False,False,
2928,292,2,102,102,False,False,
2928,292,3,86,86,False,False,
2928,292,4,85,85,False,False,
2928,292,5,86,86,False,False,
2928,292,6,66,66,True,False,
2929,292,1,52,52,False,False,51
2929,292,2,45,45,False,False,
2929,292,3,67,67,True,False,
2930,293,1,17,17,True,False,
2931,293,1,75,75,True,False,
2932,293,1,69,69,True,False,
2933,293,1,142,142,False,False,
2933,293,2,142,142,False,False,
2933,293,3,142,142,False,False,
2933,293,4,142,142,False,False,
2933,293,5,142,142,False,False,
2933,293,6,142,142,False,False,
2933,293,7,131,131,True,False,
2934,293,1,56,56,True,False,
2935,293,1,111,111,True,False,
2936,293,1,146,146,False,False,139
2936,293,2,146,146,True,False,
2937,293,1,3,3,True,False,
2938,293,1,89,89,True,False,
2939,293,1,134,134,True,False,
2940,294,1,7,7,False,False,
2940,294,2,15,15,True,False,
2941,294,1,69,69,True,False,52 55
2942,294,1,136,136,False,False,
2942,294,2,106,112,True,True,112
2943,294,1,127,127,False,False,
2943,294,2,127,127,True,False,
2944,294,1,147,147,False,False,
2944,294,2,147,147,False,False,
2944,294,3,128,146,True,True,146 139
2945,294,1,53,53,True,False,
2946,294,1,84,84,False,False,
2946,294,2,55,69,True,True,81 69
2947,294,1,131,131,True,False,
2948,294,1,80,80,True,False,
2949,294,1,39,39,True,False,41 40
2950,295,1,48,48,True,False,
2951,295,1,111,111,False,False,
2951,295,2,111,111,False,False,
2951,295,3,111,111,False,False,
2951,295,4,111,111,False,False,
2951,295,5,121,121,True,False,
2952,295,1,98,104,True,True,104
2953,295,1,97,97,False,False,
2953,295,2,97,97,True,False,
2954,295,1,36,36,False,False,
2954,295,2,19,19,False,False,
2954,295,3,19,19,True,False,
2955,295,1,66,66,False,False,
2955,295,2,59,59,False,False,
2955,295,3,59,59,True,False,
2956,295,1,54,58,True,True,58 57 56
2957,295,1,31,31,False,False,
2957,295,2,37,37,True,False,38
2958,295,1,89,56,True,True,56
2959,295,1,32,32,True,False,
2960,296,1,60,60,True,False,
2961,296,1,152,78,True,True,68 75 79 78 98 105 129
2962,296,1,43,69,True,True,69 61
2963,296,1,84,84,False,False,
2963,296,2,91,88,True,True,88 87 92
2964,296,1,4,4,True,False,
2965,296,1,90,90,False,False,
2965,296,2,89,89,True,False,
2966,296,1,51,51,False,False,
2966,296,2,75,75,True,False,
2967,296,1,80,80,True,False,
2968,296,1,58,58,False,False,
2968,296,2,102,102,True,False,85
2969,296,1,102,102,True,False,
2970,297,1,47,47,False,False,35 43
2970,297,2,43,43,False,False,
2970,297,3,43,43,True,False,
2971,297,1,25,25,True,False,
2972,297,1,55,55,True,False,
2973,297,1,50,50,True,False,
2974,297,1,75,75,False,False,
2974,297,2,87,87,False,False,79 80 83
2974,297,3,87,87,False,False,
2974,297,4,87,87,False,False,
2974,297,5,87,87,True,False,
2975,297,1,12,12,True,False,
2976,297,1,16,16,True,False,
2977,297,1,118,118,True,False,
2978,297,1,33,33,False,False,
2978,297,2,15,15,True,False,
2979,297,1,66,66,True,False,
2980,298,1,75,75,False,False,
2980,298,2,75,75,True,False,
2981,298,1,74,74,False,False,
2981,298,2,65,65,True,False,
2982,298,1,11,11,False,False,
2982,298,2,11,11,True,False,
2983,298,1,115,89,True,True,89
2984,298,1,57,57,False,False,
2984,298,2,57,57,False,False,
2984,298,3,44,44,True,False,
2985,298,1,93,93,False,False,
2985,298,2,113,113,False,False,
2985,298,3,113,113,True,False,
2986,298,1,59,59,True,False,
2987,298,1,92,78,True,True,78 79 80 83 87
2988,298,1,147,147,False,False,
2988,298,2,152,152,True,False,
2989,298,1,131,131,True,False,
2990,299,1,110,77,True,True,77
2991,299,1,32,32,True,False,41
2992,299,1,53,53,True,False,
2993,299,1,97,97,False,False,
2993,299,2,97,97,False,False,
2993,299,3,127,127,True,False,103
2994,299,1,37,37,True,False,
2995,299,1,64,64,False,False,
2995,299,2,64,64,True,False,
2996,299,1,15,15,False,False,
2996,299,2,15,15,True,False,
2997,299,1,65,65,True,False,58
2998,299,1,84,80,True,True,80 81
2999,299,1,82,78,True,True,79 78
3000,300,1,108,83,True,True,83 82 103 102 101
3001,300,1,53,53,True,False,61
3002,300,1,57,57,False,False,
3002,300,2,70,63,True,True,63
3003,300,1,72,72,True,False,
3004,300,1,17,17,True,False,
3005,300,1,151,151,True,False,
3006,300,1,11,11,True,False,
3007,300,1,109,109,False,False,
3007,300,2,102,102,True,False,
3008,300,1,57,57,False,False,
3008,300,2,57,57,False,False,
3008,300,3,57,57,False,False,
3008,300,4,57,57,False,False,
3008,300,5,57,57,False,False,
3008,300,6,57,57,False,False,
3008,300,7,58,58,True,False,
3009,300,1,66,66,True,False,
3010,301,1,52,52,True,False,
3011,301,1,115,115,True,False,
3012,301,1,90,90,False,False,
3012,301,2,90,90,True,False,
3013,301,1,151,151,True,False,
3014,301,1,134,134,False,False,
3014,301,2,139,139,True,False,133
3015,301,1,62,62,True,False,
3016,301,1,88,88,True,False,
3017,301,1,150,150,False,False,
3017,301,2,150,150,True,False,
3018,301,1,150,150,True,False,
3019,301,1,143,143,False,False,
3019,301,2,143,143,True,False,
3020,302,1,78,45,True,True,45 67
3021,302,1,37,37,False,False,
3021,302,2,37,37,True,False,
3022,302,1,40,40,True,False,39
3023,302,1,86,86,True,False,
3024,302,1,113,113,True,False,
3025,302,1,93,93,False,False,
3025,302,2,93,93,False,False,
3025,302,3,88,88,False,False,
3025,302,4,80,83,True,True,87 83
3026,302,1,33,33,False,False,45
3026,302,2,33,33,False,False,
3026,302,3,33,33,True,False,
3027,302,1,113,94,True,True,94
3028,302,1,144,144,False,False,
3028,302,2,136,136,False,False,
3028,302,3,141,137,True,True,137
3029,302,1,42,45,True,True,45
3030,303,1,75,75,False,False,
3030,303,2,95,95,True,False,
3031,303,1,146,146,False,False,
3031,303,2,154,154,True,False,
3032,303,1,144,144,True,False,
3033,303,1,113,113,False,False,
3033,303,2,113,113,True,False,
3034,303,1,141,141,True,False,
3035,303,1,21,21,False,False,
3035,303,2,21,21,False,False,
3035,303,3,21,21,False,False,
3035,303,4,21,21,True,False,
3036,303,1,151,151,False,False,
3036,303,2,151,151,False,False,
3036,303,3,132,132,True,False,
3037,303,1,71,71,False,False,
3037,303,2,71,71,False,False,
3037,303,3,71,71,False,False,
3037,303,4,71,71,True,False,
3038,303,1,132,132,True,False,
3039,303,1,68,68,True,False,
3040,304,1,54,54,False,False,71
3040,304,2,63,63,False,False,56
3040,304,3,71,71,False,False,
3040,304,4,70,70,True,False,
3041,304,1,63,63,False,False,
3041,304,2,44,44,True,False,64
3042,304,1,111,111,False,False,86
3042,304,2,78,105,True,True,104 105 98 82
3043,304,1,93,93,False,False,
3043,304,2,95,95,True,False,
3044,304,1,11,11,False,False,
3044,304,2,6,6,False,False,
3044,304,3,6,6,False,False,
3044,304,4,11,11,False,False,
3044,304,5,20,20,True,False,
3045,304,1,75,59,True,True,39 59 66
3046,304,1,82,82,True,False,
3047,304,1,25,25,True,False,
3048,304,1,43,43,True,False,
3049,304,1,81,81,True,False,
3050,305,1,50,66,True,True,66
3051,305,1,16,16,False,False,
3051,305,2,7,7,False,False,
3051,305,3,7,7,True,False,
3052,305,1,102,102,True,False,
3053,305,1,9,12,True,True,12
3054,305,1,144,144,False,False,113 125
3054,305,2,144,144,True,False,
3055,305,1,132,132,False,False,
3055,305,2,117,117,True,False,
3056,305,1,45,45,False,False,59 50
3056,305,2,67,67,True,False,51
3057,305,1,95,95,True,False,
3058,305,1,104,104,True,False,
3059,305,1,39,39,False,False,
3059,305,2,31,31,False,False,
3059,305,3,40,40,False,False,
3059,305,4,40,40,True,False,
3060,306,1,58,58,True,False,
3061,306,1,59,59,True,False,
3062,306,1,19,19,False,False,
3062,306,2,19,19,True,False,
3063,306,1,122,122,False,False,
3063,306,2,122,122,True,False,
3064,306,1,99,99,True,False,
3065,306,1,73,73,True,False,
3066,306,1,27,27,True,False,33
3067,306,1,12,12,False,False,
3067,306,2,18,18,True,False,
3068,306,1,75,75,True,False,
3069,306,1,52,52,True,False,
3070,307,1,116,116,False,False,
3070,307,2,115,115,True,False,
3071,307,1,102,102,True,False,
3072,307,1,0,0,True,False,
3073,307,1,58,58,True,False,
3074,307,1,151,151,False,False,
3074,307,2,152,152,False,False,
3074,307,3,143,143,False,False,
3074,307,4,152,152,False,False,
3074,307,5,127,143,True,True,143
3075,307,1,134,134,True,False,
3076,307,1,131,131,False,False,
3076,307,2,142,142,False,False,
3076,307,3,142,142,False,False,
3076,307,4,142,142,False,False,
3076,307,5,131,131,True,False,
3077,307,1,134,134,True,False,
3078,307,1,106,106,True,False,
3079,307,1,141,141,True,False,
3080,308,1,97,97,False,False,
3080,308,2,104,104,False,False,
3080,308,3,103,103,True,False,
3081,308,1,123,123,True,False,
3082,308,1,61,61,True,False,
3083,308,1,76,76,False,False,
3083,308,2,74,74,True,False,
3084,308,1,104,104,True,False,
3085,308,1,10,10,False,False,
3085,308,2,10,10,True,False,
3086,308,1,68,32,True,True,32 45
3087,308,1,149,149,False,False,
3087,308,2,144,144,True,False,
3088,308,1,122,122,True,False,134
3089,308,1,113,125,True,True,125
3090,309,1,96,96,False,False,90
3090,309,2,101,101,True,False,100
3091,309,1,148,148,False,False,
3091,309,2,154,154,False,False,
3091,309,3,148,148,True,False,
3092,309,1,11,11,True,False,
3093,309,1,133,133,False,False,
3093,309,2,154,154,True,False,
3094,309,1,128,128,False,False,
3094,309,2,128,128,True,False,
3095,309,1,123,123,False,False,
3095,309,2,123,123,False,False,
3095,309,3,133,133,True,False,
3096,309,1,90,90,True,False,
3097,309,1,84,82,True,True,82 83
3098,309,1,76,76,True,False,
3099,309,1,98,98,False,False,
3099,309,2,98,98,False,False,
3099,309,3,104,104,True,False,
3100,310,1,26,26,True,False,
3101,310,1,107,107,True,False,
3102,310,1,142,142,False,False,
3102,310,2,138,138,True,False,
3103,310,1,65,65,False,False,
3103,310,2,72,72,False,False,
3103,310,3,72,72,False,False,
3103,310,4,73,73,True,False,
3104,310,1,153,150,True,True,150
3105,310,1,86,86,False,False,
3105,310,2,86,86,False,False,
3105,310,3,59,59,True,False,
3106,310,1,47,47,True,False,
3107,310,1,154,154,False,False,
3107,310,2,134,134,False,False,
3107,310,3,134,134,False,False,
3107,310,4,154,154,True,False,
3108,310,1,86,86,False,False,
3108,310,2,86,86,True,False,
3109,310,1,56,56,True,False,
3110,311,1,114,114,True,False,
3111,311,1,99,99,True,False,
3112,311,1,51,51,False,False,
3112,311,2,51,51,False,False,
3112,311,3,51,51,False,False,
3112,311,4,68,60,True,True,60
3113,311,1,101,101,True,False,85
3114,311,1,36,36,True,False,
3115,311,1,90,90,False,False,
3115,311,2,90,90,True,False,
3116,311,1,8,8,False,False,
3116,311,2,17,17,False,False,
3116,311,3,8,8,True,False,
3117,311,1,104,104,False,False,
3117,311,2,104,104,True,False,
3118,311,1,42,42,False,False,
3118,311,2,32,41,True,True,41
3119,311,1,62,62,True,False,
3120,312,1,97,97,True,False,
3121,312,1,43,43,False,False,46
3121,312,2,43,43,False,False,
3121,312,3,43,43,False,False,
3121,312,4,43,43,True,False,
3122,312,1,130,130,False,False,
3122,312,2,130,130,True,False,
3123,312,1,107,107,True,False,
3124,312,1,50,50,False,False,
3124,312,2,50,50,False,False,
3124,312,3,50,50,False,False,
3124,312,4,50,50,True,False,
3125,312,1,96,90,True,True,90
3126,312,1,59,73,True,True,73
3127,312,1,65,65,False,False,
3127,312,2,65,65,True,False,
3128,312,1,37,37,False,False,
3128,312,2,37,37,False,False,
3128,312,3,37,37,False,False,
3128,312,4,37,37,False,False,
3128,312,5,37,37,False,False,
3128,312,6,37,37,False,False,
3128,312,7,37,37,False,False,
3128,312,8,37,37,False,False,
3128,312,9,37,37,True,False,
3129,312,1,13,13,True,False,
3130,313,1,107,89,True,True,89
3131,313,1,30,30,True,False,
3132,313,1,154,154,False,False,
3132,313,2,154,154,False,False,
3132,313,3,154,154,False,False,
3132,313,4,154,154,True,False,
3133,313,1,99,99,True,False,
3134,313,1,137,137,False,False,
3134,313,2,137,137,True,False,
3135,313,1,90,101,True,True,101
3136,313,1,28,28,True,False,
3137,313,1,92,92,True,False,83 87
3138,313,1,104,104,True,False,
3139,313,1,143,143,False,False,
3139,313,2,77,103,True,True,103 97
3140,314,1,128,128,False,False,
3140,314,2,128,128,True,False,
3141,314,1,59,59,True,False,
3142,314,1,8,8,True,False,
3143,314,1,82,82,False,False,
3143,314,2,82,82,True,False,
3144,314,1,145,145,True,False,
3145,314,1,95,95,True,False,
3146,314,1,110,103,True,True,103
3147,314,1,66,66,False,False,
3147,314,2,68,67,True,True,67
3148,314,1,59,59,True,False,66
3149,314,1,111,111,False,False,104
3149,314,2,111,111,False,False,
3149,314,3,111,111,True,False,
3150,315,1,62,62,True,False,
3151,315,1,58,58,False,False,
3151,315,2,31,31,True,False,
3152,315,1,96,96,False,False,
3152,315,2,89,89,True,False,
3153,315,1,129,129,False,False,
3153,315,2,134,134,False,False,
3153,315,3,134,134,True,False,
3154,315,1,110,110,False,False,
3154,315,2,110,110,False,False,
3154,315,3,119,119,False,False,
3154,315,4,103,103,False,False,
3154,315,5,117,102,True,True,102 108
3155,315,1,82,82,True,False,
3156,315,1,118,118,True,False,109
3157,315,1,18,22,True,True,22
3158,315,1,98,98,False,False,
3158,315,2,98,98,True,False,
3159,315,1,97,97,False,False,
3159,315,2,110,110,True,False,
3160,316,1,2,2,True,False,
3161,316,1,119,119,False,False,
3161,316,2,127,127,True,False,
3162,316,1,133,133,False,False,
3162,316,2,133,133,False,False,
3162,316,3,147,147,False,False,
3162,316,4,133,133,False,False,
3162,316,5,147,147,True,False,
3163,316,1,40,40,False,False,
3163,316,2,41,41,True,False,
3164,316,1,81,81,False,False,
3164,316,2,79,79,False,False,80
3164,316,3,81,81,True,False,
3165,316,1,115,115,True,False,107
3166,316,1,3,3,True,False,
3167,316,1,81,81,True,False,
3168,316,1,2,2,True,False,
3169,316,1,32,32,False,False,
3169,316,2,58,58,True,False,41
3170,317,1,101,101,False,False,
3170,317,2,101,101,True,False,
3171,317,1,30,30,True,False,
3172,317,1,107,107,False,False,
3172,317,2,107,107,False,False,
3172,317,3,107,107,True,False,
3173,317,1,148,148,False,False,134
3173,317,2,148,148,False,False,
3173,317,3,148,148,False,False,
3173,317,4,148,148,False,False,
3173,317,5,148,148,False,False,
3173,317,6,148,148,False,False,
3173,317,7,148,148,False,False,
3173,317,8,111,111,False,False,
3173,317,9,111,111,False,False,
3173,317,10,111,111,False,False,
3173,317,11,112,112,True,False,
3174,317,1,75,75,True,False,
3175,317,1,112,91,True,True,91 106
3176,317,1,54,57,True,True,57
3177,317,1,90,90,True,False,
3178,317,1,128,128,True,False,
3179,317,1,64,71,True,True,71
3180,318,1,86,86,True,False,
3181,318,1,107,107,False,False,
3181,318,2,138,138,False,False,
3181,318,3,138,138,True,False,
3182,318,1,143,143,True,False,
3183,318,1,59,59,True,False,
3184,318,1,78,78,False,False,
3184,318,2,78,78,True,False,
3185,318,1,151,151,True,False,
3186,318,1,57,57,True,False,76 74
3187,318,1,61,61,True,False,
3188,318,1,49,49,False,False,
3188,318,2,49,49,False,False,
3188,318,3,56,56,False,False,54
3188,318,4,30,30,False,False,
3188,318,5,38,38,False,False,
3188,318,6,38,38,False,False,
3188,318,7,38,38,True,False,
3189,318,1,8,8,False,False,
3189,318,2,17,17,False,False,
3189,318,3,17,17,True,False,
3190,319,1,84,84,False,False,
3190,319,2,125,93,True,True,88 93 94
3191,319,1,50,50,True,False,66
3192,319,1,66,66,False,False,
3192,319,2,66,66,False,False,
3192,319,3,67,67,False,False,
3192,319,4,67,67,True,False,
3193,319,1,90,90,True,False,
3194,319,1,25,25,False,False,
3194,319,2,20,20,True,False,
3195,319,1,40,40,False,False,
3195,319,2,39,39,True,False,
3196,319,1,41,40,True,True,40
3197,319,1,126,126,False,False,
3197,319,2,126,126,False,False,
3197,319,3,126,126,True,False,
3198,319,1,119,119,True,False,
3199,319,1,90,90,False,False,
3199,319,2,70,70,False,False,
3199,319,3,70,70,False,False,
3199,319,4,54,62,True,True,62 56
3200,320,1,20,20,False,False,
3200,320,2,20,20,True,False,
3201,320,1,50,50,True,False,
3202,320,1,77,77,True,False,
3203,320,1,39,39,True,False,
3204,320,1,29,29,True,False,
3205,320,1,126,126,True,False,96
3206,320,1,19,19,False,False,
3206,320,2,12,12,True,False,
3207,320,1,3,3,False,False,
3207,320,2,7,7,False,False,
3207,320,3,7,7,False,False,
3207,320,4,3,3,True,False,
3208,320,1,5,5,True,False,
3209,320,1,49,49,False,False,
3209,320,2,64,64,False,False,
3209,320,3,56,56,True,False,
3210,321,1,7,7,False,False,
3210,321,2,33,15,True,True,15
3211,321,1,139,139,True,False,
3212,321,1,69,69,True,False,
3213,321,1,96,96,False,False,90
3213,321,2,96,96,True,False,
3214,321,1,56,56,False,False,
3214,321,2,37,54,True,True,54 49
3215,321,1,60,60,True,False,
3216,321,1,115,115,False,False,107
3216,321,2,107,107,False,False,
3216,321,3,107,107,False,False,
3216,321,4,115,115,True,False,
3217,321,1,113,113,False,False,
3217,321,2,114,114,False,False,
3217,321,3,113,113,False,False,
3217,321,4,114,114,False,False,
3217,321,5,113,113,True,False,
3218,321,1,29,37,True,True,37
3219,321,1,60,60,False,False,
3219,321,2,52,52,True,False,
3220,322,1,70,70,True,False,
3221,322,1,51,51,False,False,
3221,322,2,68,60,True,True,60
3222,322,1,59,59,True,False,
3223,322,1,95,95,False,False,
3223,322,2,113,114,True,True,114
3224,322,1,26,50,True,True,50
3225,322,1,89,89,True,False,
3226,322,1,24,38,True,True,38 37 29
3227,322,1,70,70,True,False,
3228,322,1,144,144,False,False,135
3228,322,2,136,136,True,False,
3229,322,1,135,135,True,False,
3230,323,1,61,61,False,False,
3230,323,2,61,61,True,False,
3231,323,1,84,84,False,False,81
3231,323,2,69,81,True,True,81
3232,323,1,13,13,True,False,
3233,323,1,64,64,False,False,
3233,323,2,64,64,True,False,
3234,323,1,45,45,False,False,
3234,323,2,45,45,False,False,
3234,323,3,45,45,False,False,
3234,323,4,51,51,False,False,
3234,323,5,51,51,False,False,
3234,323,6,45,45,True,False,
3235,323,1,3,3,False,False,
3235,323,2,3,3,False,False,
3235,323,3,3,3,False,False,
3235,323,4,2,2,True,False,
3236,323,1,63,63,False,False,
3236,323,2,63,63,True,False,
3237,323,1,99,99,False,False,
3237,323,2,107,107,True,False,
3238,323,1,80,80,True,False,
3239,323,1,53,53,False,False,
3239,323,2,53,53,False,False,
3239,323,3,53,53,False,False,
3239,323,4,53,53,True,False,
3240,324,1,78,78,False,False,
3240,324,2,78,78,False,False,
3240,324,3,78,78,True,False,
3241,324,1,127,86,True,True,86 97 103
3242,324,1,108,108,False,False,
3242,324,2,108,108,True,False,
3243,324,1,90,101,True,True,101
3244,324,1,98,98,False,False,
3244,324,2,98,98,False,False,
3244,324,3,98,98,False,False,
3244,324,4,98,98,True,False,
3245,324,1,74,85,True,True,85
3246,324,1,66,66,True,False,
3247,324,1,21,21,False,False,34
3247,324,2,21,21,False,False,
3247,324,3,35,35,False,False,
3247,324,4,35,35,False,False,
3247,324,5,28,28,False,False,
3247,324,6,28,28,False,False,
3247,324,7,28,28,False,False,
3247,324,8,28,28,False,False,
3247,324,9,28,28,True,False,
3248,324,1,51,51,False,False,
3248,324,2,51,51,False,False,
3248,324,3,51,51,False,False,
3248,324,4,45,45,False,False,
3248,324,5,27,27,True,False,33
3249,324,1,103,103,False,False,
3249,324,2,110,110,False,False,
3249,324,3,110,110,False,False,
3249,324,4,109,109,False,False,
3249,324,5,109,109,False,False,
3249,324,6,109,109,True,False,
3250,325,1,135,112,True,True,106 112
3251,325,1,40,50,True,True,66 50 41
3252,325,1,7,7,False,False,
3252,325,2,3,3,False,False,
3252,325,3,2,2,True,False,
3253,325,1,136,136,False,False,
3253,325,2,136,136,False,False,
3253,325,3,136,136,False,False,
3253,325,4,134,134,False,False,
3253,325,5,123,123,False,False,
3253,325,6,148,148,True,False,
3254,325,1,15,15,True,False,
3255,325,1,73,73,True,False,
3256,325,1,42,42,False,False,
3256,325,2,15,15,True,False,
3257,325,1,90,90,False,False,
3257,325,2,117,117,False,False,100
3257,325,3,108,108,False,False,
3257,325,4,90,101,True,True,101
3258,325,1,152,102,True,True,102 110 127
3259,325,1,97,97,True,False,
3260,326,1,89,89,True,False,
3261,326,1,13,13,False,False,
3261,326,2,13,13,True,False,
3262,326,1,103,77,True,True,77 97
3263,326,1,85,85,True,False,
3264,326,1,114,114,False,False,
3264,326,2,114,114,False,False,
3264,326,3,114,114,True,False,
3265,326,1,144,137,True,True,137
3266,326,1,47,47,True,False,
3267,326,1,82,79,True,True,79 78
3268,326,1,75,75,False,False,
3268,326,2,79,79,False,False,
3268,326,3,79,79,False,False,
3268,326,4,79,79,False,False,
3268,326,5,79,79,True,False,
3269,326,1,40,40,True,False,
3270,327,1,62,62,True,False,
3271,327,1,2,11,True,True,11
3272,327,1,27,27,True,False,
3273,327,1,109,109,False,False,
3273,327,2,110,110,False,False,
3273,327,3,132,132,True,False,
3274,327,1,107,107,False,False,
3274,327,2,96,96,False,False,
3274,327,3,99,99,True,False,
3275,327,1,78,78,True,False,
3276,327,1,51,51,False,False,
3276,327,2,51,51,False,False,
3276,327,3,52,52,True,False,
3277,327,1,13,13,False,False,
3277,327,2,23,24,True,True,24
3278,327,1,21,21,False,False,
3278,327,2,28,28,True,False,
3279,327,1,64,65,True,True,65
3280,328,1,63,63,True,False,
3281,328,1,153,153,True,False,145
3282,328,1,91,91,True,False,
3283,328,1,17,17,True,False,35 28 21
3284,328,1,66,66,False,False,
3284,328,2,66,66,False,False,
3284,328,3,45,50,True,True,50
3285,328,1,25,25,True,False,
3286,328,1,49,49,True,False,
3287,328,1,30,30,False,False,
3287,328,2,30,30,False,False,
3287,328,3,30,30,True,False,
3288,328,1,97,97,False,False,
3288,328,2,103,103,False,False,
3288,328,3,103,103,True,False,
3289,328,1,61,61,True,False,
3290,329,1,21,28,True,True,28
3291,329,1,151,151,False,False,
3291,329,2,143,143,False,False,
3291,329,3,151,151,False,False,
3291,329,4,151,151,True,False,
3292,329,1,7,7,False,False,
3292,329,2,4,4,True,False,
3293,329,1,7,7,True,False,
3294,329,1,22,22,False,False,
3294,329,2,16,17,True,True,17
3295,329,1,45,45,True,False,
3296,329,1,66,66,True,False,
3297,329,1,39,39,False,False,
3297,329,2,39,39,True,False,
3298,329,1,72,72,True,False,
3299,329,1,106,106,False,False,
3299,329,2,112,112,True,False,
3300,330,1,45,59,True,True,59 50
3301,330,1,115,115,True,False,
3302,330,1,35,46,True,True,46
3303,330,1,87,87,False,False,
3303,330,2,79,79,False,False,
3303,330,3,83,83,True,False,
3304,330,1,122,122,True,False,
3305,330,1,142,142,True,False,
3306,330,1,22,22,True,False,
3307,330,1,28,28,False,False,
3307,330,2,28,28,True,False,
3308,330,1,118,118,True,False,
3309,330,1,119,119,False,False,
3309,330,2,119,119,False,False,
3309,330,3,110,110,False,False,
3309,330,4,110,110,False,False,
3309,330,5,120,119,True,True,119
3310,331,1,39,39,True,False,
3311,331,1,49,49,False,False,
3311,331,2,49,49,False,False,
3311,331,3,49,49,False,False,
3311,331,4,54,54,False,False,
3311,331,5,49,49,False,False,
3311,331,6,49,49,False,False,
3311,331,7,49,49,False,False,
3311,331,8,49,49,False,False,
3311,331,9,54,54,True,False,
3312,331,1,60,60,True,False,
3313,331,1,104,98,True,True,98 105
3314,331,1,83,83,False,False,
3314,331,2,81,81,True,False,
3315,331,1,55,55,True,False,61
3316,331,1,143,143,False,False,
3316,331,2,146,146,False,False,
3316,331,3,146,146,True,False,
3317,331,1,75,79,True,True,79
3318,331,1,46,75,True,True,75 69 55
3319,331,1,144,144,False,False,
3319,331,2,144,144,False,False,
3319,331,3,148,148,False,False,
3319,331,4,148,148,False,False,
3319,331,5,148,148,False,False,
3319,331,6,148,148,False,False,
3319,331,7,154,154,True,False,
3320,332,1,70,70,False,False,
3320,332,2,62,62,True,False,
3321,332,1,84,84,True,False,
3322,332,1,2,2,True,False,
3323,332,1,75,75,False,False,
3323,332,2,95,80,True,True,80 83 84 88 94
3324,332,1,70,70,False,False,
3324,332,2,62,62,False,False,
3324,332,3,63,63,True,False,
3325,332,1,75,75,False,False,
3325,332,2,105,105,True,False,98
3326,332,1,116,116,False,False,
3326,332,2,90,90,True,False,100
3327,332,1,89,89,False,False,
3327,332,2,89,89,False,False,
3327,332,3,107,107,False,False,
3327,332,4,115,115,True,False,
3328,332,1,52,51,True,True,51
3329,332,1,32,32,False,False,
3329,332,2,3,3,False,False,
3329,332,3,3,3,False,False,
3329,332,4,3,3,False,False,
3329,332,5,3,3,False,False,
3329,332,6,3,3,False,False,
3329,332,7,40,40,True,False,
3330,333,1,92,92,True,False,
3331,333,1,30,30,False,False,
3331,333,2,30,30,False,False,
3331,333,3,30,30,False,False,
3331,333,4,30,30,False,False,
3331,333,5,30,30,True,False,
3332,333,1,72,72,True,False,
3333,333,1,123,123,True,False,
3334,333,1,136,135,True,True,135
3335,333,1,60,87,True,True,87 83 80 75 68
3336,333,1,98,98,True,False,
3337,333,1,40,50,True,True,50 41
3338,333,1,1,1,True,False,
3339,333,1,85,85,False,False,
3339,333,2,85,85,True,False,
3340,334,1,73,73,True,False,
3341,334,1,7,7,False,False,
3341,334,2,15,15,True,False,
3342,334,1,72,72,False,False,
3342,334,2,72,72,True,False,
3343,334,1,69,69,False,False,
3343,334,2,53,53,True,False,61
3344,334,1,124,124,True,False,
3345,334,1,63,71,True,True,74 71 64
3346,334,1,85,74,True,True,74 76
3347,334,1,43,43,False,False,46
3347,334,2,52,52,True,False,
3348,334,1,61,61,True,False,
3349,334,1,18,18,False,False,
3349,334,2,18,18,False,False,
3349,334,3,18,18,True,False,
3350,335,1,39,73,True,True,73
3351,335,1,52,52,True,False,
3352,335,1,127,127,True,False,
3353,335,1,93,93,False,False,
3353,335,2,94,94,False,False,
3353,335,3,94,94,False,False,
3353,335,4,112,112,False,False,
3353,335,5,112,112,False,False,
3353,335,6,94,94,True,False,
3354,335,1,115,115,True,False,
3355,335,1,7,7,True,False,
3356,335,1,3,3,True,False,
3357,335,1,86,86,True,False,
3358,335,1,110,110,False,False,103
3358,335,2,110,110,False,False,
3358,335,3,103,103,True,False,
3359,335,1,28,28,False,False,
3359,335,2,17,17,True,False,
3360,336,1,44,44,True,False,
3361,336,1,42,42,False,False,
3361,336,2,60,60,False,False,45
3361,336,3,60,60,True,False,
3362,336,1,41,41,True,False,
3363,336,1,113,113,False,False,
3363,336,2,113,113,False,False,
3363,336,3,113,113,True,False,
3364,336,1,67,67,True,False,
3365,336,1,61,61,False,False,
3365,336,2,55,55,False,False,
3365,336,3,46,46,False,False,
3365,336,4,46,46,False,False,
3365,336,5,55,55,True,False,
3366,336,1,124,124,False,False,93
3366,336,2,93,93,False,False,
3366,336,3,93,93,False,False,
3366,336,4,93,93,False,False,
3366,336,5,113,113,True,False,94
3367,336,1,119,122,True,True,122 121 120
3368,336,1,79,79,True,False,
3369,336,1,110,110,True,False,
3370,337,1,41,41,True,False,
3371,337,1,113,113,True,False,
3372,337,1,6,10,True,True,13 10
3373,337,1,83,83,False,False,82
3373,337,2,78,79,True,True,79
3374,337,1,7,7,False,False,15
3374,337,2,15,15,True,False,
3375,337,1,42,42,True,False,
3376,337,1,65,65,False,False,
3376,337,2,65,65,True,False,
3377,337,1,40,40,True,False,
3378,337,1,3,3,False,False,
3378,337,2,3,3,True,False,
3379,337,1,110,110,False,False,
3379,337,2,110,110,True,False,
3380,338,1,136,136,True,False,
3381,338,1,51,51,False,False,
3381,338,2,52,52,False,False,
3381,338,3,52,52,True,False,
3382,338,1,93,80,True,True,80 83 87 92
3383,338,1,119,119,True,False,
3384,338,1,86,86,False,False,
3384,338,2,86,86,False,False,
3384,338,3,103,103,False,False,
3384,338,4,103,103,False,False,
3384,338,5,86,86,False,False,
3384,338,6,86,86,True,False,
3385,338,1,151,151,True,False,
3386,338,1,43,43,False,False,55 46
3386,338,2,43,43,False,False,
3386,338,3,55,55,False,False,
3386,338,4,48,48,True,False,53 47
3387,338,1,52,52,False,False,
3387,338,2,51,51,False,False,
3387,338,3,51,51,True,False,
3388,338,1,65,65,True,False,
3389,338,1,99,99,False,False,
3389,338,2,108,108,False,False,107
3389,338,3,107,107,True,False,
3390,339,1,22,22,False,False,
3390,339,2,21,21,False,False,
3390,339,3,28,28,True,False,
3391,339,1,51,51,True,False,
3392,339,1,95,81,True,True,81
3393,339,1,109,86,True,True,86 97
3394,339,1,2,2,True,False,
3395,339,1,13,13,False,False,
3395,339,2,23,23,False,False,
3395,339,3,23,23,False,False,
3395,339,4,24,24,True,False,
3396,339,1,146,146,False,False,
3396,339,2,152,152,False,False,
3396,339,3,146,146,False,False,
3396,339,4,146,146,True,False,
3397,339,1,48,48,False,False,
3397,339,2,36,47,True,True,47
3398,339,1,85,85,False,False,
3398,339,2,96,96,False,False,90 89
3398,339,3,89,89,True,False,
3399,339,1,62,62,False,False,70
3399,339,2,62,62,False,False,
3399,339,3,62,62,True,False,
3400,340,1,147,147,True,False,
3401,340,1,105,105,False,False,
3401,340,2,111,111,False,False,104
3401,340,3,104,104,False,False,
3401,340,4,104,104,True,False,
3402,340,1,17,17,True,False,
3403,340,1,80,69,True,True,69
3404,340,1,11,11,True,False,
3405,340,1,73,73,True,False,
3406,340,1,20,20,False,False,
3406,340,2,14,14,False,False,
3406,340,3,25,25,True,False,
3407,340,1,153,153,True,False,
3408,340,1,131,131,True,False,
3409,340,1,93,93,False,False,106 92
3409,340,2,91,91,False,False,
3409,340,3,91,91,True,False,
3410,341,1,65,73,True,True,79 78 73
3411,341,1,31,41,True,True,41 40
3412,341,1,12,12,True,False,
3413,341,1,54,54,True,False,
3414,341,1,27,27,True,False,
3415,341,1,56,56,True,False,
3416,341,1,40,39,True,True,39
3417,341,1,83,83,True,False,
3418,341,1,66,66,True,False,
3419,341,1,76,76,False,False,77
3419,341,2,73,73,False,False,72
3419,341,3,72,72,True,False,
3420,342,1,30,30,True,False,
3421,342,1,49,49,False,False,
3421,342,2,49,49,True,False,
3422,342,1,3,3,False,False,
3422,342,2,2,2,True,False,
3423,342,1,53,53,False,False,
3423,342,2,53,53,True,False,
3424,342,1,40,40,True,False,
3425,342,1,22,22,False,False,
3425,342,2,34,34,False,False,35
3425,342,3,34,34,True,False,
3426,342,1,95,95,False,False,
3426,342,2,80,80,True,False,81
3427,342,1,107,107,False,False,
3427,342,2,107,107,False,False,
3427,342,3,107,107,False,False,
3427,342,4,115,115,False,False,
3427,342,5,115,115,True,False,
3428,342,1,55,55,True,False,
3429,342,1,104,104,True,False,98
3430,343,1,113,113,False,False,
3430,343,2,114,114,False,False,
3430,343,3,125,125,False,False,113
3430,343,4,114,114,False,False,
3430,343,5,114,114,False,False,
3430,343,6,125,125,False,False,
3430,343,7,125,125,True,False,
3431,343,1,86,86,False,False,
3431,343,2,86,86,True,False,
3432,343,1,119,119,False,False,
3432,343,2,119,119,False,False,
3432,343,3,127,127,True,False,
3433,343,1,152,152,False,False,
3433,343,2,152,152,False,False,
3433,343,3,152,152,False,False,
3433,343,4,152,152,True,False,
3434,343,1,126,126,False,False,
3434,343,2,126,126,False,False,
3434,343,3,132,132,True,False,
3435,343,1,16,16,False,False,
3435,343,2,7,7,False,False,
3435,343,3,8,8,False,False,
3435,343,4,16,16,False,False,
3435,343,5,15,15,False,False,
3435,343,6,7,7,False,False,
3435,343,7,7,7,False,False,
3435,343,8,16,16,False,False,
3435,343,9,5,5,True,False,
3436,343,1,39,39,True,False,
3437,343,1,72,72,False,False,
3437,343,2,77,77,True,False,
3438,343,1,30,30,False,False,
3438,343,2,30,30,True,False,
3439,343,1,11,11,True,False,
3440,344,1,75,75,False,False,
3440,344,2,75,75,False,False,
3440,344,3,75,75,True,False,
3441,344,1,40,40,False,False,
3441,344,2,40,40,False,False,
3441,344,3,40,40,True,False,
3442,344,1,70,70,True,False,
3443,344,1,21,21,True,False,
3444,344,1,4,4,False,False,
3444,344,2,16,16,False,False,
3444,344,3,4,4,True,False,
3445,344,1,58,58,True,False,
3446,344,1,95,95,True,False,
3447,344,1,32,32,True,False,
3448,344,1,152,152,True,False,
3449,344,1,96,100,True,True,100
3450,345,1,79,78,True,True,78
3451,345,1,107,107,False,False,
3451,345,2,131,131,False,False,
3451,345,3,107,115,True,True,115
3452,345,1,41,41,True,False,
3453,345,1,154,154,True,False,
3454,345,1,123,123,True,False,
3455,345,1,43,43,False,False,
3455,345,2,46,46,True,False,
3456,345,1,70,63,True,True,63
3457,345,1,35,35,False,False,
3457,345,2,35,35,False,False,
3457,345,3,43,43,False,False,
3457,345,4,43,43,False,False,
3457,345,5,43,43,False,False,
3457,345,6,35,35,False,False,
3457,345,7,35,35,True,False,
3458,345,1,7,7,False,False,
3458,345,2,15,15,True,False,
3459,345,1,154,154,False,False,
3459,345,2,134,134,False,False,
3459,345,3,154,154,False,False,
3459,345,4,134,134,True,False,
3460,346,1,44,44,True,False,
3461,346,1,14,14,True,False,
3462,346,1,35,34,True,True,34
3463,346,1,101,101,True,False,
3464,346,1,38,38,False,False,
3464,346,2,62,62,True,False,
3465,346,1,151,151,True,False,
3466,346,1,130,130,False,False,
3466,346,2,140,140,False,False,
3466,346,3,140,140,False,False,
3466,346,4,140,140,False,False,
3466,346,5,140,140,False,False,
3466,346,6,141,141,False,False,
3466,346,7,141,141,False,False,
3466,346,8,130,130,True,False,
3467,346,1,151,151,True,False,
3468,346,1,56,62,True,True,62
3469,346,1,27,27,False,False,
3469,346,2,59,59,False,False,50
3469,346,3,45,50,True,True,50
3470,347,1,11,11,False,False,
3470,347,2,3,2,True,True,2
3471,347,1,86,86,True,False,
3472,347,1,146,146,True,False,
3473,347,1,63,63,True,False,
3474,347,1,146,146,True,False,
3475,347,1,151,151,True,False,
3476,347,1,101,101,False,False,
3476,347,2,118,118,False,False,108
3476,347,3,71,71,False,False,
3476,347,4,71,71,False,False,
3476,347,5,65,65,False,False,
3476,347,6,85,85,False,False,
3476,347,7,76,76,True,False,
3477,347,1,71,74,True,True,74
3478,347,1,66,72,True,True,72 73
3479,347,1,20,20,False,False,
3479,347,2,26,26,True,False,
3480,348,1,90,90,False,False,
3480,348,2,62,70,True,True,70
3481,348,1,75,75,False,False,
3481,348,2,79,79,True,False,
3482,348,1,69,69,True,False,
3483,348,1,59,59,True,False,66
3484,348,1,20,20,True,False,
3485,348,1,46,46,False,False,
3485,348,2,46,46,True,False,
3486,348,1,127,127,True,False,
3487,348,1,62,70,True,True,70 63
3488,348,1,106,106,True,False,
3489,348,1,72,72,True,False,
3490,349,1,42,42,True,False,
3491,349,1,58,58,True,False,
3492,349,1,14,25,True,True,25
3493,349,1,44,44,True,False,
3494,349,1,154,154,False,False,133
3494,349,2,154,154,False,False,
3494,349,3,154,154,True,False,
3495,349,1,10,10,True,False,
3496,349,1,151,151,False,False,
3496,349,2,151,151,True,False,
3497,349,1,99,99,False,False,
3497,349,2,99,99,True,False,
3498,349,1,131,131,True,False,
3499,349,1,99,99,True,False,
3500,350,1,65,65,False,False,
3500,350,2,76,74,True,True,74
3501,350,1,46,46,True,False,
3502,350,1,3,3,True,False,
3503,350,1,55,55,True,False,
3504,350,1,151,151,False,False,
3504,350,2,118,118,True,False,
3505,350,1,108,108,True,False,
3506,350,1,15,15,False,False,
3506,350,2,51,51,False,False,
3506,350,3,27,27,False,False,
3506,350,4,34,34,False,False,
3506,350,5,34,34,False,False,
3506,350,6,52,52,True,False,
3507,350,1,124,124,False,False,
3507,350,2,122,123,True,True,123
3508,350,1,72,72,False,False,
3508,350,2,64,65,True,True,65
3509,350,1,42,42,False,False,
3509,350,2,42,42,False,False,
3509,350,3,15,15,False,False,
3509,350,4,34,34,True,False,
3510,351,1,2,2,True,False,
3511,351,1,88,88,True,False,
3512,351,1,143,143,False,False,
3512,351,2,120,120,False,False,
3512,351,3,120,120,True,False,
3513,351,1,72,72,True,False,
3514,351,1,57,57,False,False,
3514,351,2,57,57,False,False,
3514,351,3,57,57,False,False,
3514,351,4,57,57,True,False,
3515,351,1,107,107,False,False,
3515,351,2,116,116,True,False,
3516,351,1,136,136,False,False,135
3516,351,2,136,136,True,False,
3517,351,1,14,14,True,False,20
3518,351,1,28,28,True,False,
3519,351,1,48,48,True,False,
3520,352,1,66,66,False,False,
3520,352,2,75,75,False,False,
3520,352,3,68,68,True,False,
3521,352,1,76,76,True,False,
3522,352,1,61,61,True,False,
3523,352,1,66,66,False,False,
3523,352,2,60,67,True,True,67
3524,352,1,90,90,False,False,
3524,352,2,89,89,False,False,
3524,352,3,89,89,True,False,
3525,352,1,53,53,True,False,
3526,352,1,61,61,True,False,
3527,352,1,43,43,False,False,
3527,352,2,43,43,True,False,
3528,352,1,20,20,False,False,
3528,352,2,11,11,True,False,
3529,352,1,79,79,True,False,75
3530,353,1,82,78,True,True,78
3531,353,1,96,96,False,False,
3531,353,2,96,96,False,False,
3531,353,3,96,96,False,False,
3531,353,4,108,101,True,True,101
3532,353,1,32,41,True,True,41
3533,353,1,59,59,True,False,
3534,353,1,122,122,False,False,
3534,353,2,122,122,False,False,
3534,353,3,122,122,True,False,
3535,353,1,85,85,False,False,
3535,353,2,73,77,True,True,77 72
3536,353,1,115,115,True,False,
3537,353,1,139,139,False,False,
3537,353,2,143,143,False,False,
3537,353,3,143,143,True,False,
3538,353,1,68,68,True,False,
3539,353,1,143,143,False,False,
3539,353,2,143,143,False,False,
3539,353,3,143,143,False,False,
3539,353,4,143,143,True,False,
3540,354,1,67,67,False,False,
3540,354,2,67,67,True,False,
3541,354,1,36,36,False,False,
3541,354,2,36,36,False,False,
3541,354,3,36,36,True,False,
3542,354,1,63,63,False,False,
3542,354,2,63,63,True,False,
3543,354,1,114,114,False,False,
3543,354,2,140,137,True,True,137
3544,354,1,119,119,True,False,
3545,354,1,96,101,True,True,110 102 101 100
3546,354,1,34,34,False,False,
3546,354,2,7,7,True,False,
3547,354,1,62,62,True,False,
3548,354,1,113,113,False,False,
3548,354,2,124,124,True,False,125
3549,354,1,154,154,False,False,
3549,354,2,154,154,True,False,
3550,355,1,106,106,True,False,
3551,355,1,88,88,False,False,
3551,355,2,88,88,True,False,
3552,355,1,78,78,False,False,84 83
3552,355,2,78,78,True,False,
3553,355,1,149,149,False,False,
3553,355,2,149,149,True,False,
3554,355,1,76,76,False,False,
3554,355,2,71,71,False,False,
3554,355,3,71,71,False,False,
3554,355,4,65,65,False,False,
3554,355,5,71,64,True,True,64
3555,355,1,17,17,True,False,
3556,355,1,32,32,False,False,
3556,355,2,32,32,True,False,
3557,355,1,74,74,True,False,
3558,355,1,75,75,True,False,
3559,355,1,62,62,True,False,63
3560,356,1,82,82,True,False,
3561,356,1,126,126,False,False,
3561,356,2,126,126,False,False,
3561,356,3,126,126,True,False,
3562,356,1,107,107,False,False,
3562,356,2,107,107,True,False,
3563,356,1,69,69,True,False,
3564,356,1,154,154,False,False,
3564,356,2,152,152,False,False,
3564,356,3,154,154,False,False,
3564,356,4,154,154,True,False,
3565,356,1,148,148,False,False,
3565,356,2,148,148,False,False,
3565,356,3,148,148,False,False,
3565,356,4,148,148,True,False,
3566,356,1,117,117,False,False,
3566,356,2,117,117,True,False,
3567,356,1,136,136,True,False,
3568,356,1,36,36,False,False,
3568,356,2,36,36,False,False,
3568,356,3,36,36,True,False,
3569,356,1,45,45,False,False,
3569,356,2,45,45,False,False,
3569,356,3,41,41,False,False,
3569,356,4,41,41,False,False,
3569,356,5,41,41,False,False,
3569,356,6,41,41,True,False,
3570,357,1,93,93,True,False,
3571,357,1,50,50,True,False,
3572,357,1,67,67,True,False,
3573,357,1,27,27,False,False,
3573,357,2,3,3,False,False,
3573,357,3,27,27,False,False,
3573,357,4,27,27,False,False,
3573,357,5,33,33,True,False,
3574,357,1,44,39,True,True,39
3575,357,1,26,26,True,False,
3576,357,1,58,58,True,False,
3577,357,1,47,47,False,False,
3577,357,2,47,47,False,False,
3577,357,3,47,47,True,False,
3578,357,1,74,74,False,False,
3578,357,2,74,74,True,False,
3579,357,1,110,110,False,False,
3579,357,2,110,110,False,False,
3579,357,3,110,110,True,False,
3580,358,1,151,151,True,False,
3581,358,1,76,85,True,True,85
3582,358,1,62,62,True,False,
3583,358,1,141,141,False,False,
3583,358,2,144,144,True,False,140
3584,358,1,24,24,True,False,
3585,358,1,81,80,True,True,75 80
3586,358,1,104,105,True,True,105
3587,358,1,18,22,True,True,22
3588,358,1,97,86,True,True,86
3589,358,1,147,147,True,False,
3590,359,1,85,85,True,False,73 72
3591,359,1,110,110,True,False,
3592,359,1,56,56,False,False,
3592,359,2,10,29,True,True,37 29 24 13
3593,359,1,70,62,True,True,54 56 62
3594,359,1,48,48,True,False,
3595,359,1,46,46,True,False,
3596,359,1,60,52,True,True,52
3597,359,1,51,51,False,False,
3597,359,2,87,87,False,False,67 75
3597,359,3,87,87,True,False,
3598,359,1,75,75,False,False,
3598,359,2,80,80,True,False,
3599,359,1,73,73,True,False,
3600,360,1,29,29,True,False,
3601,360,1,100,100,False,False,
3601,360,2,100,100,False,False,
3601,360,3,101,101,True,False,
3602,360,1,143,143,False,False,
3602,360,2,152,152,True,False,
3603,360,1,73,128,True,True,128 121
3604,360,1,66,66,False,False,
3604,360,2,82,82,True,False,
3605,360,1,140,140,False,False,
3605,360,2,149,149,False,False,
3605,360,3,154,154,False,False,
3605,360,4,154,154,True,False,
3606,360,1,127,127,False,False,
3606,360,2,127,127,False,False,
3606,360,3,110,110,True,False,
3607,360,1,45,50,True,True,50
3608,360,1,61,61,False,False,60
3608,360,2,60,60,True,False,
3609,360,1,101,101,True,False,
3610,361,1,18,18,False,False,
3610,361,2,21,21,False,False,
3610,361,3,17,17,True,False,
3611,361,1,65,65,True,False,
3612,361,1,64,64,True,False,
3613,361,1,32,40,True,True,39 40
3614,361,1,60,60,False,False,
3614,361,2,68,68,False,False,
3614,361,3,34,60,True,True,60 52
3615,361,1,82,82,False,False,
3615,361,2,82,82,True,False,
3616,361,1,7,7,False,False,
3616,361,2,15,15,True,False,
3617,361,1,96,96,True,False,
3618,361,1,65,65,True,False,
3619,361,1,81,81,False,False,
3619,361,2,69,69,False,False,
3619,361,3,87,80,True,True,80 83
3620,362,1,38,38,False,False,
3620,362,2,38,38,True,False,
3621,362,1,38,38,True,False,
3622,362,1,61,61,True,False,
3623,362,1,147,147,True,False,
3624,362,1,96,100,True,True,100
3625,362,1,97,97,True,False,
3626,362,1,147,147,False,False,
3626,362,2,134,134,False,False,
3626,362,3,134,134,False,False,
3626,362,4,134,134,True,False,
3627,362,1,129,129,True,False,133
3628,362,1,52,52,False,False,
3628,362,2,52,52,False,False,
3628,362,3,46,46,False,False,
3628,362,4,46,46,True,False,
3629,362,1,90,85,True,True,85
3630,363,1,91,59,True,True,59 66 82
3631,363,1,143,143,False,False,
3631,363,2,139,139,False,False,
3631,363,3,146,146,False,False,
3631,363,4,139,139,True,False,
3632,363,1,28,28,False,False,
3632,363,2,22,22,False,False,21
3632,363,3,43,43,False,False,
3632,363,4,28,28,True,False,
3633,363,1,86,86,False,False,
3633,363,2,103,103,True,False,97
3634,363,1,56,56,True,False,
3635,363,1,67,67,True,False,
3636,363,1,28,28,True,False,
3637,363,1,129,129,False,False,
3637,363,2,122,122,True,False,
3638,363,1,27,27,True,False,
3639,363,1,58,58,False,False,
3639,363,2,57,57,True,False,
3640,364,1,35,35,True,False,
3641,364,1,86,86,True,False,
3642,364,1,62,62,False,False,
3642,364,2,62,62,True,False,
3643,364,1,79,79,False,False,
3643,364,2,55,75,True,True,75 68 69
3644,364,1,48,48,True,False,
3645,364,1,151,151,False,False,
3645,364,2,147,146,True,True,152 146
3646,364,1,127,127,False,False,
3646,364,2,127,127,False,False,
3646,364,3,127,127,False,False,
3646,364,4,127,127,False,False,
3646,364,5,127,127,False,False,
3646,364,6,127,127,False,False,
3646,364,7,127,127,False,False,
3646,364,8,127,127,False,False,
3646,364,9,127,127,False,False,
3646,364,10,127,127,True,False,
3647,364,1,120,120,True,False,
3648,364,1,27,27,True,False,
3649,364,1,30,30,False,False,
3649,364,2,30,30,True,False,
3650,365,1,73,73,False,False,66
3650,365,2,66,66,True,False,
3651,365,1,154,154,True,False,
3652,365,1,99,99,True,False,
3653,365,1,103,103,True,False,
3654,365,1,77,77,True,False,
3655,365,1,112,112,False,False,
3655,365,2,124,124,True,False,
3656,365,1,152,146,True,True,146
3657,365,1,32,32,True,False,
3658,365,1,119,119,True,False,
3659,365,1,62,62,True,False,
3660,366,1,32,76,True,True,76 40 41
3661,366,1,49,74,True,True,74 63 62 56 54
3662,366,1,55,66,True,True,72 66
3663,366,1,77,77,True,False,
3664,366,1,66,66,True,False,
3665,366,1,66,66,True,False,
3666,366,1,68,67,True,True,67
3667,366,1,135,78,True,True,78 82 91 112
3668,366,1,50,50,True,False,
3669,366,1,41,41,True,False,
3670,367,1,85,85,True,False,
3671,367,1,20,20,False,False,
3671,367,2,25,25,False,False,
3671,367,3,26,26,True,False,
3672,367,1,50,50,True,False,
3673,367,1,139,139,True,False,
3674,367,1,58,58,True,False,72
3675,367,1,131,131,True,False,
3676,367,1,147,147,True,False,146
3677,367,1,97,97,True,False,
3678,367,1,134,134,False,False,
3678,367,2,133,133,True,False,
3679,367,1,42,42,False,False,
3679,367,2,42,42,False,False,
3679,367,3,15,15,False,False,
3679,367,4,42,42,False,False,
3679,367,5,51,51,False,False,
3679,367,6,51,51,True,False,
3680,368,1,45,45,False,False,
3680,368,2,33,33,True,False,
3681,368,1,125,125,False,False,
3681,368,2,130,130,True,False,
3682,368,1,27,27,True,False,
3683,368,1,39,39,True,False,
3684,368,1,70,70,True,False,
3685,368,1,150,150,True,False,
3686,368,1,30,30,False,False,
3686,368,2,30,30,False,False,
3686,368,3,38,38,True,False,
3687,368,1,150,150,False,False,
3687,368,2,117,138,True,True,138 126
3688,368,1,59,59,True,False,
3689,368,1,119,119,True,False,
3690,369,1,0,0,True,False,1
3691,369,1,69,50,True,True,50 51 60 68
3692,369,1,22,34,True,True,51 34 21
3693,369,1,116,116,False,False,96
3693,369,2,138,138,True,False,
3694,369,1,57,74,True,True,74
3695,369,1,107,107,True,False,89
3696,369,1,120,120,False,False,119
3696,369,2,119,119,True,False,
3697,369,1,2,2,True,False,
3698,369,1,41,32,True,True,32
3699,369,1,109,109,False,False,
3699,369,2,109,109,False,False,
3699,369,3,108,108,False,False,
3699,369,4,108,108,True,False,
3700,370,1,93,93,False,False,
3700,370,2,94,94,True,False,
3701,370,1,66,66,False,False,
3701,370,2,66,66,False,False,
3701,370,3,66,66,False,False,
3701,370,4,66,66,False,False,
3701,370,5,50,50,False,False,
3701,370,6,50,50,False,False,
3701,370,7,66,66,True,False,
3702,370,1,100,100,False,False,
3702,370,2,118,118,True,False,117
3703,370,1,52,52,True,False,
3704,370,1,141,141,False,False,
3704,370,2,149,149,True,False,140
3705,370,1,62,62,True,False,64 63
3706,370,1,73,73,False,False,
3706,370,2,73,73,False,False,
3706,370,3,73,73,True,False,
3707,370,1,84,84,False,False,
3707,370,2,81,81,True,False,
3708,370,1,99,99,False,False,
3708,370,2,99,99,False,False,
3708,370,3,115,115,False,False,
3708,370,4,115,115,False,False,
3708,370,5,99,99,True,False,
3709,370,1,140,140,False,False,
3709,370,2,149,149,False,False,
3709,370,3,140,140,True,False,
3710,371,1,133,133,True,False,134
3711,371,1,39,39,True,False,
3712,371,1,41,41,False,False,
3712,371,2,45,45,False,False,
3712,371,3,40,41,True,True,41
3713,371,1,79,79,False,False,75
3713,371,2,80,80,True,False,
3714,371,1,106,106,False,False,
3714,371,2,112,112,False,False,
3714,371,3,112,112,True,False,
3715,371,1,63,70,True,True,70
3716,371,1,14,14,False,False,
3716,371,2,14,14,False,False,
3716,371,3,10,10,True,False,
3717,371,1,75,66,True,True,66
3718,371,1,42,42,False,False,
3718,371,2,34,34,False,False,
3718,371,3,34,34,True,False,
3719,371,1,15,15,False,False,
3719,371,2,8,16,True,True,16
3720,372,1,66,66,True,False,
3721,372,1,66,66,False,False,
3721,372,2,86,86,True,False,
3722,372,1,49,49,False,False,
3722,372,2,44,44,False,False,
3722,372,3,44,44,True,False,
3723,372,1,93,93,True,False,82 87
3724,372,1,64,64,False,False,
3724,372,2,64,64,False,False,
3724,372,3,57,57,False,False,
3724,372,4,71,71,False,False,64
3724,372,5,65,65,True,False,
3725,372,1,149,149,True,False,
3726,372,1,71,71,False,False,
3726,372,2,64,64,False,False,
3726,372,3,76,74,True,True,71 74
3727,372,1,127,127,False,False,
3727,372,2,119,119,True,False,
3728,372,1,46,46,True,False,
3729,372,1,37,38,True,True,38
3730,373,1,146,146,False,False,
3730,373,2,152,152,True,False,
3731,373,1,98,98,True,False,
3732,373,1,40,40,True,False,
3733,373,1,6,6,True,False,
3734,373,1,12,12,True,False,
3735,373,1,134,134,False,False,
3735,373,2,134,134,False,False,
3735,373,3,134,134,True,False,
3736,373,1,111,111,True,False,
3737,373,1,91,91,False,False,
3737,373,2,91,91,False,False,
3737,373,3,104,104,False,False,98
3737,373,4,104,104,False,False,
3737,373,5,104,104,True,False,
3738,373,1,138,138,True,False,
3739,373,1,77,77,True,False,85
3740,374,1,133,133,True,False,134
3741,374,1,102,102,False,False,
3741,374,2,102,102,True,False,
3742,374,1,68,68,True,False,
3743,374,1,116,116,True,False,
3744,374,1,49,49,False,False,
3744,374,2,49,49,False,False,
3744,374,3,49,49,False,False,
3744,374,4,49,49,False,False,
3744,374,5,49,49,True,False,
3745,374,1,152,152,False,False,
3745,374,2,152,152,True,False,
3746,374,1,9,18,True,True,18 12
3747,374,1,120,120,True,False,
3748,374,1,98,98,False,False,
3748,374,2,98,98,True,False,
3749,374,1,107,107,True,False,
3750,375,1,29,29,False,False,
3750,375,2,54,54,False,False,
3750,375,3,49,49,False,False,
3750,375,4,54,54,True,False,
3751,375,1,42,42,False,False,
3751,375,2,42,42,True,False,
3752,375,1,114,114,True,False,
3753,375,1,67,67,True,False,
3754,375,1,133,133,True,False,
3755,375,1,141,141,False,False,
3755,375,2,144,144,True,False,140
3756,375,1,132,132,True,False,
3757,375,1,57,57,True,False,
3758,375,1,83,82,True,True,82
3759,375,1,97,97,False,False,86
3759,375,2,86,86,False,False,
3759,375,3,86,86,False,False,
3759,375,4,103,103,True,False,97
3760,376,1,49,49,False,False,
3760,376,2,29,29,True,False,37
3761,376,1,25,25,True,False,
3762,376,1,65,65,True,False,
3763,376,1,66,66,False,False,
3763,376,2,45,45,False,False,50
3763,376,3,45,45,False,False,
3763,376,4,45,45,True,False,
3764,376,1,139,139,True,False,
3765,376,1,25,25,False,False,
3765,376,2,25,25,False,False,
3765,376,3,26,26,False,False,
3765,376,4,26,26,True,False,
3766,376,1,90,90,True,False,
3767,376,1,34,66,True,True,85 66 50 42
3768,376,1,124,124,True,False,
3769,376,1,10,10,False,False,30
3769,376,2,10,10,True,False,
3770,377,1,13,13,True,False,
3771,377,1,119,119,True,False,
3772,377,1,72,72,True,False,86
3773,377,1,116,116,False,False,
3773,377,2,126,126,False,False,
3773,377,3,99,99,True,False,116 107
3774,377,1,152,152,False,False,
3774,377,2,152,152,False,False,
3774,377,3,152,152,False,False,
3774,377,4,152,152,False,False,
3774,377,5,152,152,False,False,
3774,377,6,152,152,False,False,
3774,377,7,152,152,False,False,
3774,377,8,152,152,False,False,
3774,377,9,152,152,False,False,
3774,377,10,152,152,False,False,
3774,377,11,152,152,False,False,
3774,377,12,152,152,False,False,
3774,377,13,152,152,True,False,
3775,377,1,102,102,True,False,
3776,377,1,151,151,True,False,
3777,377,1,86,86,False,False,
3777,377,2,86,86,False,False,
3777,377,3,86,86,False,False,
3777,377,4,86,86,False,False,
3777,377,5,86,86,False,False,
3777,377,6,86,86,False,False,
3777,377,7,86,86,False,False,
3777,377,8,73,73,False,False,
3777,377,9,73,73,True,False,
3778,377,1,110,110,False,False,
3778,377,2,110,110,False,False,
3778,377,3,119,119,True,False,
3779,377,1,75,75,True,False,
3780,378,1,143,143,False,False,
3780,378,2,143,143,False,False,
3780,378,3,134,134,False,False,
3780,378,4,134,134,False,False,
3780,378,5,135,135,False,False,
3780,378,6,135,135,True,False,
3781,378,1,104,104,False,False,111
3781,378,2,104,104,True,False,
3782,378,1,148,148,False,False,
3782,378,2,149,149,True,False,
3783,378,1,7,7,False,False,
3783,378,2,7,7,False,False,
3783,378,3,7,7,False,False,
3783,378,4,16,16,False,False,
3783,378,5,5,5,True,False,
3784,378,1,26,26,True,False,
3785,378,1,129,129,False,False,
3785,378,2,129,129,False,False,
3785,378,3,129,129,True,False,
3786,378,1,73,73,False,False,
3786,378,2,86,86,False,False,
3786,378,3,86,86,True,False,
3787,378,1,112,112,True,False,
3788,378,1,49,58,True,True,58
3789,378,1,70,70,True,False,
3790,379,1,48,48,True,False,
3791,379,1,61,61,False,False,
3791,379,2,79,79,False,False,
3791,379,3,79,79,False,False,
3791,379,4,129,82,True,True,78 82 98 105 104 111 122
3792,379,1,20,26,True,True,26
3793,379,1,121,121,False,False,
3793,379,2,118,119,True,True,120 119
3794,379,1,68,67,True,True,67
3795,379,1,84,84,False,False,
3795,379,2,80,80,True,False,83
3796,379,1,39,39,True,False,
3797,379,1,75,59,True,True,59 66
3798,379,1,22,22,False,False,
3798,379,2,22,22,True,False,
3799,379,1,82,82,True,False,79 78
3800,380,1,65,65,False,False,57
3800,380,2,64,64,False,False,
3800,380,3,64,64,True,False,
3801,380,1,49,54,True,True,54
3802,380,1,2,2,False,False,
3802,380,2,2,2,False,False,
3802,380,3,20,11,True,True,11
3803,380,1,142,142,False,False,
3803,380,2,107,115,True,True,115
3804,380,1,43,43,False,False,
3804,380,2,48,48,True,False,47
3805,380,1,151,151,False,False,
3805,380,2,143,143,False,False,
3805,380,3,151,151,False,False,
3805,380,4,152,152,False,False,
3805,380,5,152,152,False,False,
3805,380,6,151,151,False,False,
3805,380,7,152,152,True,False,
3806,380,1,115,115,False,False,
3806,380,2,107,107,False,False,
3806,380,3,132,132,True,False,
3807,380,1,40,40,False,False,
3807,380,2,11,11,False,False,
3807,380,3,26,26,True,False,
3808,380,1,59,59,False,False,
3808,380,2,33,50,True,True,50
3809,380,1,5,5,True,False,4
3810,381,1,94,125,True,True,125
3811,381,1,61,61,False,False,
3811,381,2,61,61,True,False,
3812,381,1,139,139,True,False,
3813,381,1,72,72,True,False,
3814,381,1,5,5,True,False,
3815,381,1,70,70,True,False,
3816,381,1,90,90,False,False,
3816,381,2,62,62,False,False,70
3816,381,3,62,62,True,False,
3817,381,1,73,73,True,False,
3818,381,1,90,90,False,False,
3818,381,2,90,90,True,False,
3819,381,1,31,31,True,False,
3820,382,1,98,98,False,False,
3820,382,2,98,98,False,False,
3820,382,3,98,98,False,False,
3820,382,4,98,98,False,False,
3820,382,5,122,105,True,True,105 111
3821,382,1,33,33,False,False,42
3821,382,2,33,33,False,False,
3821,382,3,51,42,True,True,42
3822,382,1,101,101,True,False,
3823,382,1,63,63,False,False,
3823,382,2,24,38,True,True,62 38 29
3824,382,1,50,50,False,False,
3824,382,2,50,50,False,False,
3824,382,3,50,50,True,False,
3825,382,1,63,64,True,True,64
3826,382,1,36,43,True,True,51 43
3827,382,1,121,121,False,False,
3827,382,2,121,121,True,False,
3828,382,1,7,15,True,True,15
3829,382,1,100,90,True,True,90
3830,383,1,66,66,True,False,
3831,383,1,141,141,True,False,
3832,383,1,80,80,False,False,
3832,383,2,80,80,True,False,
3833,383,1,26,26,True,False,
3834,383,1,75,75,False,False,68
3834,383,2,75,75,False,False,
3834,383,3,69,69,True,False,
3835,383,1,46,46,False,False,
3835,383,2,46,46,False,False,
3835,383,3,52,52,True,False,
3836,383,1,70,70,True,False,
3837,383,1,117,117,False,False,
3837,383,2,96,96,False,False,100
3837,383,3,96,96,False,False,
3837,383,4,96,96,False,False,
3837,383,5,96,96,False,False,
3837,383,6,96,96,False,False,
3837,383,7,117,117,True,False,
3838,383,1,95,94,True,True,94
3839,383,1,97,97,False,False,
3839,383,2,77,77,True,False,
3840,384,1,40,40,True,False,
3841,384,1,3,3,False,False,
3841,384,2,2,2,True,False,
3842,384,1,51,51,False,False,
3842,384,2,51,51,False,False,
3842,384,3,42,42,False,False,45
3842,384,4,42,42,False,False,
3842,384,5,45,45,False,False,
3842,384,6,45,45,True,False,
3843,384,1,89,77,True,True,77 90
3844,384,1,74,74,True,False,76
3845,384,1,136,136,True,False,
3846,384,1,90,90,True,False,
3847,384,1,56,56,False,False,
3847,384,2,62,62,True,False,
3848,384,1,26,26,False,False,
3848,384,2,11,11,True,False,
3849,384,1,74,44,True,True,44 57
3850,385,1,9,12,True,True,12
3851,385,1,152,152,False,False,
3851,385,2,152,152,True,False,
3852,385,1,44,44,False,False,
3852,385,2,40,40,True,False,
3853,385,1,111,111,False,False,104
3853,385,2,111,111,False,False,
3853,385,3,98,98,False,False,104
3853,385,4,105,105,True,False,
3854,385,1,86,86,True,False,
3855,385,1,152,152,False,False,
3855,385,2,152,152,False,False,
3855,385,3,146,146,False,False,
3855,385,4,146,146,False,False,
3855,385,5,152,152,True,False,
3856,385,1,139,139,True,False,
3857,385,1,25,25,False,False,
3857,385,2,14,14,True,False,
3858,385,1,66,66,False,False,
3858,385,2,59,59,True,False,
3859,385,1,150,150,True,False,
3860,386,1,148,148,False,False,
3860,386,2,148,148,False,False,
3860,386,3,140,140,False,False,149
3860,386,4,140,140,False,False,
3860,386,5,140,140,True,False,
3861,386,1,43,43,False,False,
3861,386,2,68,60,True,True,55 60
3862,386,1,10,10,True,False,26 25
3863,386,1,151,151,False,False,
3863,386,2,151,151,False,False,
3863,386,3,153,153,True,False,
3864,386,1,11,11,True,False,
3865,386,1,81,81,False,False,
3865,386,2,132,84,True,True,84 83 82
3866,386,1,64,73,True,True,73 72 65
3867,386,1,151,151,True,False,
3868,386,1,126,126,False,False,
3868,386,2,126,126,True,False,
3869,386,1,94,106,True,True,106 93
3870,387,1,34,34,False,False,
3870,387,2,34,34,True,False,
3871,387,1,73,73,False,False,
3871,387,2,32,41,True,True,41
3872,387,1,45,45,True,False,
3873,387,1,80,51,True,True,51 67 75
3874,387,1,26,31,True,True,32 31
3875,387,1,57,57,False,False,
3875,387,2,71,71,False,False,64
3875,387,3,71,71,False,False,
3875,387,4,62,62,True,False,70
3876,387,1,152,152,False,False,
3876,387,2,151,151,False,False,
3876,387,3,151,151,True,False,
3877,387,1,118,118,True,False,
3878,387,1,54,54,True,False,
3879,387,1,108,101,True,True,101
3880,388,1,123,123,False,False,
3880,388,2,105,105,False,False,
3880,388,3,105,105,True,False,
3881,388,1,90,90,True,False,
3882,388,1,9,12,True,True,12
3883,388,1,100,100,False,False,
3883,388,2,100,100,False,False,
3883,388,3,100,100,True,False,
3884,388,1,16,16,True,False,
3885,388,1,40,40,True,False,
3886,388,1,71,71,True,False,
3887,388,1,72,72,False,False,
3887,388,2,65,65,False,False,
3887,388,3,65,65,True,False,
3888,388,1,151,151,False,False,
3888,388,2,151,151,False,False,
3888,388,3,143,143,False,False,
3888,388,4,143,143,False,False,
3888,388,5,143,143,False,False,
3888,388,6,143,143,True,False,
3889,388,1,127,127,False,False,
3889,388,2,132,132,True,False,
3890,389,1,78,78,False,False,
3890,389,2,121,82,True,True,82
3891,389,1,29,29,True,False,
3892,389,1,139,139,True,False,
3893,389,1,73,73,True,False,
3894,389,1,61,69,True,True,69
3895,389,1,66,66,True,False,67
3896,389,1,50,50,True,False,
3897,389,1,16,16,True,False,
3898,389,1,14,14,False,False,
3898,389,2,14,14,False,False,
3898,389,3,30,30,True,False,
3899,389,1,148,148,False,False,134
3899,389,2,148,148,False,False,
3899,389,3,148,148,False,False,
3899,389,4,148,148,False,False,
3899,389,5,148,148,False,False,
3899,389,6,144,144,False,False,
3899,389,7,144,144,True,False,
3900,390,1,22,22,True,False,
3901,390,1,124,124,False,False,
3901,390,2,135,135,True,False,
3902,390,1,44,44,True,False,
3903,390,1,44,44,True,False,
3904,390,1,127,127,False,False,
3904,390,2,151,151,False,False,
3904,390,3,108,118,True,True,118
3905,390,1,14,14,True,False,
3906,390,1,78,78,True,False,
3907,390,1,93,82,True,True,82 87
3908,390,1,15,15,True,False,
3909,390,1,77,77,True,False,
3910,391,1,45,122,True,True,122 111 104
3911,391,1,152,152,False,False,
3911,391,2,151,151,True,False,
3912,391,1,59,59,True,False,
3913,391,1,132,132,True,False,
3914,391,1,76,76,True,False,
3915,391,1,117,108,True,True,101 108
3916,391,1,83,83,False,False,
3916,391,2,83,83,True,False,
3917,391,1,74,74,False,False,
3917,391,2,90,90,False,False,
3917,391,3,70,70,True,False,
3918,391,1,94,94,True,False,91 92 93
3919,391,1,3,3,True,False,
3920,392,1,107,102,True,True,103 102 101
3921,392,1,102,102,False,False,
3921,392,2,102,102,False,False,
3921,392,3,102,102,False,False,
3921,392,4,110,110,True,False,
3922,392,1,107,107,True,False,
3923,392,1,1,1,True,False,
3924,392,1,66,66,False,False,59
3924,392,2,66,66,False,False,
3924,392,3,50,50,True,False,
3925,392,1,48,48,False,False,
3925,392,2,48,48,True,False,
3926,392,1,129,129,True,False,
3927,392,1,80,80,False,False,
3927,392,2,80,80,True,False,
3928,392,1,92,92,True,False,
3929,392,1,68,68,False,False,
3929,392,2,68,68,True,False,
3930,393,1,73,59,True,True,59
3931,393,1,64,64,True,False,
3932,393,1,45,45,False,False,
3932,393,2,45,45,False,False,
3932,393,3,46,46,True,False,
3933,393,1,69,55,True,True,55
3934,393,1,149,149,True,False,
3935,393,1,143,143,True,False,
3936,393,1,109,109,True,False,127
3937,393,1,96,96,False,False,
3937,393,2,96,96,False,False,
3937,393,3,115,115,True,False,107
3938,393,1,38,38,False,False,
3938,393,2,44,44,True,False,
3939,393,1,98,98,True,False,
3940,394,1,78,78,False,False,
3940,394,2,104,98,True,True,98
3941,394,1,44,44,True,False,
3942,394,1,92,92,True,False,91
3943,394,1,31,31,False,False,
3943,394,2,31,31,False,False,
3943,394,3,31,31,True,False,
3944,394,1,34,34,True,False,
3945,394,1,82,82,True,False,
3946,394,1,27,27,True,False,
3947,394,1,24,24,False,False,25
3947,394,2,30,30,False,False,
3947,394,3,30,30,False,False,
3947,394,4,30,30,False,False,
3947,394,5,30,30,True,False,
3948,394,1,64,64,False,False,
3948,394,2,64,64,True,False,
3949,394,1,68,68,True,False,67
3950,395,1,48,48,False,False,
3950,395,2,9,19,True,True,19
3951,395,1,27,27,True,False,
3952,395,1,88,83,True,True,83 87
3953,395,1,44,44,False,False,
3953,395,2,64,64,False,False,57
3953,395,3,63,63,True,False,
3954,395,1,78,78,True,False,
3955,395,1,122,122,False,False,
3955,395,2,104,104,True,False,111
3956,395,1,86,86,True,False,
3957,395,1,104,104,True,False,
3958,395,1,76,76,False,False,
3958,395,2,76,76,False,False,
3958,395,3,85,85,True,False,
3959,395,1,91,91,True,False,86
3960,396,1,43,55,True,True,55 46
3961,396,1,120,120,False,False,
3961,396,2,143,143,False,False,119
3961,396,3,146,146,False,False,
3961,396,4,119,128,True,True,139 128 121 120
3962,396,1,37,37,True,False,49
3963,396,1,153,145,True,True,145
3964,396,1,75,75,False,False,78
3964,396,2,75,75,False,False,
3964,396,3,78,78,True,False,
3965,396,1,86,86,True,False,
3966,396,1,100,100,True,False,
3967,396,1,153,153,False,False,
3967,396,2,96,145,True,True,145 138 116
3968,396,1,123,123,True,False,
3969,396,1,17,17,True,False,34
3970,397,1,19,19,False,False,18
3970,397,2,12,12,True,False,
3971,397,1,151,151,False,False,
3971,397,2,143,143,False,False,
3971,397,3,152,152,False,False,
3971,397,4,151,151,False,False,
3971,397,5,151,151,True,False,
3972,397,1,76,76,False,False,
3972,397,2,65,65,False,False,
3972,397,3,65,65,True,False,
3973,397,1,41,41,False,False,58
3973,397,2,66,66,False,False,59
3973,397,3,59,59,True,False,
3974,397,1,137,137,False,False,
3974,397,2,114,114,False,False,
3974,397,3,114,114,False,False,
3974,397,4,149,149,False,False,
3974,397,5,141,141,False,False,140
3974,397,6,149,149,False,False,
3974,397,7,140,140,False,False,
3974,397,8,149,149,False,False,
3974,397,9,130,137,True,True,140 137
3975,397,1,143,143,False,False,
3975,397,2,143,143,False,False,
3975,397,3,143,143,False,False,
3975,397,4,121,128,True,True,128
3976,397,1,73,73,False,False,
3976,397,2,69,69,True,False,
3977,397,1,2,2,False,False,
3977,397,2,3,3,False,False,
3977,397,3,11,2,True,True,2
3978,397,1,49,49,False,False,
3978,397,2,62,54,True,True,54 56
3979,397,1,86,86,False,False,
3979,397,2,97,97,True,False,
3980,398,1,6,6,True,False,
3981,398,1,151,151,True,False,
3982,398,1,128,128,False,False,
3982,398,2,109,109,False,False,110
3982,398,3,103,103,False,False,
3982,398,4,103,103,False,False,
3982,398,5,103,103,False,False,
3982,398,6,143,143,True,False,
3983,398,1,111,111,False,False,
3983,398,2,139,129,True,True,122 129
3984,398,1,143,143,False,False,
3984,398,2,109,109,False,False,
3984,398,3,109,109,False,False,
3984,398,4,109,109,True,False,
3985,398,1,149,149,False,False,
3985,398,2,149,149,False,False,
3985,398,3,124,124,False,False,
3985,398,4,124,124,False,False,
3985,398,5,124,124,True,False,
3986,398,1,59,59,True,False,66
3987,398,1,7,7,False,False,
3987,398,2,7,7,False,False,
3987,398,3,4,4,True,False,
3988,398,1,93,55,True,True,55 69 80 81 84 88
3989,398,1,62,62,True,False,
3990,399,1,143,143,False,False,
3990,399,2,143,143,False,False,
3990,399,3,143,143,False,False,
3990,399,4,119,119,True,False,
3991,399,1,20,20,True,False,
3992,399,1,56,56,False,False,
3992,399,2,56,56,False,False,
3992,399,3,54,54,True,False,
3993,399,1,74,74,False,False,
3993,399,2,73,73,False,False,72
3993,399,3,72,72,False,False,
3993,399,4,72,72,False,False,
3993,399,5,72,72,True,False,
3994,399,1,141,125,True,True,125 137
3995,399,1,151,151,True,False,
3996,399,1,60,60,False,False,
3996,399,2,55,55,True,False,
3997,399,1,71,71,False,False,
3997,399,2,71,71,False,False,
3997,399,3,71,71,False,False,
3997,399,4,62,63,True,True,64 63
3998,399,1,27,27,False,False,
3998,399,2,33,33,False,False,
3998,399,3,33,33,False,False,
3998,399,4,33,33,False,False,
3998,399,5,27,27,True,False,
3999,399,1,87,87,True,False,
4000,400,1,69,69,True,False,
4001,400,1,143,143,False,False,
4001,400,2,120,120,False,False,
4001,400,3,128,128,True,False,
4002,400,1,29,29,True,False,
4003,400,1,19,19,True,False,18
4004,400,1,55,55,True,False,
4005,400,1,65,65,False,False,
4005,400,2,54,64,True,True,64 56
4006,400,1,63,63,False,False,
4006,400,2,70,70,False,False,
4006,400,3,62,62,False,False,
4006,400,4,71,71,False,False,70
4006,400,5,71,71,False,False,
4006,400,6,71,71,True,False,
4007,400,1,68,68,True,False,
4008,400,1,70,70,False,False,
4008,400,2,70,70,False,False,
4008,400,3,56,62,True,True,62
4009,400,1,77,74,True,True,74
4010,401,1,59,59,True,False,
4011,401,1,94,94,True,False,
4012,401,1,82,82,True,False,
4013,401,1,142,142,False,False,
4013,401,2,131,131,True,False,
4014,401,1,63,63,False,False,
4014,401,2,62,62,True,False,
4015,401,1,71,63,True,True,63 70
4016,401,1,121,121,True,False,
4017,401,1,134,134,True,False,
4018,401,1,11,11,True,False,
4019,401,1,12,12,False,False,
4019,401,2,9,9,False,False,
4019,401,3,12,12,False,False,
4019,401,4,9,9,True,False,
4020,402,1,31,47,True,True,47 43 33 32
4021,402,1,55,55,False,False,
4021,402,2,55,55,True,False,
4022,402,1,136,136,True,False,
4023,402,1,116,116,False,False,
4023,402,2,116,116,False,False,
4023,402,3,116,116,False,False,
4023,402,4,116,116,False,False,
4023,402,5,138,138,True,False,
4024,402,1,132,132,True,False,
4025,402,1,8,8,True,False,
4026,402,1,11,11,True,False,
4027,402,1,78,78,True,False,
4028,402,1,95,95,False,False,
4028,402,2,95,95,False,False,
4028,402,3,95,95,True,False,
4029,402,1,142,142,True,False,
4030,403,1,92,92,True,False,
4031,403,1,44,44,True,False,
4032,403,1,86,86,True,False,77
4033,403,1,70,70,True,False,
4034,403,1,5,5,True,False,
4035,403,1,2,3,True,True,3
4036,403,1,75,75,False,False,
4036,403,2,78,78,True,False,
4037,403,1,27,27,False,False,
4037,403,2,16,16,False,False,15
4037,403,3,32,33,True,True,27 33
4038,403,1,46,46,False,False,
4038,403,2,35,35,False,False,
4038,403,3,35,35,False,False,
4038,403,4,47,47,False,False,
4038,403,5,35,35,False,False,
4038,403,6,35,35,False,False,
4038,403,7,43,43,False,False,
4038,403,8,16,16,False,False,35
4038,403,9,19,19,False,False,17 18
4038,403,10,19,19,False,False,
4038,403,11,19,19,True,False,
4039,403,1,132,132,True,False,
4040,404,1,119,119,False,False,
4040,404,2,97,97,True,False,
4041,404,1,83,83,False,False,
4041,404,2,88,88,True,False,87
4042,404,1,72,72,True,False,
4043,404,1,3,3,False,False,
4043,404,2,15,15,True,False,7
4044,404,1,38,38,False,False,
4044,404,2,56,56,False,False,
4044,404,3,23,23,True,False,29 24
4045,404,1,19,18,True,True,17 18
4046,404,1,104,104,True,False,75 78 98
4047,404,1,152,152,False,False,
4047,404,2,152,152,True,False,
4048,404,1,138,138,True,False,
4049,404,1,86,86,True,False,
4050,405,1,42,42,False,False,
4050,405,2,42,42,False,False,
4050,405,3,50,50,False,False,
4050,405,4,33,33,False,False,
4050,405,5,33,33,True,False,
4051,405,1,72,72,True,False,
4052,405,1,26,26,True,False,
4053,405,1,93,93,True,False,
4054,405,1,59,59,True,False,
4055,405,1,51,51,True,False,
4056,405,1,146,146,False,False,139
4056,405,2,146,146,False,False,
4056,405,3,143,143,False,False,
4056,405,4,147,147,True,False,
4057,405,1,72,72,True,False,
4058,405,1,55,55,False,False,
4058,405,2,43,43,False,False,
4058,405,3,43,43,False,False,
4058,405,4,36,36,False,False,
4058,405,5,36,36,False,False,
4058,405,6,8,8,False,False,
4058,405,7,8,8,False,False,
4058,405,8,8,8,False,False,
4058,405,9,92,28,True,True,17 21 28 35 46 55 69 80 83 87
4059,405,1,143,143,True,False,
4060,406,1,153,153,True,False,
4061,406,1,73,73,True,False,
4062,406,1,86,86,False,False,
4062,406,2,86,86,False,False,
4062,406,3,71,74,True,True,74
4063,406,1,49,49,False,False,
4063,406,2,56,56,False,False,
4063,406,3,54,54,False,False,
4063,406,4,62,56,True,True,56
4064,406,1,70,70,True,False,
4065,406,1,152,152,False,False,
4065,406,2,146,146,True,False,
4066,406,1,13,13,False,False,
4066,406,2,6,6,False,False,10
4066,406,3,6,6,True,False,
4067,406,1,85,85,True,False,
4068,406,1,26,26,True,False,65
4069,406,1,18,18,True,False,
4070,407,1,77,77,False,False,
4070,407,2,86,86,True,False,
4071,407,1,143,143,True,False,
4072,407,1,146,146,True,False,
4073,407,1,58,58,False,False,
4073,407,2,73,72,True,True,72
4074,407,1,71,71,True,False,
4075,407,1,79,78,True,True,78
4076,407,1,72,73,True,True,73
4077,407,1,146,146,False,False,
4077,407,2,152,152,False,False,
4077,407,3,146,146,False,False,
4077,407,4,146,146,False,False,
4077,407,5,143,143,True,False,
4078,407,1,22,22,True,False,
4079,407,1,61,61,True,False,
4080,408,1,64,64,False,False,73 65
4080,408,2,64,64,False,False,
4080,408,3,64,64,False,False,
4080,408,4,72,72,True,False,
4081,408,1,35,35,False,False,
4081,408,2,35,35,False,False,
4081,408,3,43,43,False,False,
4081,408,4,43,43,False,False,
4081,408,5,43,43,False,False,
4081,408,6,36,36,False,False,
4081,408,7,35,35,True,False,
4082,408,1,115,115,True,False,
4083,408,1,122,122,False,False,
4083,408,2,122,122,False,False,
4083,408,3,78,82,True,True,82
4084,408,1,84,84,False,False,
4084,408,2,112,112,False,False,88 93
4084,408,3,136,136,False,False,
4084,408,4,113,113,False,False,
4084,408,5,113,113,False,False,
4084,408,6,113,113,True,False,
4085,408,1,88,88,True,False,
4086,408,1,51,67,True,True,67
4087,408,1,109,109,True,False,
4088,408,1,98,98,True,False,
4089,408,1,112,112,True,False,106
4090,409,1,107,107,False,False,
4090,409,2,115,115,False,False,
4090,409,3,99,99,True,False,
4091,409,1,46,46,True,False,
4092,409,1,42,42,False,False,
4092,409,2,59,59,False,False,
4092,409,3,57,58,True,True,58
4093,409,1,62,62,False,False,
4093,409,2,56,56,True,False,
4094,409,1,42,42,False,False,
4094,409,2,45,45,False,False,
4094,409,3,42,42,False,False,
4094,409,4,33,33,True,False,
4095,409,1,36,36,False,False,
4095,409,2,48,48,True,False,
4096,409,1,111,105,True,True,105
4097,409,1,61,61,False,False,
4097,409,2,61,61,True,False,
4098,409,1,101,101,False,False,
4098,409,2,99,99,False,False,100
4098,409,3,97,97,True,False,
4099,409,1,128,128,True,False,
4100,410,1,76,76,False,False,
4100,410,2,76,76,False,False,
4100,410,3,76,76,True,False,
4101,410,1,22,22,False,False,
4101,410,2,22,22,False,False,
4101,410,3,18,18,True,False,
4102,410,1,66,66,False,False,
4102,410,2,66,66,False,False,
4102,410,3,66,66,True,False,
4103,410,1,103,103,True,False,
4104,410,1,2,2,True,False,
4105,410,1,146,146,True,False,
4106,410,1,66,66,False,False,
4106,410,2,66,66,True,False,
4107,410,1,49,49,False,False,
4107,410,2,49,49,True,False,
4108,410,1,126,126,False,False,
4108,410,2,126,126,False,False,
4108,410,3,107,107,False,False,
4108,410,4,107,107,False,False,
4108,410,5,107,107,False,False,
4108,410,6,116,116,False,False,
4108,410,7,115,115,True,False,
4109,410,1,127,127,False,False,
4109,410,2,119,119,True,False,
4110,411,1,74,74,False,False,
4110,411,2,101,101,False,False,76
4110,411,3,85,85,True,False,
4111,411,1,62,62,True,False,70
4112,411,1,71,71,False,False,64
4112,411,2,39,39,True,False,
4113,411,1,30,30,False,False,
4113,411,2,30,30,True,False,
4114,411,1,7,7,True,False,
4115,411,1,111,111,False,False,
4115,411,2,104,104,True,False,
4116,411,1,30,30,False,False,
4116,411,2,26,26,True,False,25
4117,411,1,66,66,True,False,
4118,411,1,116,116,True,False,
4119,411,1,68,68,True,False,
4120,412,1,148,147,True,True,147
4121,412,1,44,44,False,False,
4121,412,2,57,57,False,False,
4121,412,3,57,57,False,False,
4121,412,4,57,57,False,False,
4121,412,5,57,57,True,False,
4122,412,1,120,120,True,False,
4123,412,1,152,152,True,False,
4124,412,1,104,104,True,False,
4125,412,1,51,51,True,False,
4126,412,1,7,15,True,True,15
4127,412,1,51,51,False,False,
4127,412,2,50,50,True,False,
4128,412,1,62,62,False,False,
4128,412,2,70,70,True,False,
4129,412,1,48,47,True,True,47
4130,413,1,33,33,False,False,
4130,413,2,27,27,True,False,
4131,413,1,125,124,True,True,112 124
4132,413,1,11,11,True,False,
4133,413,1,152,128,True,True,121 128
4134,413,1,2,2,True,False,
4135,413,1,60,60,True,False,
4136,413,1,15,15,False,False,
4136,413,2,4,4,False,False,
4136,413,3,15,15,True,False,
4137,413,1,70,70,True,False,
4138,413,1,49,49,False,False,
4138,413,2,56,56,False,False,54
4138,413,3,49,49,False,False,
4138,413,4,38,38,False,False,
4138,413,5,29,29,True,False,
4139,413,1,8,8,False,False,
4139,413,2,8,8,True,False,
4140,414,1,107,107,False,False,
4140,414,2,107,107,False,False,
4140,414,3,107,107,True,False,
4141,414,1,99,99,False,False,
4141,414,2,89,89,True,False,
4142,414,1,147,146,True,True,146
4143,414,1,32,41,True,True,41
4144,414,1,109,109,True,False,
4145,414,1,91,91,False,False,
4145,414,2,91,91,True,False,
4146,414,1,43,43,False,False,46
4146,414,2,28,28,False,False,35
4146,414,3,55,46,True,True,35 46
4147,414,1,141,141,False,False,
4147,414,2,141,141,False,False,
4147,414,3,130,130,False,False,
4147,414,4,144,137,True,True,137
4148,414,1,89,89,True,False,
4149,414,1,21,21,True,False,
4150,415,1,92,92,True,False,
4151,415,1,2,2,True,False,
4152,415,1,15,15,False,False,
4152,415,2,15,15,True,False,
4153,415,1,66,66,False,False,
4153,415,2,66,66,False,False,
4153,415,3,66,66,False,False,
4153,415,4,82,82,True,False,
4154,415,1,27,27,True,False,
4155,415,1,29,29,True,False,
4156,415,1,59,59,True,False,
4157,415,1,90,90,True,False,
4158,415,1,154,154,True,False,
4159,415,1,143,146,True,True,146
4160,416,1,89,89,False,False,
4160,416,2,99,99,True,False,
4161,416,1,82,82,False,False,
4161,416,2,111,104,True,True,104
4162,416,1,154,154,False,False,
4162,416,2,154,154,True,False,
4163,416,1,56,62,True,True,62
4164,416,1,56,56,False,False,
4164,416,2,56,56,False,False,
4164,416,3,56,56,True,False,
4165,416,1,115,115,True,False,107
4166,416,1,79,79,True,False,
4167,416,1,118,118,True,False,
4168,416,1,135,135,True,False,
4169,416,1,49,49,False,False,
4169,416,2,49,49,True,False,
4170,417,1,2,2,False,False,
4170,417,2,39,39,False,False,
4170,417,3,39,39,False,False,
4170,417,4,39,39,False,False,
4170,417,5,39,39,False,False,
4170,417,6,39,39,True,False,
4171,417,1,77,77,True,False,
4172,417,1,32,41,True,True,41
4173,417,1,123,123,False,False,
4173,417,2,129,129,False,False,
4173,417,3,129,129,True,False,
4174,417,1,39,39,True,False,
4175,417,1,103,103,True,False,
4176,417,1,145,145,True,False,
4177,417,1,55,55,True,False,
4178,417,1,51,52,True,True,52
4179,417,1,150,150,False,False,
4179,417,2,150,150,True,False,
4180,418,1,125,125,False,False,
4180,418,2,130,130,False,False,
4180,418,3,114,114,True,False,
4181,418,1,138,138,True,False,
4182,418,1,91,91,True,False,
4183,418,1,75,75,True,False,79
4184,418,1,59,59,False,False,66
4184,418,2,50,50,False,False,
4184,418,3,45,45,False,False,
4184,418,4,66,66,False,False,
4184,418,5,66,66,False,False,
4184,418,6,51,51,True,False,
4185,418,1,66,66,False,False,
4185,418,2,105,105,False,False,98
4185,418,3,79,79,False,False,82 78
4185,418,4,79,79,False,False,
4185,418,5,78,78,True,False,
4186,418,1,37,37,False,False,49
4186,418,2,56,56,True,False,
4187,418,1,115,115,False,False,
4187,418,2,115,115,True,False,
4188,418,1,125,125,False,False,
4188,418,2,149,149,True,False,
4189,418,1,3,3,True,False,
4190,419,1,17,17,True,False,
4191,419,1,75,75,True,False,
4192,419,1,70,70,True,False,71
4193,419,1,121,121,True,False,
4194,419,1,129,129,True,False,
4195,419,1,148,148,False,False,
4195,419,2,148,148,False,False,
4195,419,3,148,148,False,False,
4195,419,4,154,154,True,False,
4196,419,1,37,37,False,False,
4196,419,2,37,37,True,False,
4197,419,1,66,66,False,False,
4197,419,2,50,50,False,False,
4197,419,3,50,50,True,False,
4198,419,1,137,137,True,False,
4199,419,1,48,48,True,False,
4200,420,1,47,47,True,False,
4201,420,1,59,59,False,False,
4201,420,2,45,50,True,True,50
4202,420,1,144,144,True,False,
4203,420,1,45,45,True,False,
4204,420,1,132,132,False,False,
4204,420,2,132,132,False,False,
4204,420,3,118,118,True,False,
4205,420,1,123,123,True,False,
4206,420,1,46,46,True,False,
4207,420,1,31,31,False,False,
4207,420,2,31,31,False,False,
4207,420,3,31,31,False,False,
4207,420,4,31,31,True,False,
4208,420,1,123,123,True,False,
4209,420,1,89,89,True,False,
4210,421,1,110,110,False,False,
4210,421,2,110,110,False,False,
4210,421,3,110,110,False,False,
4210,421,4,110,110,False,False,
4210,421,5,110,110,False,False,
4210,421,6,119,119,True,False,
4211,421,1,98,98,False,False,
4211,421,2,82,82,False,False,
4211,421,3,82,82,True,False,
4212,421,1,149,149,True,False,
4213,421,1,90,90,False,False,
4213,421,2,90,90,True,False,
4214,421,1,52,52,False,False,
4214,421,2,52,52,True,False,
4215,421,1,146,146,True,False,
4216,421,1,54,54,False,False,62 56
4216,421,2,54,54,False,False,
4216,421,3,64,64,False,False,
4216,421,4,64,64,False,False,
4216,421,5,64,64,True,False,
4217,421,1,120,120,False,False,
4217,421,2,120,120,False,False,
4217,421,3,120,120,True,False,
4218,421,1,98,98,False,False,
4218,421,2,98,98,False,False,
4218,421,3,98,98,False,False,
4218,421,4,98,98,False,False,
4218,421,5,105,105,True,False,
4219,421,1,45,45,True,False,
4220,422,1,90,90,True,False,
4221,422,1,93,93,False,False,
4221,422,2,81,81,True,False,
4222,422,1,48,48,False,False,
4222,422,2,83,81,True,True,81
4223,422,1,7,7,True,False,
4224,422,1,139,139,True,False,
4225,422,1,4,4,False,False,
4225,422,2,5,5,True,False,
4226,422,1,33,33,True,False,
4227,422,1,132,132,True,False,
4228,422,1,111,111,False,False,
4228,422,2,98,104,True,True,104
4229,422,1,98,105,True,True,105
4230,423,1,132,132,True,False,
4231,423,1,31,31,True,False,
4232,423,1,65,65,True,False,
4233,423,1,9,18,True,True,18
4234,423,1,77,77,True,False,
4235,423,1,59,73,True,True,73
4236,423,1,133,133,True,False,129
4237,423,1,40,40,True,False,
4238,423,1,152,152,False,False,
4238,423,2,151,151,False,False,
4238,423,3,151,151,False,False,
4238,423,4,152,152,False,False,
4238,423,5,152,152,False,False,
4238,423,6,152,152,False,False,
4238,423,7,143,143,False,False,
4238,423,8,143,143,True,False,
4239,423,1,143,143,False,False,
4239,423,2,143,143,False,False,
4239,423,3,143,143,False,False,
4239,423,4,151,151,True,False,
4240,424,1,37,37,True,False,38
4241,424,1,139,139,False,False,
4241,424,2,143,143,True,False,
4242,424,1,109,109,True,False,
4243,424,1,57,57,False,False,
4243,424,2,64,64,False,False,
4243,424,3,71,71,False,False,
4243,424,4,71,71,False,False,
4243,424,5,65,65,True,False,64
4244,424,1,148,148,True,False,134
4245,424,1,70,70,False,False,
4245,424,2,70,70,True,False,
4246,424,1,72,72,True,False,
4247,424,1,144,135,True,True,135
4248,424,1,26,31,True,True,40 31
4249,424,1,38,38,True,False,
4250,425,1,109,109,False,False,
4250,425,2,109,109,False,False,
4250,425,3,100,100,True,False,
4251,425,1,86,86,True,False,
4252,425,1,8,8,False,False,
4252,425,2,8,8,False,False,
4252,425,3,18,18,True,False,
4253,425,1,55,55,False,False,
4253,425,2,53,53,False,False,
4253,425,3,95,95,True,False,
4254,425,1,50,50,True,False,
4255,425,1,26,26,True,False,
4256,425,1,36,36,False,False,
4256,425,2,46,46,False,False,
4256,425,3,53,53,False,False,
4256,425,4,47,47,True,False,
4257,425,1,56,56,True,False,
4258,425,1,42,42,False,False,
4258,425,2,34,34,False,False,
4258,425,3,27,27,True,False,
4259,425,1,61,61,False,False,
4259,425,2,46,46,True,False,55
4260,426,1,104,104,True,False,
4261,426,1,47,53,True,True,53
4262,426,1,65,65,False,False,
4262,426,2,74,74,False,False,
4262,426,3,71,71,False,False,
4262,426,4,71,71,False,False,
4262,426,5,71,71,True,False,
4263,426,1,45,45,False,False,59 50
4263,426,2,50,50,False,False,
4263,426,3,45,45,True,False,
4264,426,1,61,61,False,False,
4264,426,2,43,43,False,False,
4264,426,3,43,43,True,False,
4265,426,1,4,4,True,False,
4266,426,1,99,99,False,False,
4266,426,2,99,99,False,False,
4266,426,3,99,99,True,False,
4267,426,1,44,44,True,False,
4268,426,1,19,19,False,False,
4268,426,2,18,18,False,False,
4268,426,3,18,18,True,False,
4269,426,1,14,14,True,False,
4270,427,1,40,40,True,False,
4271,427,1,100,100,False,False,
4271,427,2,100,100,False,False,
4271,427,3,96,96,False,False,
4271,427,4,96,96,False,False,
4271,427,5,126,126,True,False,
4272,427,1,15,15,True,False,
4273,427,1,80,51,True,True,51 78 79
4274,427,1,46,52,True,True,52
4275,427,1,50,50,True,False,
4276,427,1,71,71,False,False,
4276,427,2,71,71,True,False,
4277,427,1,20,20,False,False,
4277,427,2,20,20,False,False,
4277,427,3,20,20,True,False,
4278,427,1,2,2,True,False,
4279,427,1,105,105,False,False,
4279,427,2,105,105,False,False,
4279,427,3,105,105,False,False,
4279,427,4,123,123,True,False,
4280,428,1,73,73,False,False,77 72
4280,428,2,73,73,True,False,
4281,428,1,111,111,True,False,
4282,428,1,86,86,True,False,
4283,428,1,56,74,True,True,74 71 70
4284,428,1,77,77,False,False,
4284,428,2,121,120,True,True,86 120
4285,428,1,68,68,True,False,
4286,428,1,42,42,False,False,
4286,428,2,7,7,True,False,15
4287,428,1,27,27,True,False,
4288,428,1,47,47,False,False,
4288,428,2,69,53,True,True,53 61
4289,428,1,39,41,True,True,41 40
4290,429,1,121,121,False,False,
4290,429,2,121,121,False,False,
4290,429,3,139,139,True,False,
4291,429,1,134,134,False,False,
4291,429,2,134,134,False,False,
4291,429,3,134,134,True,False,
4292,429,1,69,69,False,False,
4292,429,2,55,55,False,False,
4292,429,3,48,48,True,False,
4293,429,1,96,96,True,False,
4294,429,1,48,53,True,True,53
4295,429,1,74,60,True,True,60 67 66
4296,429,1,90,90,True,False,
4297,429,1,81,83,True,True,83
4298,429,1,106,91,True,True,91
4299,429,1,97,97,False,False,
4299,429,2,67,78,True,True,78
4300,430,1,66,67,True,True,67
4301,430,1,45,45,True,False,
4302,430,1,143,143,False,False,
4302,430,2,152,152,False,False,
4302,430,3,151,151,False,False,
4302,430,4,151,151,False,False,
4302,430,5,151,151,False,False,
4302,430,6,151,151,False,False,
4302,430,7,151,151,False,False,
4302,430,8,151,151,True,False,
4303,430,1,117,117,False,False,
4303,430,2,117,117,False,False,
4303,430,3,117,117,False,False,
4303,430,4,117,117,False,False,
4303,430,5,117,117,False,False,
4303,430,6,117,117,False,False,
4303,430,7,126,126,False,False,
4303,430,8,118,118,True,False,117
4304,430,1,57,57,False,False,
4304,430,2,57,57,False,False,
4304,430,3,44,44,True,False,
4305,430,1,77,77,True,False,
4306,430,1,118,118,True,False,
4307,430,1,14,14,False,False,25
4307,430,2,20,20,True,False,
4308,430,1,53,53,False,False,
4308,430,2,83,61,True,True,61 69 80
4309,430,1,32,32,True,False,
4310,431,1,120,120,True,False,128
4311,431,1,62,62,False,False,70
4311,431,2,70,70,True,False,
4312,431,1,147,147,True,False,
4313,431,1,90,90,False,False,
4313,431,2,89,89,True,False,
4314,431,1,145,145,True,False,
4315,431,1,151,151,True,False,
4316,431,1,0,0,True,False,
4317,431,1,26,26,True,False,
4318,431,1,45,45,False,False,
4318,431,2,50,50,False,False,
4318,431,3,50,50,True,False,
4319,431,1,97,97,False,False,
4319,431,2,86,86,True,False,
4320,432,1,119,119,True,False,127
4321,432,1,14,14,True,False,
4322,432,1,57,57,False,False,
4322,432,2,72,72,False,False,65
4322,432,3,72,72,True,False,
4323,432,1,7,7,False,False,
4323,432,2,31,31,True,False,
4324,432,1,8,8,False,False,
4324,432,2,8,8,True,False,
4325,432,1,116,116,True,False,
4326,432,1,42,42,False,False,45
4326,432,2,42,42,True,False,
4327,432,1,71,71,True,False,
4328,432,1,89,89,True,False,
4329,432,1,48,46,True,True,46 47
4330,433,1,70,71,True,True,71
4331,433,1,68,67,True,True,67
4332,433,1,15,15,True,False,
4333,433,1,113,113,True,False,
4334,433,1,115,115,True,False,116
4335,433,1,48,48,True,False,
4336,433,1,151,151,True,False,
4337,433,1,78,82,True,True,82
4338,433,1,111,105,True,True,105
4339,433,1,80,80,True,False,
4340,434,1,31,65,True,True,65 58
4341,434,1,94,94,False,False,
4341,434,2,112,112,False,False,
4341,434,3,112,112,True,False,
4342,434,1,57,57,False,False,
4342,434,2,57,57,False,False,
4342,434,3,64,64,False,False,
4342,434,4,57,57,True,False,
4343,434,1,70,71,True,True,64 71
4344,434,1,90,90,True,False,
4345,434,1,115,115,False,False,
4345,434,2,115,115,True,False,
4346,434,1,98,98,False,False,
4346,434,2,98,98,False,False,
4346,434,3,82,82,True,False,
4347,434,1,26,41,True,True,41 40 39
4348,434,1,104,104,True,False,
4349,434,1,2,2,True,False,
4350,435,1,64,64,False,False,
4350,435,2,64,64,False,False,
4350,435,3,64,64,False,False,
4350,435,4,64,64,False,False,
4350,435,5,64,64,False,False,
4350,435,6,64,64,False,False,
4350,435,7,64,64,False,False,
4350,435,8,44,44,True,False,
4351,435,1,40,39,True,True,39
4352,435,1,104,104,False,False,86
4352,435,2,104,104,True,False,
4353,435,1,54,54,False,False,56
4353,435,2,54,54,True,False,
4354,435,1,147,147,True,False,
4355,435,1,50,50,True,False,
4356,435,1,68,67,True,True,67
4357,435,1,25,25,False,False,
4357,435,2,25,25,False,False,
4357,435,3,25,25,False,False,
4357,435,4,25,25,False,False,
4357,435,5,30,30,False,False,
4357,435,6,38,38,True,False,
4358,435,1,127,127,False,False,
4358,435,2,127,127,True,False,
4359,435,1,149,149,False,False,
4359,435,2,137,140,True,True,140
4360,436,1,12,12,True,False,
4361,436,1,91,91,False,False,
4361,436,2,98,98,False,False,
4361,436,3,79,79,True,False,78
4362,436,1,100,100,True,False,
4363,436,1,40,40,False,False,
4363,436,2,33,41,True,True,41
4364,436,1,52,52,False,False,51
4364,436,2,45,45,False,False,
4364,436,3,51,51,False,False,
4364,436,4,51,51,False,False,
4364,436,5,51,51,True,False,
4365,436,1,137,137,True,False,
4366,436,1,122,122,False,False,
4366,436,2,122,122,False,False,
4366,436,3,103,103,True,False,111
4367,436,1,56,56,False,False,90
4367,436,2,89,89,False,False,
4367,436,3,107,107,False,False,
4367,436,4,89,89,True,False,
4368,436,1,73,77,True,True,77
4369,436,1,56,56,True,False,
4370,437,1,84,84,False,False,80
4370,437,2,84,84,False,False,
4370,437,3,95,95,False,False,
4370,437,4,81,81,True,False,
4371,437,1,6,6,False,False,
4371,437,2,6,6,True,False,
4372,437,1,0,0,False,False,
4372,437,2,0,0,True,False,
4373,437,1,8,8,False,False,
4373,437,2,5,5,False,False,
4373,437,3,8,8,False,False,
4373,437,4,7,7,False,False,
4373,437,5,7,7,False,False,
4373,437,6,8,8,True,False,
4374,437,1,33,33,False,False,
4374,437,2,33,33,False,False,
4374,437,3,33,33,False,False,
4374,437,4,33,33,True,False,
4375,437,1,86,73,True,True,73
4376,437,1,100,101,True,True,102 101
4377,437,1,130,130,True,False,
4378,437,1,68,68,True,False,
4379,437,1,46,46,False,False,55
4379,437,2,46,46,False,False,
4379,437,3,81,69,True,True,69 80
4380,438,1,115,115,False,False,
4380,438,2,115,115,True,False,
4381,438,1,22,22,False,False,
4381,438,2,22,22,False,False,
4381,438,3,18,18,False,False,
4381,438,4,22,22,True,False,
4382,438,1,65,65,True,False,
4383,438,1,38,38,True,False,
4384,438,1,80,80,True,False,
4385,438,1,151,151,True,False,
4386,438,1,53,53,False,False,
4386,438,2,53,53,True,False,
4387,438,1,2,2,True,False,
4388,438,1,43,43,False,False,
4388,438,2,28,28,False,False,35
4388,438,3,43,35,True,True,35
4389,438,1,33,33,False,False,
4389,438,2,32,32,False,False,
4389,438,3,32,32,True,False,
4390,439,1,16,16,False,False,
4390,439,2,8,8,False,False,
4390,439,3,8,8,False,False,
4390,439,4,4,4,True,False,
4391,439,1,149,149,False,False,
4391,439,2,140,140,False,False,
4391,439,3,130,130,True,False,141
4392,439,1,138,138,False,False,127
4392,439,2,118,118,False,False,
4392,439,3,118,118,True,False,
4393,439,1,53,53,True,False,
4394,439,1,76,76,False,False,
4394,439,2,62,70,True,True,70 63
4395,439,1,44,44,True,False,
4396,439,1,102,85,True,True,85
4397,439,1,79,78,True,True,78
4398,439,1,25,25,False,False,
4398,439,2,31,31,True,False,
4399,439,1,59,59,True,False,
4400,440,1,3,3,False,False,
4400,440,2,2,2,False,False,
4400,440,3,20,20,False,False,
4400,440,4,20,20,False,False,
4400,440,5,32,32,False,False,
4400,440,6,20,20,False,False,26
4400,440,7,2,11,True,True,11
4401,440,1,117,117,True,False,108 118
4402,440,1,62,70,True,True,70
4403,440,1,121,121,False,False,
4403,440,2,139,139,False,False,128
4403,440,3,128,128,True,False,
4404,440,1,55,55,False,False,
4404,440,2,66,66,True,False,
4405,440,1,98,98,False,False,
4405,440,2,98,98,False,False,
4405,440,3,86,86,False,False,
4405,440,4,105,105,True,False,98
4406,440,1,56,56,False,False,62
4406,440,2,54,54,False,False,
4406,440,3,54,54,False,False,
4406,440,4,62,62,False,False,
4406,440,5,54,54,True,False,56
4407,440,1,40,40,False,False,
4407,440,2,59,59,False,False,
4407,440,3,41,41,False,False,
4407,440,4,73,73,False,False,
4407,440,5,59,59,False,False,
4407,440,6,59,59,True,False,
4408,440,1,137,137,False,False,
4408,440,2,137,137,True,False,
4409,440,1,82,82,True,False,
4410,441,1,106,106,False,False,
4410,441,2,106,106,True,False,
4411,441,1,127,127,False,False,
4411,441,2,127,127,True,False,
4412,441,1,147,147,False,False,
4412,441,2,147,147,False,False,
4412,441,3,147,147,False,False,
4412,441,4,147,147,False,False,
4412,441,5,147,147,True,False,
4413,441,1,151,151,False,False,
4413,441,2,151,151,True,False,
4414,441,1,117,132,True,True,132
4415,441,1,132,132,True,False,
4416,441,1,133,133,False,False,
4416,441,2,134,134,False,False,
4416,441,3,134,134,False,False,
4416,441,4,134,134,False,False,
4416,441,5,134,134,True,False,
4417,441,1,3,3,False,False,
4417,441,2,3,3,False,False,
4417,441,3,3,3,False,False,
4417,441,4,3,3,True,False,
4418,441,1,28,28,True,False,
4419,441,1,37,37,False,False,
4419,441,2,37,37,False,False,
4419,441,3,37,37,True,False,
4420,442,1,112,112,True,False,106
4421,442,1,110,110,False,False,
4421,442,2,110,110,False,False,
4421,442,3,110,110,False,False,
4421,442,4,110,110,False,False,
4421,442,5,110,110,True,False,
4422,442,1,79,79,True,False,
4423,442,1,18,18,True,False,
4424,442,1,115,115,True,False,
4425,442,1,113,113,False,False,
4425,442,2,113,113,False,False,
4425,442,3,114,114,False,False,
4425,442,4,114,114,False,False,
4425,442,5,124,124,True,False,113 125
4426,442,1,149,149,False,False,
4426,442,2,149,149,False,False,
4426,442,3,141,141,True,False,
4427,442,1,101,101,True,False,
4428,442,1,134,134,False,False,
4428,442,2,148,148,False,False,
4428,442,3,148,148,True,False,
4429,442,1,134,134,False,False,
4429,442,2,134,134,True,False,
4430,443,1,123,123,True,False,
4431,443,1,101,101,True,False,
4432,443,1,3,3,False,False,
4432,443,2,2,2,True,False,
4433,443,1,127,127,True,False,110
4434,443,1,66,66,False,False,
4434,443,2,45,50,True,True,50
4435,443,1,127,127,False,False,
4435,443,2,110,110,True,False,
4436,443,1,80,79,True,True,79
4437,443,1,71,71,True,False,
4438,443,1,98,98,True,False,
4439,443,1,74,74,False,False,
4439,443,2,58,58,False,False,
4439,443,3,76,74,True,True,74
4440,444,1,138,138,True,False,
4441,444,1,13,13,False,False,
4441,444,2,13,13,True,False,
4442,444,1,50,50,True,False,
4443,444,1,20,20,False,False,26
4443,444,2,20,20,False,False,
4443,444,3,20,20,True,False,
4444,444,1,103,103,False,False,
4444,444,2,103,103,False,False,
4444,444,3,138,132,True,True,132
4445,444,1,103,103,False,False,
4445,444,2,120,120,True,False,
4446,444,1,8,8,False,False,
4446,444,2,8,8,True,False,
4447,444,1,26,26,True,False,
4448,444,1,154,154,False,False,
4448,444,2,148,148,False,False,
4448,444,3,106,106,False,False,135 112
4448,444,4,154,154,False,False,
4448,444,5,149,149,False,False,
4448,444,6,154,154,True,False,
4449,444,1,42,45,True,True,45
4450,445,1,69,69,True,False,
4451,445,1,86,86,True,False,
4452,445,1,99,99,False,False,
4452,445,2,29,29,True,False,54 49 37
4453,445,1,16,16,False,False,
4453,445,2,5,5,False,False,
4453,445,3,5,5,True,False,
4454,445,1,54,54,False,False,
4454,445,2,39,39,True,False,49
4455,445,1,101,101,True,False,
4456,445,1,13,13,True,False,
4457,445,1,49,49,True,False,
4458,445,1,76,63,True,True,63 70
4459,445,1,98,98,True,False,
4460,446,1,7,7,False,False,
4460,446,2,15,15,False,False,
4460,446,3,7,7,False,False,
4460,446,4,15,15,True,False,
4461,446,1,102,102,True,False,
4462,446,1,41,41,True,False,
4463,446,1,96,74,True,True,74 76 89
4464,446,1,152,152,False,False,
4464,446,2,154,154,False,False,
4464,446,3,152,152,True,False,
4465,446,1,33,33,False,False,
4465,446,2,27,27,False,False,
4465,446,3,27,27,True,False,
4466,446,1,9,9,False,False,
4466,446,2,19,19,False,False,
4466,446,3,19,19,False,False,
4466,446,4,9,9,True,False,
4467,446,1,138,138,True,False,
4468,446,1,104,104,True,False,
4469,446,1,150,150,False,False,
4469,446,2,153,153,True,False,
4470,447,1,6,6,True,False,
4471,447,1,34,34,False,False,
4471,447,2,34,34,False,False,
4471,447,3,34,34,True,False,
4472,447,1,151,151,True,False,
4473,447,1,132,132,True,False,
4474,447,1,152,152,True,False,
4475,447,1,89,89,False,False,
4475,447,2,99,99,False,False,
4475,447,3,99,99,True,False,
4476,447,1,63,63,False,False,
4476,447,2,63,63,False,False,
4476,447,3,63,63,True,False,
4477,447,1,66,66,False,False,
4477,447,2,66,66,True,False,
4478,447,1,76,76,True,False,
4479,447,1,36,36,False,False,
4479,447,2,36,36,False,False,
4479,447,3,36,36,True,False,
4480,448,1,26,31,True,True,31
4481,448,1,52,52,False,False,
4481,448,2,48,53,True,True,53
4482,448,1,120,104,True,True,104
4483,448,1,67,98,True,True,98 82 78
4484,448,1,142,132,True,True,132
4485,448,1,16,16,True,False,
4486,448,1,9,9,False,False,
4486,448,2,9,9,True,False,
4487,448,1,83,83,False,False,
4487,448,2,111,105,True,True,105
4488,448,1,75,79,True,True,79
4489,448,1,45,45,False,False,
4489,448,2,45,45,True,False,
4490,449,1,143,143,False,False,
4490,449,2,152,152,True,False,
4491,449,1,68,78,True,True,78
4492,449,1,84,79,True,True,79 83
4493,449,1,30,30,True,False,
4494,449,1,45,45,True,False,
4495,449,1,38,38,True,False,
4496,449,1,25,25,True,False,30
4497,449,1,44,44,True,False,
4498,449,1,120,119,True,True,110 119
4499,449,1,50,50,True,False,
4500,450,1,150,150,True,False,116 138
4501,450,1,34,34,False,False,
4501,450,2,34,34,True,False,
4502,450,1,63,63,True,False,
4503,450,1,116,116,False,False,
4503,450,2,126,126,False,False,
4503,450,3,126,126,True,False,
4504,450,1,154,154,True,False,
4505,450,1,8,8,False,False,
4505,450,2,5,5,True,False,
4506,450,1,46,46,True,False,
4507,450,1,102,102,False,False,
4507,450,2,77,77,False,False,
4507,450,3,85,85,False,False,
4507,450,4,85,85,True,False,
4508,450,1,103,103,False,False,
4508,450,2,103,103,False,False,
4508,450,3,97,97,False,False,
4508,450,4,97,97,False,False,
4508,450,5,119,103,True,True,103
4509,450,1,91,91,False,False,
4509,450,2,82,82,True,False,
4510,451,1,39,39,True,False,
4511,451,1,30,30,True,False,
4512,451,1,42,42,False,False,
4512,451,2,15,15,True,False,
4513,451,1,21,21,False,False,
4513,451,2,21,21,False,False,
4513,451,3,21,21,False,False,
4513,451,4,21,21,False,False,
4513,451,5,21,21,False,False,
4513,451,6,21,21,False,False,
4513,451,7,21,21,False,False,
4513,451,8,21,21,False,False,
4513,451,9,43,35,True,True,28 35
4514,451,1,115,115,False,False,107
4514,451,2,99,99,False,False,
4514,451,3,107,107,False,False,
4514,451,4,99,99,True,False,
4515,451,1,152,152,False,False,
4515,451,2,152,152,False,False,
4515,451,3,147,147,False,False,
4515,451,4,147,147,True,False,
4516,451,1,139,139,False,False,
4516,451,2,143,143,False,False,
4516,451,3,152,152,False,False,
4516,451,4,152,152,False,False,
4516,451,5,152,152,False,False,
4516,451,6,152,152,True,False,
4517,451,1,135,135,True,False,
4518,451,1,66,66,False,False,
4518,451,2,66,66,False,False,
4518,451,3,66,66,True,False,
4519,451,1,94,94,True,False,88
4520,452,1,132,132,True,False,
4521,452,1,66,66,False,False,
4521,452,2,45,45,True,False,
4522,452,1,127,127,False,False,
4522,452,2,116,126,True,True,126
4523,452,1,145,145,False,False,
4523,452,2,143,143,True,False,
4524,452,1,127,127,False,False,
4524,452,2,127,127,True,False,
4525,452,1,90,90,False,False,
4525,452,2,97,97,False,False,
4525,452,3,76,76,True,False,
4526,452,1,144,135,True,True,135
4527,452,1,6,65,True,True,65 57 44 25
4528,452,1,31,31,True,False,
4529,452,1,3,3,True,False,
4530,453,1,15,27,True,True,27
4531,453,1,133,133,True,False,
4532,453,1,75,75,True,False,78
4533,453,1,94,94,False,False,
4533,453,2,91,91,False,False,93 92
4533,453,3,91,91,True,False,
4534,453,1,68,68,True,False,
4535,453,1,46,46,True,False,
4536,453,1,34,34,False,False,
4536,453,2,16,16,False,False,
4536,453,3,16,16,True,False,
4537,453,1,64,64,True,False,57
4538,453,1,51,51,True,False,
4539,453,1,112,112,False,False,
4539,453,2,112,112,False,False,
4539,453,3,93,93,True,False,
4540,454,1,90,90,False,False,
4540,454,2,89,89,True,False,
4541,454,1,29,29,True,False,56 37
4542,454,1,110,101,True,True,101 102 109
4543,454,1,58,58,False,False,
4543,454,2,59,59,False,False,
4543,454,3,58,58,True,False,
4544,454,1,85,85,True,False,
4545,454,1,138,138,False,False,
4545,454,2,142,142,False,False,
4545,454,3,142,142,True,False,
4546,454,1,15,15,False,False,
4546,454,2,16,16,True,False,
4547,454,1,14,14,True,False,
4548,454,1,82,82,True,False,
4549,454,1,113,113,False,False,
4549,454,2,113,113,False,False,
4549,454,3,114,114,False,False,
4549,454,4,130,130,True,False,
4550,455,1,139,139,False,False,
4550,455,2,147,147,True,False,
4551,455,1,101,101,True,False,
4552,455,1,128,128,True,False,
4553,455,1,78,78,True,False,
4554,455,1,11,11,True,False,
4555,455,1,47,47,False,False,
4555,455,2,47,47,False,False,
4555,455,3,61,53,True,True,53
4556,455,1,11,11,False,False,
4556,455,2,11,11,False,False,
4556,455,3,2,2,True,False,
4557,455,1,56,56,True,False,
4558,455,1,73,73,False,False,
4558,455,2,65,72,True,True,72
4559,455,1,99,99,True,False,
4560,456,1,86,86,False,False,
4560,456,2,86,86,False,False,
4560,456,3,97,97,True,False,
4561,456,1,14,14,True,False,
4562,456,1,121,121,False,False,
4562,456,2,121,121,False,False,
4562,456,3,109,109,True,False,110
4563,456,1,111,111,False,False,
4563,456,2,146,129,True,True,122 129
4564,456,1,74,85,True,True,85
4565,456,1,68,68,False,False,
4565,456,2,83,83,False,False,80
4565,456,3,80,80,True,False,
4566,456,1,140,140,False,False,
4566,456,2,140,140,True,False,
4567,456,1,40,41,True,True,41
4568,456,1,94,94,True,False,
4569,456,1,85,86,True,True,86
4570,457,1,62,62,False,False,
4570,457,2,70,70,True,False,
4571,457,1,71,71,False,False,
4571,457,2,71,71,True,False,
4572,457,1,135,135,False,False,
4572,457,2,134,134,False,False,
4572,457,3,135,135,False,False,
4572,457,4,135,135,False,False,
4572,457,5,125,125,True,False,136
4573,457,1,43,43,True,False,
4574,457,1,32,32,False,False,
4574,457,2,59,59,True,False,
4575,457,1,95,95,False,False,
4575,457,2,94,94,True,False,
4576,457,1,0,1,True,True,1
4577,457,1,27,27,True,False,
4578,457,1,74,74,True,False,
4579,457,1,53,53,True,False,
4580,458,1,73,73,True,False,
4581,458,1,44,44,True,False,
4582,458,1,100,100,False,False,
4582,458,2,89,96,True,True,96
4583,458,1,143,143,True,False,
4584,458,1,113,113,False,False,
4584,458,2,88,88,True,False,93
4585,458,1,136,136,False,False,
4585,458,2,140,140,False,False,
4585,458,3,141,141,False,False,
4585,458,4,141,141,False,False,
4585,458,5,130,130,False,False,
4585,458,6,130,130,False,False,
4585,458,7,130,130,True,False,
4586,458,1,104,104,True,False,
4587,458,1,33,33,True,False,
4588,458,1,147,147,False,False,
4588,458,2,147,147,True,False,
4589,458,1,133,133,False,False,
4589,458,2,139,139,False,False,
4589,458,3,129,129,False,False,
4589,458,4,133,133,False,False,
4589,458,5,139,139,False,False,
4589,458,6,139,139,True,False,
4590,459,1,129,129,False,False,
4590,459,2,129,129,True,False,
4591,459,1,81,81,True,False,
4592,459,1,72,72,True,False,73
4593,459,1,127,127,False,False,
4593,459,2,120,120,True,False,
4594,459,1,14,14,True,False,
4595,459,1,85,85,False,False,
4595,459,2,104,104,True,False,
4596,459,1,28,28,True,False,
4597,459,1,147,147,True,False,
4598,459,1,56,70,True,True,70 62
4599,459,1,149,144,True,True,144
4600,460,1,89,89,True,False,76 90
4601,460,1,40,65,True,True,65
4602,460,1,70,70,True,False,
4603,460,1,3,3,True,False,
4604,460,1,152,152,False,False,
4604,460,2,152,152,False,False,
4604,460,3,152,152,True,False,
4605,460,1,120,120,True,False,
4606,460,1,59,59,True,False,
4607,460,1,57,57,False,False,
4607,460,2,65,65,False,False,
4607,460,3,65,65,False,False,
4607,460,4,65,65,True,False,
4608,460,1,6,30,True,True,30 10
4609,460,1,59,59,True,False,
4610,461,1,145,145,True,False,
4611,461,1,70,70,True,False,
4612,461,1,10,10,True,False,
4613,461,1,85,85,False,False,
4613,461,2,85,85,True,False,
4614,461,1,50,50,True,False,
4615,461,1,72,72,False,False,
4615,461,2,72,72,True,False,
4616,461,1,136,135,True,True,135
4617,461,1,52,52,False,False,
4617,461,2,52,52,False,False,
4617,461,3,52,52,True,False,
4618,461,1,96,89,True,True,90 89
4619,461,1,3,3,True,False,
4620,462,1,128,128,False,False,
4620,462,2,109,109,False,False,110
4620,462,3,109,109,True,False,
4621,462,1,61,61,False,False,
4621,462,2,61,61,True,False,
4622,462,1,40,40,True,False,
4623,462,1,25,26,True,True,26
4624,462,1,150,150,True,False,
4625,462,1,109,109,False,False,
4625,462,2,109,109,False,False,
4625,462,3,109,109,True,False,
4626,462,1,44,44,True,False,
4627,462,1,30,30,False,False,
4627,462,2,30,30,True,False,
4628,462,1,50,50,False,False,
4628,462,2,50,50,True,False,
4629,462,1,15,15,True,False,
4630,463,1,111,111,False,False,
4630,463,2,122,122,False,False,
4630,463,3,122,122,False,False,
4630,463,4,133,129,True,True,129
4631,463,1,38,38,False,False,
4631,463,2,54,54,False,False,
4631,463,3,24,29,True,True,49 37 29
4632,463,1,137,137,True,False,
4633,463,1,85,85,False,False,
4633,463,2,72,72,False,False,
4633,463,3,72,72,True,False,
4634,463,1,151,151,True,False,
4635,463,1,104,111,True,True,111
4636,463,1,17,17,False,False,
4636,463,2,8,8,False,False,
4636,463,3,19,12,True,True,12
4637,463,1,81,81,True,False,
4638,463,1,116,116,False,False,
4638,463,2,96,96,False,False,
4638,463,3,96,96,False,False,
4638,463,4,90,89,True,True,89
4639,463,1,44,44,True,False,
4640,464,1,97,97,True,False,
4641,464,1,58,58,True,False,
4642,464,1,106,106,True,False,
4643,464,1,97,97,False,False,
4643,464,2,97,97,False,False,
4643,464,3,97,97,True,False,
4644,464,1,59,59,False,False,
4644,464,2,73,73,False,False,
4644,464,3,73,73,True,False,
4645,464,1,118,118,False,False,
4645,464,2,109,109,True,False,
4646,464,1,81,81,True,False,
4647,464,1,147,147,True,False,
4648,464,1,2,2,True,False,
4649,464,1,95,95,True,False,
4650,465,1,154,154,True,False,
4651,465,1,43,43,False,False,
4651,465,2,35,35,False,False,
4651,465,3,35,35,False,False,
4651,465,4,35,35,False,False,
4651,465,5,35,35,False,False,
4651,465,6,35,35,False,False,
4651,465,7,46,46,False,False,
4651,465,8,36,36,False,False,43
4651,465,9,36,36,True,False,
4652,465,1,99,99,True,False,
4653,465,1,10,10,True,False,
4654,465,1,68,68,True,False,
4655,465,1,41,41,True,False,
4656,465,1,75,75,False,False,
4656,465,2,75,75,True,False,
4657,465,1,152,152,False,False,
4657,465,2,152,152,True,False,
4658,465,1,76,76,True,False,
4659,465,1,38,38,True,False,
4660,466,1,3,3,False,False,
4660,466,2,3,3,False,False,
4660,466,3,3,3,False,False,
4660,466,4,27,27,True,False,
4661,466,1,30,30,False,False,
4661,466,2,44,44,True,False,
4662,466,1,72,72,False,False,
4662,466,2,72,72,False,False,
4662,466,3,72,72,False,False,
4662,466,4,40,40,True,False,
4663,466,1,146,146,False,False,
4663,466,2,146,146,True,False,
4664,466,1,98,98,False,False,
4664,466,2,69,83,True,True,83 80
4665,466,1,123,123,True,False,91 106
4666,466,1,110,110,True,False,
4667,466,1,62,62,True,False,
4668,466,1,73,73,True,False,
4669,466,1,7,7,False,False,27
4669,466,2,7,7,False,False,
4669,466,3,7,7,False,False,
4669,466,4,7,7,False,False,
4669,466,5,7,7,False,False,
4669,466,6,35,28,True,True,21 28
4670,467,1,110,110,False,False,
4670,467,2,119,119,True,False,
4671,467,1,96,118,True,True,118
4672,467,1,143,143,False,False,
4672,467,2,147,146,True,True,146
4673,467,1,48,48,False,False,
4673,467,2,61,47,True,True,47 53
4674,467,1,51,51,False,False,52
4674,467,2,52,52,True,False,
4675,467,1,73,73,False,False,66
4675,467,2,66,66,True,False,
4676,467,1,62,62,True,False,
4677,467,1,92,91,True,True,91
4678,467,1,18,18,False,False,
4678,467,2,18,18,False,False,
4678,467,3,12,12,False,False,
4678,467,4,19,19,False,False,
4678,467,5,22,22,True,False,
4679,467,1,24,24,False,False,
4679,467,2,24,24,False,False,
4679,467,3,24,24,True,False,
4680,468,1,57,57,True,False,
4681,468,1,57,57,True,False,
4682,468,1,148,148,False,False,
4682,468,2,144,144,True,False,
4683,468,1,134,134,True,False,
4684,468,1,135,135,False,False,
4684,468,2,135,135,True,False,
4685,468,1,75,75,False,False,
4685,468,2,75,75,False,False,
4685,468,3,75,75,False,False,
4685,468,4,75,75,True,False,
4686,468,1,97,97,False,False,
4686,468,2,97,97,False,False,
4686,468,3,97,97,True,False,
4687,468,1,89,89,False,False,
4687,468,2,89,89,True,False,
4688,468,1,42,59,True,True,59 45
4689,468,1,65,58,True,True,58
4690,469,1,86,86,False,False,
4690,469,2,97,97,True,False,
4691,469,1,109,109,False,False,
4691,469,2,127,127,False,False,
4691,469,3,127,127,False,False,
4691,469,4,109,109,False,False,
4691,469,5,127,127,False,False,
4691,469,6,127,127,False,False,
4691,469,7,110,110,False,False,
4691,469,8,118,118,True,False,109
4692,469,1,42,50,True,True,50 45
4693,469,1,74,74,True,False,
4694,469,1,38,38,False,False,
4694,469,2,70,63,True,True,63
4695,469,1,150,150,True,False,
4696,469,1,87,87,False,False,91
4696,469,2,80,80,True,False,
4697,469,1,41,41,False,False,
4697,469,2,41,41,True,False,
4698,469,1,154,154,False,False,
4698,469,2,148,148,False,False,
4698,469,3,154,154,False,False,
4698,469,4,134,134,True,False,
4699,469,1,31,40,True,True,40
4700,470,1,15,15,False,False,
4700,470,2,7,7,False,False,
4700,470,3,7,7,False,False,
4700,470,4,15,15,False,False,
4700,470,5,7,7,False,False,
4700,470,6,7,7,False,False,
4700,470,7,4,4,True,False,
4701,470,1,26,26,False,False,
4701,470,2,26,26,True,False,
4702,470,1,60,60,True,False,
4703,470,1,98,98,False,False,
4703,470,2,98,98,True,False,
4704,470,1,58,58,False,False,
4704,470,2,58,58,True,False,
4705,470,1,3,3,False,False,
4705,470,2,3,3,False,False,
4705,470,3,7,7,False,False,
4705,470,4,3,3,True,False,
4706,470,1,2,2,True,False,
4707,470,1,54,54,False,False,
4707,470,2,99,99,True,False,
4708,470,1,22,22,True,False,
4709,470,1,132,132,True,False,
4710,471,1,113,113,False,False,
4710,471,2,113,113,False,False,
4710,471,3,113,113,True,False,
4711,471,1,98,98,False,False,
4711,471,2,98,98,True,False,
4712,471,1,53,53,True,False,
4713,471,1,85,85,False,False,
4713,471,2,57,57,False,False,
4713,471,3,57,57,False,False,
4713,471,4,57,57,False,False,
4713,471,5,57,57,False,False,
4713,471,6,57,57,False,False,
4713,471,7,57,57,False,False,
4713,471,8,57,57,False,False,
4713,471,9,57,57,False,False,
4713,471,10,71,71,False,False,64
4713,471,11,71,71,False,False,
4713,471,12,71,71,False,False,
4713,471,13,71,71,False,False,
4713,471,14,44,64,True,True,64
4714,471,1,77,77,True,False,
4715,471,1,84,84,False,False,
4715,471,2,84,84,False,False,
4715,471,3,84,84,False,False,
4715,471,4,84,84,False,False,
4715,471,5,114,114,False,False,
4715,471,6,114,114,False,False,
4715,471,7,114,114,False,False,
4715,471,8,114,114,True,False,
4716,471,1,58,58,True,False,
4717,471,1,108,65,True,True,65 74 76 101
4718,471,1,21,21,False,False,42
4718,471,2,21,21,False,False,
4718,471,3,21,21,False,False,
4718,471,4,27,27,False,False,
4718,471,5,27,27,True,False,
4719,471,1,48,48,True,False,
4720,472,1,140,140,False,False,
4720,472,2,140,140,True,False,
4721,472,1,111,111,True,False,
4722,472,1,110,110,True,False,
4723,472,1,22,22,False,False,
4723,472,2,22,22,False,False,
4723,472,3,18,18,False,False,
4723,472,4,18,18,False,False,
4723,472,5,18,18,True,False,
4724,472,1,36,36,True,False,
4725,472,1,87,84,True,True,84
4726,472,1,135,135,True,False,
4727,472,1,28,28,True,False,
4728,472,1,118,109,True,True,109 108
4729,472,1,17,17,False,False,
4729,472,2,17,17,True,False,
4730,473,1,63,70,True,True,70
4731,473,1,150,150,True,False,
4732,473,1,47,47,True,False,
4733,473,1,93,88,True,True,84 88
4734,473,1,18,18,False,False,
4734,473,2,12,12,True,False,
4735,473,1,20,20,True,False,
4736,473,1,62,62,True,False,
4737,473,1,66,66,False,False,
4737,473,2,66,66,False,False,
4737,473,3,50,50,False,False,
4737,473,4,59,59,False,False,
4737,473,5,59,59,True,False,
4738,473,1,11,11,True,False,
4739,473,1,7,7,True,False,
4740,474,1,86,86,True,False,
4741,474,1,21,21,False,False,
4741,474,2,46,46,True,False,
4742,474,1,119,119,False,False,
4742,474,2,147,147,True,False,
4743,474,1,146,146,True,False,
4744,474,1,30,44,True,True,127 110 77 44
4745,474,1,119,119,True,False,
4746,474,1,83,83,False,False,
4746,474,2,83,83,False,False,
4746,474,3,84,84,False,False,
4746,474,4,93,93,False,False,88
4746,474,5,93,93,False,False,
4746,474,6,93,93,False,False,
4746,474,7,80,83,True,True,88 84 83
4747,474,1,143,143,False,False,
4747,474,2,143,143,False,False,
4747,474,3,143,143,False,False,
4747,474,4,143,143,False,False,
4747,474,5,143,143,True,False,
4748,474,1,65,65,True,False,
4749,474,1,120,120,True,False,
4750,475,1,86,86,True,False,
4751,475,1,90,90,False,False,
4751,475,2,90,90,False,False,
4751,475,3,96,96,False,False,
4751,475,4,89,89,True,False,
4752,475,1,0,0,True,False,
4753,475,1,71,71,False,False,64
4753,475,2,71,71,False,False,
4753,475,3,63,63,False,False,
4753,475,4,63,63,True,False,
4754,475,1,86,86,True,False,
4755,475,1,136,136,True,False,124
4756,475,1,39,41,True,True,41 40
4757,475,1,51,51,False,False,42
4757,475,2,51,51,True,False,
4758,475,1,62,62,True,False,
4759,475,1,103,103,False,False,
4759,475,2,86,86,True,False,
4760,476,1,68,68,True,False,
4761,476,1,123,123,True,False,
4762,476,1,129,129,True,False,122
4763,476,1,2,2,False,False,
4763,476,2,2,2,True,False,
4764,476,1,151,151,False,False,
4764,476,2,152,152,True,False,
4765,476,1,68,68,False,False,
4765,476,2,55,55,True,False,
4766,476,1,103,103,True,False,
4767,476,1,36,36,False,False,
4767,476,2,19,19,False,False,
4767,476,3,22,22,True,False,
4768,476,1,12,12,True,False,
4769,476,1,45,45,False,False,
4769,476,2,45,45,False,False,
4769,476,3,32,32,False,False,
4769,476,4,26,26,True,False,31
4770,477,1,114,114,True,False,93
4771,477,1,138,132,True,True,132
4772,477,1,71,71,False,False,
4772,477,2,58,58,True,False,64 57
4773,477,1,73,73,False,False,
4773,477,2,108,97,True,True,86 97 102
4774,477,1,75,78,True,True,78 79
4775,477,1,148,148,False,False,
4775,477,2,154,154,True,False,
4776,477,1,125,125,False,False,
4776,477,2,113,113,False,False,
4776,477,3,106,106,False,False,
4776,477,4,106,106,False,False,
4776,477,5,125,125,True,False,
4777,477,1,152,152,True,False,
4778,477,1,18,18,False,False,36
4778,477,2,18,18,False,False,
4778,477,3,16,16,False,False,
4778,477,4,5,5,True,False,
4779,477,1,66,66,True,False,
4780,478,1,53,53,False,False,
4780,478,2,43,43,True,False,
4781,478,1,8,8,False,False,
4781,478,2,4,5,True,True,5
4782,478,1,136,92,True,True,87 92 112 124
4783,478,1,121,121,False,False,
4783,478,2,103,103,False,False,
4783,478,3,120,120,True,False,
4784,478,1,38,38,True,False,
4785,478,1,82,82,True,False,78
4786,478,1,116,103,True,True,103 110 109 108
4787,478,1,140,140,False,False,
4787,478,2,144,144,False,False,
4787,478,3,140,140,False,False,
4787,478,4,140,140,False,False,
4787,478,5,140,140,False,False,
4787,478,6,141,141,False,False,
4787,478,7,141,141,False,False,
4787,478,8,141,141,False,False,
4787,478,9,141,141,False,False,
4787,478,10,140,140,False,False,
4787,478,11,140,140,False,False,
4787,478,12,140,140,False,False,
4787,478,13,144,144,True,False,
4788,478,1,65,65,True,False,
4789,478,1,98,98,True,False,
4790,479,1,133,133,False,False,
4790,479,2,123,123,True,False,
4791,479,1,138,138,True,False,132
4792,479,1,74,74,True,False,
4793,479,1,65,65,True,False,
4794,479,1,51,51,False,False,
4794,479,2,55,52,True,True,52
4795,479,1,140,140,False,False,
4795,479,2,141,141,False,False,
4795,479,3,141,141,True,False,
4796,479,1,150,150,False,False,
4796,479,2,150,150,True,False,
4797,479,1,106,106,False,False,
4797,479,2,106,106,True,False,
4798,479,1,83,87,True,True,92 87
4799,479,1,41,50,True,True,50
4800,480,1,11,11,True,False,
4801,480,1,106,106,False,False,
4801,480,2,79,79,True,False,
4802,480,1,145,145,True,False,
4803,480,1,55,55,False,False,
4803,480,2,61,61,True,False,
4804,480,1,114,114,True,False,
4805,480,1,35,35,True,False,43
4806,480,1,128,128,True,False,121
4807,480,1,154,154,False,False,
4807,480,2,154,154,False,False,
4807,480,3,154,154,True,False,
4808,480,1,65,65,False,False,
4808,480,2,57,57,True,False,
4809,480,1,152,152,False,False,
4809,480,2,151,151,True,False,
4810,481,1,40,40,True,False,
4811,481,1,66,66,False,False,
4811,481,2,66,66,False,False,
4811,481,3,66,66,False,False,
4811,481,4,128,121,True,True,121
4812,481,1,51,51,False,False,
4812,481,2,45,45,True,False,
4813,481,1,32,32,True,False,
4814,481,1,99,99,False,False,
4814,481,2,115,115,False,False,
4814,481,3,107,107,False,False,
4814,481,4,117,117,True,False,
4815,481,1,47,69,True,True,69 61 53
4816,481,1,59,59,True,False,68 67
4817,481,1,99,99,True,False,
4818,481,1,121,121,True,False,
4819,481,1,61,69,True,True,69
4820,482,1,78,78,True,False,
4821,482,1,103,103,True,False,
4822,482,1,38,38,True,False,
4823,482,1,104,104,False,False,
4823,482,2,98,98,True,False,
4824,482,1,61,61,False,False,
4824,482,2,83,81,True,True,81 84
4825,482,1,41,41,True,False,
4826,482,1,126,126,False,False,
4826,482,2,126,126,False,False,
4826,482,3,126,126,True,False,
4827,482,1,147,147,True,False,
4828,482,1,93,93,False,False,
4828,482,2,93,93,True,False,
4829,482,1,13,13,False,False,
4829,482,2,6,10,True,True,10
4830,483,1,71,90,True,True,90
4831,483,1,147,147,True,False,
4832,483,1,119,119,False,False,
4832,483,2,119,119,False,False,
4832,483,3,110,110,False,False,
4832,483,4,127,127,False,False,
4832,483,5,120,119,True,True,119
4833,483,1,67,67,False,False,
4833,483,2,72,72,True,False,73
4834,483,1,153,153,True,False,
4835,483,1,64,64,False,False,96 90 71
4835,483,2,97,97,True,False,
4836,483,1,31,77,True,True,77 58
4837,483,1,103,103,True,False,97
4838,483,1,20,20,True,False,
4839,483,1,102,102,True,False,
4840,484,1,120,120,True,False,
4841,484,1,77,77,False,False,
4841,484,2,77,77,False,False,
4841,484,3,86,86,False,False,
4841,484,4,85,85,True,False,
4842,484,1,65,65,True,False,
4843,484,1,13,13,True,False,24
4844,484,1,85,76,True,True,74 76
4845,484,1,140,140,False,False,
4845,484,2,144,144,True,False,
4846,484,1,134,134,True,False,
4847,484,1,145,145,False,False,
4847,484,2,145,145,False,False,
4847,484,3,151,151,False,False,150
4847,484,4,151,151,True,False,
4848,484,1,27,27,True,False,
4849,484,1,114,114,False,False,
4849,484,2,130,130,True,False,
4850,485,1,56,56,True,False,
4851,485,1,129,129,False,False,
4851,485,2,139,139,True,False,
4852,485,1,151,143,True,True,143
4853,485,1,142,142,True,False,
4854,485,1,17,28,True,True,35 28 21
4855,485,1,66,66,False,False,
4855,485,2,73,73,True,False,
4856,485,1,92,82,True,True,82 91
4857,485,1,100,100,False,False,
4857,485,2,89,96,True,True,96
4858,485,1,75,75,False,False,
4858,485,2,75,75,False,False,
4858,485,3,67,67,False,False,
4858,485,4,67,67,True,False,
4859,485,1,101,101,True,False,
4860,486,1,4,4,True,False,
4861,486,1,115,89,True,True,89
4862,486,1,28,28,True,False,
4863,486,1,35,35,False,False,
4863,486,2,34,34,True,False,
4864,486,1,57,50,True,True,50
4865,486,1,85,85,True,False,
4866,486,1,88,88,True,False,
4867,486,1,100,100,False,False,
4867,486,2,116,116,False,False,
4867,486,3,89,89,True,False,96
4868,486,1,72,72,True,False,
4869,486,1,99,99,False,False,
4869,486,2,99,99,False,False,
4869,486,3,107,107,False,False,
4869,486,4,99,99,True,False,
4870,487,1,95,95,False,False,
4870,487,2,114,114,False,False,
4870,487,3,113,113,False,False,
4870,487,4,114,114,True,False,
4871,487,1,152,152,True,False,
4872,487,1,129,129,True,False,
4873,487,1,94,94,True,False,
4874,487,1,94,94,True,False,
4875,487,1,76,76,True,False,
4876,487,1,3,3,True,False,
4877,487,1,98,98,True,False,
4878,487,1,107,107,True,False,
4879,487,1,142,142,True,False,
4880,488,1,76,76,False,False,
4880,488,2,74,74,True,False,
4881,488,1,134,134,True,False,133
4882,488,1,42,42,False,False,45
4882,488,2,42,42,False,False,
4882,488,3,70,58,True,True,58 57 64
4883,488,1,127,127,False,False,
4883,488,2,134,128,True,True,128 133
4884,488,1,119,121,True,True,121 120
4885,488,1,55,68,True,True,68
4886,488,1,126,118,True,True,110 118 117
4887,488,1,71,71,False,False,
4887,488,2,71,71,True,False,
4888,488,1,151,151,False,False,
4888,488,2,151,151,False,False,
4888,488,3,151,151,True,False,
4889,488,1,66,66,True,False,
4890,489,1,41,41,True,False,
4891,489,1,59,59,False,False,
4891,489,2,59,59,False,False,
4891,489,3,66,66,False,False,
4891,489,4,59,59,False,False,
4891,489,5,73,73,True,False,
4892,489,1,59,59,False,False,
4892,489,2,40,40,False,False,41
4892,489,3,73,73,True,False,
4893,489,1,30,30,True,False,
4894,489,1,2,2,False,False,11
4894,489,2,2,2,False,False,
4894,489,3,6,6,False,False,
4894,489,4,2,2,True,False,
4895,489,1,104,104,False,False,
4895,489,2,111,111,False,False,
4895,489,3,105,105,True,False,104
4896,489,1,74,74,False,False,
4896,489,2,62,70,True,True,70
4897,489,1,134,134,True,False,
4898,489,1,58,58,True,False,73 72
4899,489,1,52,51,True,True,51
4900,490,1,8,8,False,False,
4900,490,2,12,12,True,False,
4901,490,1,136,136,False,False,
4901,490,2,124,124,False,False,
4901,490,3,149,144,True,True,144
4902,490,1,20,20,False,False,
4902,490,2,20,20,False,False,
4902,490,3,11,11,True,False,
4903,490,1,102,102,True,False,
4904,490,1,152,152,False,False,
4904,490,2,148,148,False,False,
4904,490,3,152,147,True,True,147 146
4905,490,1,102,102,True,False,146 139 110
4906,490,1,82,82,True,False,
4907,490,1,61,61,False,False,
4907,490,2,61,61,True,False,
4908,490,1,86,68,True,True,68 67
4909,490,1,85,85,True,False,
4910,491,1,83,82,True,True,82
4911,491,1,81,81,False,False,
4911,491,2,81,81,True,False,
4912,491,1,47,53,True,True,61 53
4913,491,1,18,18,False,False,
4913,491,2,18,18,False,False,
4913,491,3,17,17,True,False,
4914,491,1,39,39,True,False,
4915,491,1,151,151,True,False,
4916,491,1,93,93,False,False,
4916,491,2,88,88,True,False,
4917,491,1,103,103,True,False,
4918,491,1,15,15,False,False,
4918,491,2,15,15,True,False,
4919,491,1,142,142,False,False,
4919,491,2,142,142,False,False,
4919,491,3,153,153,True,False,
4920,492,1,77,77,False,False,
4920,492,2,77,77,True,False,
4921,492,1,44,44,False,False,58
4921,492,2,40,40,False,False,
4921,492,3,41,41,False,False,
4921,492,4,32,32,True,False,
4922,492,1,36,36,False,False,
4922,492,2,36,36,True,False,
4923,492,1,103,103,True,False,
4924,492,1,116,116,False,False,
4924,492,2,116,116,False,False,
4924,492,3,116,116,False,False,
4924,492,4,116,116,False,False,
4924,492,5,132,132,True,False,
4925,492,1,151,151,False,False,
4925,492,2,138,138,True,False,
4926,492,1,81,81,True,False,
4927,492,1,56,56,False,False,
4927,492,2,54,54,False,False,
4927,492,3,24,37,True,True,49 37 29
4928,492,1,88,83,True,True,83
4929,492,1,41,50,True,True,50
4930,493,1,51,51,False,False,
4930,493,2,60,60,True,False,
4931,493,1,7,15,True,True,15
4932,493,1,143,143,True,False,
4933,493,1,119,119,True,False,
4934,493,1,70,70,True,False,
4935,493,1,113,113,False,False,
4935,493,2,113,113,False,False,
4935,493,3,140,137,True,True,137
4936,493,1,42,60,True,True,60 45
4937,493,1,106,106,True,False,
4938,493,1,116,116,False,False,
4938,493,2,96,96,False,False,
4938,493,3,63,70,True,True,89 70
4939,493,1,5,5,True,False,
4940,494,1,33,33,True,False,
4941,494,1,134,134,True,False,
4942,494,1,116,116,False,False,
4942,494,2,116,116,False,False,
4942,494,3,116,116,False,False,
4942,494,4,96,96,True,False,
4943,494,1,122,111,True,True,111
4944,494,1,53,53,True,False,
4945,494,1,127,127,False,False,
4945,494,2,127,127,False,False,
4945,494,3,127,127,False,False,
4945,494,4,127,127,False,False,
4945,494,5,127,127,False,False,
4945,494,6,127,127,False,False,
4945,494,7,127,127,False,False,
4945,494,8,127,127,False,False,
4945,494,9,132,132,True,False,
4946,494,1,41,41,False,False,
4946,494,2,41,41,True,False,
4947,494,1,8,8,True,False,
4948,494,1,64,64,True,False,
4949,494,1,121,121,True,False,
4950,495,1,70,85,True,True,85
4951,495,1,86,86,True,False,
4952,495,1,30,30,False,False,
4952,495,2,30,30,True,False,
4953,495,1,78,78,False,False,
4953,495,2,95,95,True,False,
4954,495,1,84,94,True,True,94 93 88
4955,495,1,147,147,True,False,
4956,495,1,72,86,True,True,86
4957,495,1,47,47,False,False,
4957,495,2,47,47,False,False,
4957,495,3,48,48,True,False,
4958,495,1,129,129,False,False,111 122
4958,495,2,122,122,False,False,
4958,495,3,122,122,False,False,
4958,495,4,129,129,False,False,
4958,495,5,134,134,False,False,
4958,495,6,122,122,False,False,
4958,495,7,123,123,False,False,
4958,495,8,106,106,False,False,
4958,495,9,124,124,False,False,112
4958,495,10,123,123,True,False,
4959,495,1,69,69,True,False,
4960,496,1,86,86,True,False,
4961,496,1,32,32,True,False,41
4962,496,1,59,59,True,False,
4963,496,1,59,59,False,False,
4963,496,2,59,59,False,False,
4963,496,3,41,41,True,False,
4964,496,1,20,40,True,True,40 26
4965,496,1,84,84,True,False,
4966,496,1,33,33,False,False,
4966,496,2,33,33,False,False,
4966,496,3,33,33,True,False,
4967,496,1,71,71,False,False,
4967,496,2,70,70,True,False,
4968,496,1,73,73,False,False,
4968,496,2,66,66,False,False,
4968,496,3,66,66,False,False,
4968,496,4,77,77,True,False,
4969,496,1,42,42,True,False,
4970,497,1,73,73,True,False,
4971,497,1,95,95,False,False,
4971,497,2,95,95,False,False,
4971,497,3,95,95,True,False,
4972,497,1,50,50,False,False,
4972,497,2,50,50,False,False,
4972,497,3,59,59,False,False,
4972,497,4,59,59,True,False,
4973,497,1,104,104,False,False,
4973,497,2,104,104,True,False,
4974,497,1,138,138,True,False,
4975,497,1,112,112,True,False,
4976,497,1,144,144,True,False,
4977,497,1,13,13,True,False,
4978,497,1,69,66,True,True,66 67 68
4979,497,1,36,36,True,False,
4980,498,1,151,151,False,False,
4980,498,2,151,151,False,False,
4980,498,3,151,151,True,False,
4981,498,1,11,11,True,False,
4982,498,1,22,22,False,False,
4982,498,2,22,22,False,False,
4982,498,3,12,12,True,False,
4983,498,1,63,63,False,False,
4983,498,2,74,74,True,False,
4984,498,1,62,62,True,False,
4985,498,1,76,76,True,False,
4986,498,1,0,1,True,True,1
4987,498,1,28,2,True,True,2 3
4988,498,1,141,141,False,False,
4988,498,2,141,141,False,False,
4988,498,3,148,148,False,False,140 149
4988,498,4,148,148,False,False,
4988,498,5,114,114,False,False,136
4988,498,6,114,114,True,False,
4989,498,1,86,86,False,False,
4989,498,2,86,86,True,False,
4990,499,1,81,81,False,False,
4990,499,2,81,81,True,False,
4991,499,1,98,98,False,False,
4991,499,2,98,98,True,False,
4992,499,1,94,94,True,False,
4993,499,1,11,11,False,False,
4993,499,2,11,11,False,False,
4993,499,3,11,11,False,False,
4993,499,4,2,2,False,False,
4993,499,5,11,11,True,False,
4994,499,1,40,40,True,False,
4995,499,1,148,148,False,False,
4995,499,2,154,154,False,False,
4995,499,3,154,154,False,False,
4995,499,4,136,136,False,False,
4995,499,5,136,136,True,False,
4996,499,1,151,151,True,False,
4997,499,1,111,111,False,False,
4997,499,2,111,111,True,False,
4998,499,1,72,104,True,True,104 73
4999,499,1,89,89,True,False,
