trip_id,vehicle_id,attempt_number,draw_number,parking_index,success,is_planned_cell
0,0,1,1,106,True,True
1,0,1,1,118,True,True
2,0,1,1,73,True,True
3,0,1,1,110,False,True
3,0,2,1,110,True,True
4,0,1,1,77,True,True
5,0,1,1,1,True,True
6,0,1,1,15,False,True
6,0,2,1,15,False,True
6,0,3,1,27,True,True
7,0,1,1,74,False,True
7,0,2,1,65,False,True
7,0,3,1,74,True,False
8,0,1,1,51,True,True
9,0,1,1,106,True,True
10,1,1,1,49,False,True
10,1,2,1,49,False,True
10,1,3,1,49,False,True
10,1,4,1,49,False,True
10,1,5,1,49,False,True
10,1,6,1,49,False,True
10,1,7,1,49,False,True
10,1,8,1,49,False,True
10,1,9,1,49,False,True
10,1,10,1,49,False,True
10,1,11,1,49,False,True
10,1,12,1,49,False,True
10,1,13,1,49,False,True
10,1,14,1,49,False,True
10,1,15,1,37,True,False
11,1,1,1,146,False,True
11,1,2,1,146,True,True
12,1,1,1,116,True,True
13,1,1,1,3,True,True
14,1,1,1,7,False,False
14,1,1,2,22,False,True
14,1,2,1,22,False,True
14,1,3,1,22,True,True
15,1,1,1,42,False,False
15,1,1,2,41,True,False
16,1,1,1,125,True,True
17,1,1,1,142,False,True
17,1,2,1,115,True,True
18,1,1,1,108,True,True
19,1,1,1,67,True,True
20,2,1,1,81,False,True
20,2,2,1,69,False,True
20,2,3,1,81,True,False
21,2,1,1,123,True,True
22,2,1,1,103,True,True
23,2,1,1,90,False,True
23,2,2,1,89,False,False
23,2,2,2,96,True,True
24,2,1,1,51,False,True
24,2,2,1,67,True,True
25,2,1,1,134,True,True
26,2,1,1,146,True,True
27,2,1,1,125,True,True
28,2,1,1,99,True,True
29,2,1,1,44,True,True
30,3,1,1,97,True,True
31,3,1,1,132,False,True
31,3,2,1,142,True,True
32,3,1,1,146,True,False
33,3,1,1,70,False,False
33,3,1,2,63,False,False
33,3,1,3,38,True,True
34,3,1,1,63,True,True
35,3,1,1,41,False,True
35,3,2,1,40,True,True
36,3,1,1,58,True,True
37,3,1,1,125,True,True
38,3,1,1,16,False,False
38,3,1,2,5,True,False
39,3,1,1,1,False,False
39,3,1,2,0,True,True
40,4,1,1,96,False,False
40,4,1,2,108,False,True
40,4,2,1,108,False,True
40,4,3,1,108,False,True
40,4,4,1,108,True,True
41,4,1,1,79,False,True
41,4,2,1,79,True,True
42,4,1,1,2,True,True
43,4,1,1,79,False,True
43,4,2,1,79,True,True
44,4,1,1,73,True,True
45,4,1,1,26,False,False
45,4,1,2,20,False,False
45,4,1,3,14,False,True
45,4,2,1,14,False,True
45,4,3,1,25,False,True
45,4,4,1,25,True,True
46,4,1,1,96,False,True
46,4,2,1,100,False,False
46,4,2,2,117,False,True
46,4,3,1,117,False,True
46,4,4,1,100,False,False
46,4,4,2,89,True,True
47,4,1,1,123,True,True
48,4,1,1,69,True,False
49,4,1,1,41,False,True
49,4,2,1,41,False,True
49,4,3,1,40,True,True
50,5,1,1,67,True,True
51,5,1,1,112,True,False
52,5,1,1,107,False,True
52,5,2,1,115,False,True
52,5,3,1,115,True,True
53,5,1,1,145,False,True
53,5,2,1,138,True,True
54,5,1,1,56,False,False
54,5,1,2,49,False,True
54,5,2,1,49,False,True
54,5,3,1,54,True,False
55,5,1,1,121,True,True
56,5,1,1,41,True,True
57,5,1,1,71,True,True
58,5,1,1,102,True,True
59,5,1,1,74,False,False
59,5,1,2,71,True,True
60,6,1,1,49,False,True
60,6,2,1,37,True,True
61,6,1,1,135,False,True
61,6,2,1,135,False,True
61,6,3,1,135,True,True
62,6,1,1,132,True,True
63,6,1,1,35,False,True
63,6,2,1,46,True,False
64,6,1,1,97,False,False
64,6,1,2,109,False,True
64,6,2,1,109,False,True
64,6,3,1,109,True,True
65,6,1,1,113,True,True
66,6,1,1,37,True,True
67,6,1,1,57,False,True
67,6,2,1,57,True,True
68,6,1,1,135,True,True
69,6,1,1,43,False,True
69,6,2,1,22,True,True
70,7,1,1,75,False,True
70,7,2,1,79,True,False
71,7,1,1,4,True,True
72,7,1,1,111,False,True
72,7,2,1,122,False,True
72,7,3,1,121,True,False
73,7,1,1,99,False,True
73,7,2,1,96,False,True
73,7,3,1,107,False,False
73,7,3,2,115,True,True
74,7,1,1,122,False,False
74,7,1,2,123,True,False
75,7,1,1,145,False,True
75,7,2,1,138,True,True
76,7,1,1,95,True,True
77,7,1,1,48,False,True
77,7,2,1,48,False,True
77,7,3,1,61,True,True
78,7,1,1,97,False,True
78,7,2,1,85,True,True
79,7,1,1,96,False,True
79,7,2,1,116,False,True
79,7,3,1,116,False,True
79,7,4,1,96,False,True
79,7,5,1,89,False,True
79,7,6,1,96,True,True
80,8,1,1,107,False,True
80,8,2,1,107,False,True
80,8,3,1,90,True,True
81,8,1,1,126,True,True
82,8,1,1,60,True,True
83,8,1,1,59,True,True
84,8,1,1,74,False,True
84,8,2,1,76,False,True
84,8,3,1,74,False,True
84,8,4,1,74,True,True
85,8,1,1,113,False,True
85,8,2,1,93,False,True
85,8,3,1,93,False,True
85,8,4,1,93,False,True
85,8,5,1,94,False,True
85,8,6,1,94,False,True
85,8,7,1,94,False,True
85,8,8,1,94,False,True
85,8,9,1,94,True,True
86,8,1,1,59,False,False
86,8,1,2,41,True,True
87,8,1,1,56,False,True
87,8,2,1,49,False,False
87,8,2,2,37,True,True
88,8,1,1,59,False,True
88,8,2,1,58,False,False
88,8,2,2,57,False,True
88,8,3,1,59,False,True
88,8,4,1,59,True,True
89,8,1,1,71,False,False
89,8,1,2,70,True,True
90,9,1,1,76,True,False
91,9,1,1,106,False,False
91,9,1,2,112,True,True
92,9,1,1,95,True,True
93,9,1,1,101,False,False
93,9,1,2,100,False,True
93,9,2,1,101,True,True
94,9,1,1,75,False,True
94,9,2,1,68,True,True
95,9,1,1,146,False,True
95,9,2,1,152,False,True
95,9,3,1,146,True,True
96,9,1,1,32,True,True
97,9,1,1,11,True,True
98,9,1,1,32,False,True
98,9,2,1,41,True,True
99,9,1,1,103,False,False
99,9,1,2,110,False,True
99,9,2,1,103,False,False
99,9,2,2,97,False,True
99,9,3,1,110,True,False
100,10,1,1,34,False,False
100,10,1,2,21,False,True
100,10,2,1,21,False,True
100,10,3,1,21,False,True
100,10,4,1,21,False,True
100,10,5,1,34,False,True
100,10,6,1,34,True,True
101,10,1,1,61,True,True
102,10,1,1,116,False,True
102,10,2,1,116,True,True
103,10,1,1,1,False,True
103,10,2,1,10,False,False
103,10,2,2,13,True,False
104,10,1,1,47,False,True
104,10,2,1,53,True,False
105,10,1,1,78,False,True
105,10,2,1,78,True,True
106,10,1,1,148,False,True
106,10,2,1,148,True,True
107,10,1,1,76,False,True
107,10,2,1,76,True,True
108,10,1,1,66,False,True
108,10,2,1,66,False,True
108,10,3,1,66,False,True
108,10,4,1,66,False,True
108,10,5,1,66,False,True
108,10,6,1,66,True,True
109,10,1,1,28,False,True
109,10,2,1,21,False,True
109,10,3,1,21,False,True
109,10,4,1,28,False,True
109,10,5,1,28,False,True
109,10,6,1,21,False,True
109,10,7,1,21,True,True
110,11,1,1,57,False,True
110,11,2,1,58,True,True
111,11,1,1,81,True,True
112,11,1,1,22,False,True
112,11,2,1,28,False,True
112,11,3,1,28,False,True
112,11,4,1,28,True,True
113,11,1,1,121,True,True
114,11,1,1,27,True,True
115,11,1,1,133,False,True
115,11,2,1,133,False,True
115,11,3,1,133,True,True
116,11,1,1,95,True,True
117,11,1,1,95,False,True
117,11,2,1,95,True,True
118,11,1,1,75,False,False
118,11,1,2,68,True,True
119,11,1,1,81,True,True
120,12,1,1,54,False,True
120,12,2,1,54,False,True
120,12,3,1,49,False,True
120,12,4,1,54,False,True
120,12,5,1,54,True,True
121,12,1,1,25,False,True
121,12,2,1,25,False,True
121,12,3,1,25,False,True
121,12,4,1,25,False,True
121,12,5,1,25,False,True
121,12,6,1,26,True,True
122,12,1,1,43,False,False
122,12,1,2,47,False,True
122,12,2,1,47,False,True
122,12,3,1,47,False,True
122,12,4,1,47,False,True
122,12,5,1,47,True,True
123,12,1,1,58,False,True
123,12,2,1,59,False,False
123,12,2,2,67,True,False
124,12,1,1,103,False,False
124,12,1,2,110,True,True
125,12,1,1,104,False,False
125,12,1,2,105,True,True
126,12,1,1,70,True,True
127,12,1,1,78,True,True
128,12,1,1,48,False,True
128,12,2,1,80,False,False
128,12,2,2,83,True,True
129,12,1,1,40,False,True
129,12,2,1,39,False,False
129,12,2,2,26,True,True
130,13,1,1,133,False,True
130,13,2,1,147,False,True
130,13,3,1,147,True,True
131,13,1,1,45,False,True
131,13,2,1,45,True,True
132,13,1,1,150,False,False
132,13,1,2,153,True,True
133,13,1,1,104,True,True
134,13,1,1,48,True,True
135,13,1,1,84,True,True
136,13,1,1,71,False,True
136,13,2,1,71,True,True
137,13,1,1,6,True,True
138,13,1,1,107,False,True
138,13,2,1,107,True,True
139,13,1,1,86,True,True
140,14,1,1,51,False,True
140,14,2,1,50,True,True
141,14,1,1,59,True,False
142,14,1,1,55,True,True
143,14,1,1,128,False,True
143,14,2,1,121,False,False
143,14,2,2,122,False,True
143,14,3,1,122,False,True
143,14,4,1,139,False,True
143,14,5,1,143,True,True
144,14,1,1,77,True,False
145,14,1,1,129,True,True
146,14,1,1,7,False,True
146,14,2,1,7,True,True
147,14,1,1,58,False,False
147,14,1,2,65,True,True
148,14,1,1,88,False,True
148,14,2,1,87,False,True
148,14,3,1,88,False,False
148,14,3,2,84,False,False
148,14,3,3,81,True,True
149,14,1,1,59,True,True
150,15,1,1,68,True,True
151,15,1,1,74,True,True
152,15,1,1,85,True,True
153,15,1,1,78,True,False
154,15,1,1,97,True,True
155,15,1,1,110,False,True
155,15,2,1,110,False,True
155,15,3,1,110,False,True
155,15,4,1,110,False,True
155,15,5,1,110,True,True
156,15,1,1,68,True,False
157,15,1,1,77,True,True
158,15,1,1,86,False,True
158,15,2,1,86,False,True
158,15,3,1,86,True,True
159,15,1,1,60,False,True
159,15,2,1,60,True,True
160,16,1,1,108,False,True
160,16,2,1,118,True,True
161,16,1,1,147,False,False
161,16,1,2,154,True,True
162,16,1,1,57,False,True
162,16,2,1,57,False,True
162,16,3,1,64,False,True
162,16,4,1,71,False,True
162,16,5,1,71,False,True
162,16,6,1,71,True,True
163,16,1,1,134,True,True
164,16,1,1,15,False,True
164,16,2,1,7,False,True
164,16,3,1,7,True,True
165,16,1,1,23,True,True
166,16,1,1,127,False,True
166,16,2,1,127,False,True
166,16,3,1,127,False,True
166,16,4,1,118,True,True
167,16,1,1,11,False,True
167,16,2,1,11,False,True
167,16,3,1,11,False,True
167,16,4,1,11,False,True
167,16,5,1,2,False,True
167,16,6,1,2,False,True
167,16,7,1,11,True,True
168,16,1,1,5,True,True
169,16,1,1,89,True,False
170,17,1,1,72,True,True
171,17,1,1,67,True,True
172,17,1,1,31,False,False
172,17,1,2,26,False,True
172,17,2,1,25,False,True
172,17,3,1,44,True,True
173,17,1,1,133,False,True
173,17,2,1,134,False,True
173,17,3,1,133,True,True
174,17,1,1,31,False,True
174,17,2,1,31,False,True
174,17,3,1,31,False,True
174,17,4,1,31,True,True
175,17,1,1,86,False,True
175,17,2,1,77,True,True
176,17,1,1,151,False,True
176,17,2,1,151,True,True
177,17,1,1,76,False,True
177,17,2,1,77,True,True
178,17,1,1,100,False,False
178,17,1,2,116,False,True
178,17,2,1,116,True,True
179,17,1,1,121,False,False
179,17,1,2,122,False,True
179,17,2,1,122,False,True
179,17,3,1,104,False,True
179,17,4,1,104,True,True
180,18,1,1,73,False,True
180,18,2,1,102,False,True
180,18,3,1,103,False,False
180,18,3,2,122,True,True
181,18,1,1,90,False,True
181,18,2,1,90,True,True
182,18,1,1,104,False,False
182,18,1,2,105,True,True
183,18,1,1,71,True,True
184,18,1,1,64,False,False
184,18,1,2,57,False,False
184,18,1,3,58,True,True
185,18,1,1,121,True,False
186,18,1,1,70,True,False
187,18,1,1,63,False,False
187,18,1,2,54,False,True
187,18,2,1,54,True,True
188,18,1,1,28,False,False
188,18,1,2,22,True,False
189,18,1,1,16,True,True
190,19,1,1,95,True,True
191,19,1,1,57,False,True
191,19,2,1,57,False,True
191,19,3,1,57,False,True
191,19,4,1,44,False,True
191,19,5,1,57,True,True
192,19,1,1,138,True,True
193,19,1,1,119,True,True
194,19,1,1,53,True,True
195,19,1,1,62,False,True
195,19,2,1,38,True,True
196,19,1,1,141,True,True
197,19,1,1,78,True,True
198,19,1,1,86,True,True
199,19,1,1,59,True,True
200,20,1,1,90,True,True
201,20,1,1,66,False,True
201,20,2,1,78,False,True
201,20,3,1,78,True,True
202,20,1,1,99,True,True
203,20,1,1,134,False,True
203,20,2,1,134,False,True
203,20,3,1,123,True,True
204,20,1,1,51,False,True
204,20,2,1,51,True,True
205,20,1,1,97,True,True
206,20,1,1,52,True,True
207,20,1,1,38,True,False
208,20,1,1,31,True,False
209,20,1,1,50,False,False
209,20,1,2,51,False,True
209,20,2,1,51,False,True
209,20,3,1,66,False,True
209,20,4,1,45,False,True
209,20,5,1,51,False,False
209,20,5,2,60,True,True
210,21,1,1,98,False,False
210,21,1,2,104,False,True
210,21,2,1,98,False,True
210,21,3,1,97,True,True
211,21,1,1,16,False,True
211,21,2,1,8,False,True
211,21,3,1,8,False,True
211,21,4,1,8,False,True
211,21,5,1,16,False,True
211,21,6,1,5,False,True
211,21,7,1,5,True,True
212,21,1,1,16,False,True
212,21,2,1,34,True,True
213,21,1,1,148,False,True
213,21,2,1,148,False,True
213,21,3,1,154,False,True
213,21,4,1,154,True,True
214,21,1,1,13,False,True
214,21,2,1,13,True,True
215,21,1,1,47,True,False
216,21,1,1,52,True,False
217,21,1,1,149,False,True
217,21,2,1,140,False,True
217,21,3,1,140,False,True
217,21,4,1,149,True,True
218,21,1,1,148,True,True
219,21,1,1,128,True,True
220,22,1,1,130,False,True
220,22,2,1,141,False,False
220,22,2,2,149,True,True
221,22,1,1,147,True,False
222,22,1,1,31,True,True
223,22,1,1,59,True,False
224,22,1,1,38,True,True
225,22,1,1,115,True,True
226,22,1,1,78,False,True
226,22,2,1,78,False,True
226,22,3,1,79,True,False
227,22,1,1,80,True,False
228,22,1,1,97,True,True
229,22,1,1,143,True,True
230,23,1,1,37,False,False
230,23,1,2,29,True,False
231,23,1,1,46,False,True
231,23,2,1,53,True,True
232,23,1,1,99,True,True
233,23,1,1,119,True,False
234,23,1,1,58,False,True
234,23,2,1,41,False,False
234,23,2,2,32,False,True
234,23,3,1,32,False,True
234,23,4,1,32,True,True
235,23,1,1,74,True,True
236,23,1,1,27,True,True
237,23,1,1,70,True,True
238,23,1,1,70,False,True
238,23,2,1,70,False,True
238,23,3,1,70,False,True
238,23,4,1,85,True,True
239,23,1,1,115,True,True
240,24,1,1,113,False,False
240,24,1,2,114,False,True
240,24,2,1,114,False,True
240,24,3,1,114,False,True
240,24,4,1,113,True,True
241,24,1,1,7,False,True
241,24,2,1,4,False,False
241,24,2,2,5,True,True
242,24,1,1,78,True,True
243,24,1,1,55,False,True
243,24,2,1,55,True,True
244,24,1,1,99,True,True
245,24,1,1,17,True,False
246,24,1,1,3,False,True
246,24,2,1,27,True,False
247,24,1,1,56,False,True
247,24,2,1,56,True,True
248,24,1,1,78,True,False
249,24,1,1,103,True,True
250,25,1,1,29,True,True
251,25,1,1,77,True,True
252,25,1,1,73,False,True
252,25,2,1,72,False,True
252,25,3,1,73,False,True
252,25,4,1,73,True,True
253,25,1,1,97,False,True
253,25,2,1,103,False,False
253,25,2,2,110,False,True
253,25,3,1,110,True,True
254,25,1,1,34,True,True
255,25,1,1,72,False,True
255,25,2,1,74,True,True
256,25,1,1,87,False,True
256,25,2,1,83,False,True
256,25,3,1,79,False,True
256,25,4,1,87,False,True
256,25,5,1,87,False,True
256,25,6,1,83,True,False
257,25,1,1,13,False,False
257,25,1,2,10,True,True
258,25,1,1,77,True,True
259,25,1,1,113,False,True
259,25,2,1,112,True,False
260,26,1,1,16,True,True
261,26,1,1,150,True,True
262,26,1,1,5,False,True
262,26,2,1,4,False,False
262,26,2,2,7,True,True
263,26,1,1,9,False,True
263,26,2,1,9,True,True
264,26,1,1,59,False,True
264,26,2,1,73,True,True
265,26,1,1,61,False,True
265,26,2,1,61,True,True
266,26,1,1,81,True,False
267,26,1,1,78,True,False
268,26,1,1,69,True,True
269,26,1,1,63,True,True
270,27,1,1,137,True,False
271,27,1,1,7,True,True
272,27,1,1,114,False,True
272,27,2,1,113,False,True
272,27,3,1,113,False,True
272,27,4,1,94,True,True
273,27,1,1,72,True,False
274,27,1,1,140,True,True
275,27,1,1,154,False,True
275,27,2,1,147,False,True
275,27,3,1,147,True,True
276,27,1,1,31,True,True
277,27,1,1,99,False,True
277,27,2,1,99,True,True
278,27,1,1,57,True,True
279,27,1,1,78,False,True
279,27,2,1,82,True,True
280,28,1,1,81,True,True
281,28,1,1,152,False,True
281,28,2,1,152,True,True
282,28,1,1,138,False,True
282,28,2,1,138,False,True
282,28,3,1,150,True,True
283,28,1,1,137,True,True
284,28,1,1,122,False,True
284,28,2,1,122,False,True
284,28,3,1,120,False,True
284,28,4,1,128,True,True
285,28,1,1,16,True,True
286,28,1,1,53,True,True
287,28,1,1,100,False,True
287,28,2,1,100,False,True
287,28,3,1,96,True,True
288,28,1,1,14,False,True
288,28,2,1,14,True,True
289,28,1,1,86,False,True
289,28,2,1,121,False,True
289,28,3,1,121,True,True
290,29,1,1,27,False,True
290,29,2,1,27,False,True
290,29,3,1,27,False,True
290,29,4,1,27,True,True
291,29,1,1,40,False,True
291,29,2,1,40,False,True
291,29,3,1,40,False,True
291,29,4,1,39,True,False
292,29,1,1,149,False,True
292,29,2,1,149,False,True
292,29,3,1,149,True,True
293,29,1,1,154,True,True
294,29,1,1,112,True,True
295,29,1,1,101,True,True
296,29,1,1,15,True,True
297,29,1,1,38,True,False
298,29,1,1,140,True,True
299,29,1,1,147,True,True
300,30,1,1,147,True,False
301,30,1,1,32,True,True
302,30,1,1,123,True,True
303,30,1,1,137,False,True
303,30,2,1,130,False,True
303,30,3,1,130,False,True
303,30,4,1,130,True,True
304,30,1,1,101,True,True
305,30,1,1,43,False,True
305,30,2,1,36,False,True
305,30,3,1,36,True,True
306,30,1,1,78,True,True
307,30,1,1,129,True,True
308,30,1,1,111,False,True
308,30,2,1,111,True,True
309,30,1,1,125,True,True
310,31,1,1,104,True,True
311,31,1,1,94,False,True
311,31,2,1,94,False,True
311,31,3,1,94,True,True
312,31,1,1,150,True,True
313,31,1,1,114,False,True
313,31,2,1,130,False,True
313,31,3,1,130,True,True
314,31,1,1,145,True,True
315,31,1,1,96,True,True
316,31,1,1,141,False,True
316,31,2,1,140,False,False
316,31,2,2,144,True,True
317,31,1,1,81,True,True
318,31,1,1,86,True,True
319,31,1,1,129,False,True
319,31,2,1,129,False,True
319,31,3,1,129,True,True
320,32,1,1,14,False,False
320,32,1,2,1,True,True
321,32,1,1,2,True,True
322,32,1,1,69,True,True
323,32,1,1,6,True,True
324,32,1,1,71,False,True
324,32,2,1,70,False,True
324,32,3,1,74,True,True
325,32,1,1,104,False,True
325,32,2,1,105,True,True
326,32,1,1,147,False,True
326,32,2,1,152,True,True
327,32,1,1,44,False,True
327,32,2,1,39,False,False
327,32,2,2,40,True,True
328,32,1,1,99,True,True
329,32,1,1,94,False,True
329,32,2,1,94,True,True
330,33,1,1,66,True,True
331,33,1,1,89,True,False
332,33,1,1,117,False,True
332,33,2,1,100,False,False
332,33,2,2,96,False,True
332,33,3,1,100,False,True
332,33,4,1,116,False,True
332,33,5,1,126,True,False
333,33,1,1,33,False,True
333,33,2,1,4,False,True
333,33,3,1,7,False,True
333,33,4,1,7,False,True
333,33,5,1,27,True,True
334,33,1,1,36,False,False
334,33,1,2,48,False,True
334,33,2,1,36,False,True
334,33,3,1,47,True,True
335,33,1,1,85,False,True
335,33,2,1,90,True,False
336,33,1,1,148,False,True
336,33,2,1,148,False,True
336,33,3,1,134,True,True
337,33,1,1,4,True,True
338,33,1,1,20,False,False
338,33,1,2,30,False,True
338,33,2,1,44,False,True
338,33,3,1,31,True,True
339,33,1,1,119,False,True
339,33,2,1,103,True,True
340,34,1,1,72,False,False
340,34,1,2,65,True,False
341,34,1,1,64,False,True
341,34,2,1,57,False,True
341,34,3,1,44,False,True
341,34,4,1,44,False,True
341,34,5,1,57,False,True
341,34,6,1,58,True,True
342,34,1,1,78,False,True
342,34,2,1,82,True,True
343,34,1,1,26,True,True
344,34,1,1,59,True,True
345,34,1,1,54,True,True
346,34,1,1,142,False,True
346,34,2,1,145,False,False
346,34,2,2,150,False,True
346,34,3,1,153,True,True
347,34,1,1,73,False,True
347,34,2,1,66,True,True
348,34,1,1,30,False,True
348,34,2,1,30,False,True
348,34,3,1,38,True,False
349,34,1,1,33,True,True
350,35,1,1,77,True,True
351,35,1,1,110,False,False
351,35,1,2,127,False,True
351,35,2,1,127,False,True
351,35,3,1,102,True,True
352,35,1,1,58,True,True
353,35,1,1,89,False,False
353,35,1,2,96,False,True
353,35,2,1,96,True,True
354,35,1,1,138,True,False
355,35,1,1,11,True,True
356,35,1,1,77,False,True
356,35,2,1,77,True,True
357,35,1,1,104,False,True
357,35,2,1,104,True,True
358,35,1,1,10,True,True
359,35,1,1,148,True,True
360,36,1,1,59,True,False
361,36,1,1,48,True,True
362,36,1,1,52,True,True
363,36,1,1,26,False,True
363,36,2,1,26,True,True
364,36,1,1,96,True,True
365,36,1,1,90,True,True
366,36,1,1,136,True,True
367,36,1,1,123,True,True
368,36,1,1,142,False,True
368,36,2,1,142,True,True
369,36,1,1,111,False,False
369,36,1,2,106,False,True
369,36,2,1,106,False,True
369,36,3,1,106,True,True
370,37,1,1,16,False,True
370,37,2,1,15,False,True
370,37,3,1,21,False,True
370,37,4,1,21,False,True
370,37,5,1,16,True,False
371,37,1,1,4,True,True
372,37,1,1,137,True,True
373,37,1,1,146,False,True
373,37,2,1,133,True,True
374,37,1,1,2,True,True
375,37,1,1,62,True,True
376,37,1,1,24,False,True
376,37,2,1,23,False,True
376,37,3,1,24,False,False
376,37,3,2,25,True,True
377,37,1,1,89,True,True
378,37,1,1,93,False,True
378,37,2,1,94,False,False
378,37,2,2,95,False,True
378,37,3,1,95,True,True
379,37,1,1,32,False,True
379,37,2,1,33,False,True
379,37,3,1,33,True,True
380,38,1,1,102,False,True
380,38,2,1,103,False,True
380,38,3,1,103,False,True
380,38,4,1,103,True,True
381,38,1,1,82,True,False
382,38,1,1,71,False,True
382,38,2,1,71,False,True
382,38,3,1,71,False,True
382,38,4,1,71,True,True
383,38,1,1,75,True,True
384,38,1,1,94,True,False
385,38,1,1,117,False,True
385,38,2,1,126,True,True
386,38,1,1,119,False,False
386,38,1,2,120,False,False
386,38,1,3,121,False,True
386,38,2,1,121,True,True
387,38,1,1,30,False,True
387,38,2,1,30,True,True
388,38,1,1,79,False,False
388,38,1,2,80,True,True
389,38,1,1,81,True,False
390,39,1,1,98,False,True
390,39,2,1,98,False,True
390,39,3,1,103,True,True
391,39,1,1,7,False,True
391,39,2,1,7,True,True
392,39,1,1,70,True,True
393,39,1,1,65,False,True
393,39,2,1,65,True,True
394,39,1,1,59,True,True
395,39,1,1,50,False,True
395,39,2,1,50,False,True
395,39,3,1,50,True,True
396,39,1,1,59,False,True
396,39,2,1,59,False,True
396,39,3,1,50,False,False
396,39,3,2,45,False,True
396,39,4,1,45,False,True
396,39,5,1,45,True,True
397,39,1,1,67,True,False
398,39,1,1,26,True,True
399,39,1,1,56,True,True
400,40,1,1,133,True,True
401,40,1,1,54,False,True
401,40,2,1,54,True,True
402,40,1,1,54,False,True
402,40,2,1,54,True,True
403,40,1,1,25,False,True
403,40,2,1,20,False,True
403,40,3,1,20,True,True
404,40,1,1,104,True,True
405,40,1,1,102,False,False
405,40,1,2,101,True,False
406,40,1,1,66,False,True
406,40,2,1,66,True,True
407,40,1,1,36,True,True
408,40,1,1,57,False,False
408,40,1,2,56,False,True
408,40,2,1,49,False,False
408,40,2,2,37,False,True
408,40,3,1,49,False,False
408,40,3,2,54,True,True
409,40,1,1,66,False,True
409,40,2,1,73,False,True
409,40,3,1,66,False,True
409,40,4,1,66,True,True
410,41,1,1,73,False,False
410,41,1,2,59,False,False
410,41,1,3,51,False,False
410,41,1,4,52,False,True
410,41,2,1,52,True,True
411,41,1,1,34,False,True
411,41,2,1,52,True,False
412,41,1,1,130,False,True
412,41,2,1,141,False,True
412,41,3,1,141,True,True
413,41,1,1,103,False,True
413,41,2,1,110,False,True
413,41,3,1,109,True,True
414,41,1,1,119,True,True
415,41,1,1,42,False,True
415,41,2,1,33,True,True
416,41,1,1,41,True,False
417,41,1,1,102,False,True
417,41,2,1,109,False,True
417,41,3,1,109,False,True
417,41,4,1,109,True,True
418,41,1,1,85,True,True
419,41,1,1,87,False,True
419,41,2,1,87,True,True
420,42,1,1,80,False,True
420,42,2,1,80,False,True
420,42,3,1,80,True,True
421,42,1,1,88,False,True
421,42,2,1,88,True,True
422,42,1,1,84,True,False
423,42,1,1,83,False,True
423,42,2,1,61,True,False
424,42,1,1,85,True,True
425,42,1,1,150,False,True
425,42,2,1,145,True,True
426,42,1,1,66,False,True
426,42,2,1,66,True,True
427,42,1,1,97,False,True
427,42,2,1,97,True,True
428,42,1,1,24,False,True
428,42,2,1,38,False,True
428,42,3,1,49,True,False
429,42,1,1,44,True,True
430,43,1,1,76,True,True
431,43,1,1,127,True,True
432,43,1,1,28,False,True
432,43,2,1,28,False,True
432,43,3,1,47,True,True
433,43,1,1,63,True,True
434,43,1,1,129,False,True
434,43,2,1,146,False,True
434,43,3,1,147,True,True
435,43,1,1,111,False,True
435,43,2,1,104,False,True
435,43,3,1,98,False,True
435,43,4,1,98,False,True
435,43,5,1,98,False,True
435,43,6,1,98,False,True
435,43,7,1,105,True,True
436,43,1,1,54,True,True
437,43,1,1,82,True,True
438,43,1,1,103,False,True
438,43,2,1,127,False,True
438,43,3,1,127,False,True
438,43,4,1,103,False,True
438,43,5,1,110,False,True
438,43,6,1,110,False,True
438,43,7,1,110,False,True
438,43,8,1,110,True,True
439,43,1,1,138,True,True
440,44,1,1,134,True,True
441,44,1,1,127,False,True
441,44,2,1,127,True,True
442,44,1,1,40,False,True
442,44,2,1,39,False,True
442,44,3,1,39,False,True
442,44,4,1,30,False,True
442,44,5,1,31,True,False
443,44,1,1,140,False,True
443,44,2,1,137,False,True
443,44,3,1,137,True,True
444,44,1,1,110,True,False
445,44,1,1,97,False,True
445,44,2,1,103,False,True
445,44,3,1,103,True,True
446,44,1,1,135,True,False
447,44,1,1,97,True,True
448,44,1,1,116,False,True
448,44,2,1,89,True,True
449,44,1,1,48,True,True
450,45,1,1,146,True,True
451,45,1,1,21,False,True
451,45,2,1,21,False,True
451,45,3,1,21,False,True
451,45,4,1,21,False,True
451,45,5,1,21,False,True
451,45,6,1,21,False,True
451,45,7,1,21,False,True
451,45,8,1,21,False,True
451,45,9,1,3,False,True
451,45,10,1,2,True,True
452,45,1,1,98,False,True
452,45,2,1,98,False,True
452,45,3,1,98,False,True
452,45,4,1,90,False,False
452,45,4,2,89,True,True
453,45,1,1,77,True,False
454,45,1,1,68,True,False
455,45,1,1,137,False,True
455,45,2,1,137,False,True
455,45,3,1,140,False,True
455,45,4,1,140,True,True
456,45,1,1,93,False,False
456,45,1,2,88,False,True
456,45,2,1,123,True,True
457,45,1,1,69,True,False
458,45,1,1,80,False,True
458,45,2,1,81,True,True
459,45,1,1,111,True,True
460,46,1,1,60,True,False
461,46,1,1,137,True,False
462,46,1,1,114,False,True
462,46,2,1,114,False,True
462,46,3,1,114,False,True
462,46,4,1,114,False,True
462,46,5,1,114,False,True
462,46,6,1,95,False,True
462,46,7,1,95,False,True
462,46,8,1,95,False,True
462,46,9,1,95,True,True
463,46,1,1,55,True,True
464,46,1,1,6,False,True
464,46,2,1,6,False,True
464,46,3,1,6,False,True
464,46,4,1,6,True,True
465,46,1,1,145,True,True
466,46,1,1,105,True,False
467,46,1,1,153,True,True
468,46,1,1,88,False,False
468,46,1,2,84,True,False
469,46,1,1,149,True,True
470,47,1,1,78,False,True
470,47,2,1,78,True,True
471,47,1,1,86,False,True
471,47,2,1,86,True,True
472,47,1,1,118,True,True
473,47,1,1,56,False,False
473,47,1,2,54,True,True
474,47,1,1,126,False,True
474,47,2,1,126,False,True
474,47,3,1,109,False,False
474,47,3,2,110,False,False
474,47,3,3,104,False,True
474,47,4,1,132,False,False
474,47,4,2,138,False,True
474,47,5,1,132,True,False
475,47,1,1,35,False,False
475,47,1,2,28,False,False
475,47,1,3,21,False,False
475,47,1,4,22,False,False
475,47,1,5,18,True,True
476,47,1,1,61,True,False
477,47,1,1,86,True,True
478,47,1,1,25,True,True
479,47,1,1,7,True,True
480,48,1,1,15,True,False
481,48,1,1,61,False,True
481,48,2,1,61,True,True
482,48,1,1,4,True,True
483,48,1,1,32,False,True
483,48,2,1,41,True,True
484,48,1,1,89,True,True
485,48,1,1,54,True,True
486,48,1,1,55,True,True
487,48,1,1,91,True,True
488,48,1,1,43,True,True
489,48,1,1,139,True,True
490,49,1,1,86,True,True
491,49,1,1,73,True,False
492,49,1,1,133,False,True
492,49,2,1,133,False,True
492,49,3,1,133,False,True
492,49,4,1,133,False,True
492,49,5,1,133,False,True
492,49,6,1,133,True,True
493,49,1,1,138,True,True
494,49,1,1,17,False,False
494,49,1,2,8,False,True
494,49,2,1,8,False,True
494,49,3,1,8,True,True
495,49,1,1,135,True,True
496,49,1,1,139,False,True
496,49,2,1,129,True,False
497,49,1,1,135,False,True
497,49,2,1,135,False,True
497,49,3,1,135,False,True
497,49,4,1,135,True,True
498,49,1,1,117,False,True
498,49,2,1,117,False,True
498,49,3,1,117,False,True
498,49,4,1,116,True,True
499,49,1,1,146,True,True
500,50,1,1,34,False,True
500,50,2,1,34,False,True
500,50,3,1,28,True,True
501,50,1,1,59,True,True
502,50,1,1,71,True,False
503,50,1,1,119,False,True
503,50,2,1,119,True,True
504,50,1,1,46,False,False
504,50,1,2,43,False,True
504,50,2,1,43,True,True
505,50,1,1,75,False,False
505,50,1,2,78,True,True
506,50,1,1,151,False,True
506,50,2,1,146,True,False
507,50,1,1,115,True,True
508,50,1,1,91,False,True
508,50,2,1,91,False,True
508,50,3,1,106,True,False
509,50,1,1,83,False,True
509,50,2,1,83,True,True
510,51,1,1,104,False,True
510,51,2,1,104,False,True
510,51,3,1,104,False,True
510,51,4,1,111,False,False
510,51,4,2,122,False,True
510,51,5,1,104,True,True
511,51,1,1,121,False,True
511,51,2,1,121,True,True
512,51,1,1,58,True,True
513,51,1,1,120,True,True
514,51,1,1,109,False,False
514,51,1,2,102,False,True
514,51,2,1,102,True,True
515,51,1,1,12,True,True
516,51,1,1,8,False,True
516,51,2,1,8,False,True
516,51,3,1,8,False,True
516,51,4,1,8,True,True
517,51,1,1,74,False,True
517,51,2,1,90,True,False
518,51,1,1,64,True,False
519,51,1,1,134,False,False
519,51,1,2,135,False,False
519,51,1,3,136,False,True
519,51,2,1,123,True,True
520,52,1,1,150,False,True
520,52,2,1,151,True,True
521,52,1,1,3,False,True
521,52,2,1,4,True,False
522,52,1,1,85,True,True
523,52,1,1,77,True,True
524,52,1,1,3,False,True
524,52,2,1,2,True,True
525,52,1,1,151,False,True
525,52,2,1,150,True,True
526,52,1,1,76,False,True
526,52,2,1,54,True,True
527,52,1,1,146,False,False
527,52,1,2,147,True,True
528,52,1,1,139,True,False
529,52,1,1,66,False,True
529,52,2,1,75,False,True
529,52,3,1,66,False,True
529,52,4,1,66,True,True
530,53,1,1,76,True,True
531,53,1,1,145,True,True
532,53,1,1,50,True,True
533,53,1,1,78,True,True
534,53,1,1,122,False,False
534,53,1,2,139,True,True
535,53,1,1,143,True,True
536,53,1,1,143,False,True
536,53,2,1,143,True,True
537,53,1,1,111,True,False
538,53,1,1,69,True,True
539,53,1,1,124,False,True
539,53,2,1,112,False,False
539,53,2,2,106,False,False
539,53,2,3,91,False,False
539,53,2,4,79,True,False
540,54,1,1,77,True,False
541,54,1,1,76,True,True
542,54,1,1,144,False,False
542,54,1,2,149,False,True
542,54,2,1,149,True,True
543,54,1,1,102,True,True
544,54,1,1,32,True,True
545,54,1,1,131,True,True
546,54,1,1,120,True,True
547,54,1,1,146,True,True
548,54,1,1,115,True,True
549,54,1,1,144,True,True
550,55,1,1,127,False,True
550,55,2,1,127,False,True
550,55,3,1,127,False,True
550,55,4,1,127,True,True
551,55,1,1,59,False,True
551,55,2,1,59,False,True
551,55,3,1,59,False,True
551,55,4,1,59,True,True
552,55,1,1,60,False,True
552,55,2,1,55,True,True
553,55,1,1,34,True,True
554,55,1,1,52,False,True
554,55,2,1,60,True,False
555,55,1,1,78,True,True
556,55,1,1,139,True,False
557,55,1,1,128,False,True
557,55,2,1,128,True,True
558,55,1,1,69,True,True
559,55,1,1,91,False,True
559,55,2,1,91,True,True
560,56,1,1,151,False,True
560,56,2,1,151,True,True
561,56,1,1,151,False,True
561,56,2,1,151,True,True
562,56,1,1,16,True,False
563,56,1,1,152,False,True
563,56,2,1,143,False,True
563,56,3,1,143,False,True
563,56,4,1,143,False,True
563,56,5,1,118,True,False
564,56,1,1,86,False,True
564,56,2,1,86,True,True
565,56,1,1,89,True,True
566,56,1,1,56,False,False
566,56,1,2,24,False,False
566,56,1,3,13,False,False
566,56,1,4,10,True,True
567,56,1,1,40,False,True
567,56,2,1,32,False,True
567,56,3,1,32,True,True
568,56,1,1,62,True,True
569,56,1,1,99,False,True
569,56,2,1,89,True,True
570,57,1,1,131,True,True
571,57,1,1,72,False,True
571,57,2,1,72,False,True
571,57,3,1,72,True,True
572,57,1,1,134,False,True
572,57,2,1,129,False,True
572,57,3,1,129,False,True
572,57,4,1,134,False,True
572,57,5,1,133,True,True
573,57,1,1,147,True,True
574,57,1,1,85,True,True
575,57,1,1,6,False,True
575,57,2,1,6,True,True
576,57,1,1,95,False,True
576,57,2,1,95,False,True
576,57,3,1,95,True,True
577,57,1,1,89,False,True
577,57,2,1,89,True,True
578,57,1,1,62,True,True
579,57,1,1,136,False,False
579,57,1,2,137,True,False
580,58,1,1,118,True,True
581,58,1,1,127,False,True
581,58,2,1,127,True,True
582,58,1,1,76,True,True
583,58,1,1,3,True,True
584,58,1,1,14,True,True
585,58,1,1,110,False,True
585,58,2,1,110,False,True
585,58,3,1,110,False,True
585,58,4,1,110,False,True
585,58,5,1,97,False,True
585,58,6,1,97,False,True
585,58,7,1,97,False,True
585,58,8,1,97,True,True
586,58,1,1,6,False,True
586,58,2,1,6,True,True
587,58,1,1,72,True,False
588,58,1,1,105,True,True
589,58,1,1,88,True,True
590,59,1,1,56,True,True
591,59,1,1,133,True,True
592,59,1,1,15,True,False
593,59,1,1,63,True,True
594,59,1,1,72,True,True
595,59,1,1,2,True,True
596,59,1,1,8,True,True
597,59,1,1,88,False,False
597,59,1,2,94,True,True
598,59,1,1,64,False,True
598,59,2,1,64,True,True
599,59,1,1,33,False,True
599,59,2,1,33,False,True
599,59,3,1,31,True,True
600,60,1,1,42,False,True
600,60,2,1,43,False,True
600,60,3,1,43,False,True
600,60,4,1,7,False,True
600,60,5,1,21,False,True
600,60,6,1,42,True,True
601,60,1,1,107,False,False
601,60,1,2,115,True,False
602,60,1,1,81,True,True
603,60,1,1,90,True,True
604,60,1,1,76,True,False
605,60,1,1,97,True,True
606,60,1,1,77,True,True
607,60,1,1,33,False,False
607,60,1,2,27,True,False
608,60,1,1,45,False,False
608,60,1,2,75,False,True
608,60,2,1,75,True,True
609,60,1,1,130,False,True
609,60,2,1,140,False,True
609,60,3,1,140,False,True
609,60,4,1,141,False,True
609,60,5,1,140,True,False
610,61,1,1,119,True,True
611,61,1,1,143,True,True
612,61,1,1,89,False,True
612,61,2,1,107,True,True
613,61,1,1,138,True,False
614,61,1,1,19,False,True
614,61,2,1,22,False,True
614,61,3,1,22,False,True
614,61,4,1,18,False,False
614,61,4,2,12,False,False
614,61,4,3,9,False,True
614,61,5,1,19,True,True
615,61,1,1,49,False,True
615,61,2,1,54,True,True
616,61,1,1,32,False,True
616,61,2,1,26,True,False
617,61,1,1,147,True,True
618,61,1,1,89,True,True
619,61,1,1,114,False,True
619,61,2,1,130,False,True
619,61,3,1,95,True,True
620,62,1,1,33,True,True
621,62,1,1,68,False,False
621,62,1,2,75,False,True
621,62,2,1,67,False,True
621,62,3,1,67,True,True
622,62,1,1,111,False,True
622,62,2,1,111,False,True
622,62,3,1,111,False,True
622,62,4,1,110,False,True
622,62,5,1,119,False,True
622,62,6,1,119,False,True
622,62,7,1,120,True,False
623,62,1,1,11,True,True
624,62,1,1,111,False,True
624,62,2,1,112,True,False
625,62,1,1,132,True,True
626,62,1,1,151,False,True
626,62,2,1,151,False,True
626,62,3,1,127,False,True
626,62,4,1,127,False,True
626,62,5,1,143,True,True
627,62,1,1,89,True,True
628,62,1,1,105,True,True
629,62,1,1,63,False,True
629,62,2,1,62,True,True
630,63,1,1,151,True,True
631,63,1,1,61,True,True
632,63,1,1,152,False,True
632,63,2,1,146,False,True
632,63,3,1,139,True,True
633,63,1,1,15,True,True
634,63,1,1,89,False,True
634,63,2,1,89,True,True
635,63,1,1,120,True,True
636,63,1,1,134,False,False
636,63,1,2,135,True,False
637,63,1,1,48,True,True
638,63,1,1,86,True,True
639,63,1,1,100,True,False
640,64,1,1,90,False,True
640,64,2,1,90,False,True
640,64,3,1,56,False,True
640,64,4,1,56,False,True
640,64,5,1,56,True,True
641,64,1,1,86,False,True
641,64,2,1,86,False,True
641,64,3,1,85,False,True
641,64,4,1,110,True,True
642,64,1,1,144,True,True
643,64,1,1,6,False,True
643,64,2,1,6,True,True
644,64,1,1,122,True,True
645,64,1,1,39,True,True
646,64,1,1,18,False,True
646,64,2,1,22,False,True
646,64,3,1,22,True,True
647,64,1,1,154,False,True
647,64,2,1,154,True,True
648,64,1,1,32,True,True
649,64,1,1,92,False,False
649,64,1,2,125,False,True
649,64,2,1,93,False,True
649,64,3,1,94,True,True
650,65,1,1,94,False,True
650,65,2,1,94,False,True
650,65,3,1,93,False,False
650,65,3,2,92,False,True
650,65,4,1,92,False,True
650,65,5,1,114,False,True
650,65,6,1,113,True,False
651,65,1,1,70,False,True
651,65,2,1,71,True,False
652,65,1,1,75,False,True
652,65,2,1,68,True,False
653,65,1,1,110,False,True
653,65,2,1,127,True,True
654,65,1,1,7,False,True
654,65,2,1,4,False,True
654,65,3,1,7,False,True
654,65,4,1,15,False,True
654,65,5,1,15,False,True
654,65,6,1,7,False,True
654,65,7,1,15,True,True
655,65,1,1,72,False,True
655,65,2,1,74,True,True
656,65,1,1,95,False,True
656,65,2,1,94,False,True
656,65,3,1,94,False,True
656,65,4,1,93,False,False
656,65,4,2,88,True,False
657,65,1,1,129,True,False
658,65,1,1,73,True,False
659,65,1,1,34,True,True
660,66,1,1,32,True,True
661,66,1,1,91,False,True
661,66,2,1,98,True,True
662,66,1,1,140,False,True
662,66,2,1,140,False,True
662,66,3,1,137,False,True
662,66,4,1,140,True,True
663,66,1,1,61,False,True
663,66,2,1,53,False,False
663,66,2,2,48,False,True
663,66,3,1,61,True,True
664,66,1,1,143,True,True
665,66,1,1,143,False,True
665,66,2,1,120,False,True
665,66,3,1,120,True,True
666,66,1,1,133,True,True
667,66,1,1,82,True,True
668,66,1,1,67,False,True
668,66,2,1,68,True,True
669,66,1,1,117,False,True
669,66,2,1,126,False,True
669,66,3,1,138,True,True
670,67,1,1,15,True,True
671,67,1,1,26,False,False
671,67,1,2,30,False,False
671,67,1,3,29,False,True
671,67,2,1,29,True,True
672,67,1,1,46,False,True
672,67,2,1,35,False,True
672,67,3,1,46,False,False
672,67,3,2,68,True,True
673,67,1,1,46,False,False
673,67,1,2,43,False,False
673,67,1,3,12,True,False
674,67,1,1,90,True,True
675,67,1,1,120,True,True
676,67,1,1,119,True,True
677,67,1,1,82,False,True
677,67,2,1,82,False,True
677,67,3,1,83,False,True
677,67,4,1,82,False,False
677,67,4,2,86,True,True
678,67,1,1,73,False,True
678,67,2,1,41,False,True
678,67,3,1,40,True,True
679,67,1,1,72,False,False
679,67,1,2,104,True,False
680,68,1,1,51,False,True
680,68,2,1,51,False,True
680,68,3,1,52,True,True
681,68,1,1,34,True,True
682,68,1,1,101,True,True
683,68,1,1,16,False,True
683,68,2,1,16,False,True
683,68,3,1,15,False,True
683,68,4,1,7,False,True
683,68,5,1,15,False,True
683,68,6,1,15,True,True
684,68,1,1,48,True,True
685,68,1,1,117,False,True
685,68,2,1,132,True,True
686,68,1,1,127,True,True
687,68,1,1,128,True,False
688,68,1,1,15,True,True
689,68,1,1,64,False,False
689,68,1,2,70,True,True
690,69,1,1,86,False,True
690,69,2,1,86,False,True
690,69,3,1,73,True,True
691,69,1,1,135,True,True
692,69,1,1,86,True,True
693,69,1,1,59,False,True
693,69,2,1,66,False,True
693,69,3,1,66,True,True
694,69,1,1,149,True,True
695,69,1,1,112,False,False
695,69,1,2,106,True,True
696,69,1,1,111,False,True
696,69,2,1,111,False,True
696,69,3,1,122,False,True
696,69,4,1,111,False,True
696,69,5,1,111,False,True
696,69,6,1,104,True,True
697,69,1,1,72,False,True
697,69,2,1,73,True,True
698,69,1,1,10,True,True
699,69,1,1,98,True,True
700,70,1,1,137,False,False
700,70,1,2,141,False,True
700,70,2,1,141,False,True
700,70,3,1,141,False,True
700,70,4,1,141,True,True
701,70,1,1,34,True,True
702,70,1,1,14,True,False
703,70,1,1,50,True,True
704,70,1,1,37,False,False
704,70,1,2,23,True,True
705,70,1,1,99,True,True
706,70,1,1,70,False,True
706,70,2,1,70,False,True
706,70,3,1,62,False,False
706,70,3,2,54,True,True
707,70,1,1,60,True,True
708,70,1,1,66,False,True
708,70,2,1,66,False,True
708,70,3,1,66,True,True
709,70,1,1,91,True,False
710,71,1,1,104,True,False
711,71,1,1,85,True,True
712,71,1,1,20,True,True
713,71,1,1,7,False,True
713,71,2,1,7,False,True
713,71,3,1,7,True,True
714,71,1,1,97,True,False
715,71,1,1,154,False,True
715,71,2,1,148,False,True
715,71,3,1,148,False,True
715,71,4,1,134,True,True
716,71,1,1,2,False,True
716,71,2,1,20,False,True
716,71,3,1,11,False,True
716,71,4,1,11,True,True
717,71,1,1,147,False,True
717,71,2,1,146,True,True
718,71,1,1,112,False,False
718,71,1,2,92,True,True
719,71,1,1,144,True,True
720,72,1,1,16,False,True
720,72,2,1,8,False,True
720,72,3,1,17,True,True
721,72,1,1,14,False,True
721,72,2,1,10,True,True
722,72,1,1,20,False,True
722,72,2,1,25,False,False
722,72,2,2,30,True,True
723,72,1,1,116,False,False
723,72,1,2,138,True,False
724,72,1,1,77,False,True
724,72,2,1,77,True,True
725,72,1,1,122,False,True
725,72,2,1,121,True,True
726,72,1,1,34,False,True
726,72,2,1,42,False,True
726,72,3,1,42,True,True
727,72,1,1,79,True,False
728,72,1,1,80,True,False
729,72,1,1,15,False,True
729,72,2,1,16,False,False
729,72,2,2,21,False,True
729,72,3,1,21,True,True
730,73,1,1,109,False,False
730,73,1,2,108,False,True
730,73,2,1,108,False,True
730,73,3,1,101,True,False
731,73,1,1,126,False,True
731,73,2,1,116,False,False
731,73,2,2,107,True,True
732,73,1,1,8,False,True
732,73,2,1,22,False,True
732,73,3,1,17,True,False
733,73,1,1,10,True,True
734,73,1,1,79,False,True
734,73,2,1,87,True,False
735,73,1,1,104,True,True
736,73,1,1,82,True,True
737,73,1,1,53,False,True
737,73,2,1,53,True,True
738,73,1,1,57,False,True
738,73,2,1,57,False,True
738,73,3,1,57,False,True
738,73,4,1,57,True,True
739,73,1,1,98,False,False
739,73,1,2,105,False,True
739,73,2,1,104,False,False
739,73,2,2,111,True,True
740,74,1,1,37,False,True
740,74,2,1,29,True,False
741,74,1,1,103,True,True
742,74,1,1,103,True,True
743,74,1,1,40,True,True
744,74,1,1,81,True,True
745,74,1,1,19,False,True
745,74,2,1,9,False,True
745,74,3,1,12,False,True
745,74,4,1,12,True,True
746,74,1,1,141,False,True
746,74,2,1,141,True,True
747,74,1,1,77,True,True
748,74,1,1,99,True,True
749,74,1,1,65,True,True
750,75,1,1,141,False,True
750,75,2,1,130,False,True
750,75,3,1,130,True,True
751,75,1,1,67,False,True
751,75,2,1,68,True,False
752,75,1,1,152,False,True
752,75,2,1,152,False,True
752,75,3,1,151,False,True
752,75,4,1,152,False,True
752,75,5,1,127,False,True
752,75,6,1,143,False,True
752,75,7,1,143,False,True
752,75,8,1,143,True,True
753,75,1,1,130,False,True
753,75,2,1,141,False,True
753,75,3,1,141,False,True
753,75,4,1,130,False,True
753,75,5,1,130,False,True
753,75,6,1,130,False,True
753,75,7,1,130,False,True
753,75,8,1,137,False,False
753,75,8,2,140,True,True
754,75,1,1,110,False,False
754,75,1,2,109,True,False
755,75,1,1,117,False,False
755,75,1,2,132,True,True
756,75,1,1,107,True,True
757,75,1,1,101,True,True
758,75,1,1,69,True,True
759,75,1,1,91,True,False
760,76,1,1,96,False,False
760,76,1,2,116,False,True
760,76,2,1,96,False,False
760,76,2,2,90,True,True
761,76,1,1,140,True,True
762,76,1,1,66,True,True
763,76,1,1,91,False,True
763,76,2,1,92,False,False
763,76,2,2,93,False,True
763,76,3,1,93,False,True
763,76,4,1,91,False,False
763,76,4,2,106,True,True
764,76,1,1,59,True,True
765,76,1,1,72,True,True
766,76,1,1,41,True,True
767,76,1,1,53,True,True
768,76,1,1,85,True,False
769,76,1,1,8,True,True
770,77,1,1,44,False,True
770,77,2,1,44,False,True
770,77,3,1,44,True,True
771,77,1,1,101,True,True
772,77,1,1,103,True,True
773,77,1,1,152,False,True
773,77,2,1,151,True,False
774,77,1,1,67,True,False
775,77,1,1,149,False,True
775,77,2,1,140,True,True
776,77,1,1,83,False,True
776,77,2,1,82,True,True
777,77,1,1,77,True,True
778,77,1,1,89,True,False
779,77,1,1,15,True,False
780,78,1,1,49,False,True
780,78,2,1,49,False,True
780,78,3,1,38,True,False
781,78,1,1,15,True,True
782,78,1,1,54,False,True
782,78,2,1,54,False,True
782,78,3,1,54,False,True
782,78,4,1,54,False,True
782,78,5,1,54,False,True
782,78,6,1,54,True,True
783,78,1,1,106,False,True
783,78,2,1,106,True,True
784,78,1,1,11,True,True
785,78,1,1,1,True,True
786,78,1,1,58,False,True
786,78,2,1,65,False,True
786,78,3,1,58,True,True
787,78,1,1,89,True,False
788,78,1,1,14,False,True
788,78,2,1,14,True,True
789,78,1,1,72,False,False
789,78,1,2,73,True,True
790,79,1,1,59,True,True
791,79,1,1,146,False,True
791,79,2,1,147,True,True
792,79,1,1,139,False,True
792,79,2,1,139,False,True
792,79,3,1,129,False,True
792,79,4,1,133,True,True
793,79,1,1,94,True,True
794,79,1,1,40,True,True
795,79,1,1,59,False,True
795,79,2,1,73,False,True
795,79,3,1,59,True,True
796,79,1,1,81,False,True
796,79,2,1,81,True,True
797,79,1,1,27,True,True
798,79,1,1,152,False,True
798,79,2,1,146,False,True
798,79,3,1,146,True,True
799,79,1,1,58,True,True
800,80,1,1,76,True,True
801,80,1,1,115,True,True
802,80,1,1,127,False,False
802,80,1,2,128,True,True
803,80,1,1,53,False,False
803,80,1,2,36,False,True
803,80,2,1,35,False,False
803,80,2,2,45,True,True
804,80,1,1,66,False,True
804,80,2,1,66,False,True
804,80,3,1,78,False,True
804,80,4,1,73,False,True
804,80,5,1,73,False,True
804,80,6,1,66,False,True
804,80,7,1,73,True,True
805,80,1,1,86,True,True
806,80,1,1,73,False,True
806,80,2,1,72,False,False
806,80,2,2,64,True,False
807,80,1,1,66,False,True
807,80,2,1,66,True,True
808,80,1,1,85,True,False
809,80,1,1,66,False,True
809,80,2,1,50,False,True
809,80,3,1,50,True,True
810,81,1,1,2,True,True
811,81,1,1,140,False,True
811,81,2,1,144,False,True
811,81,3,1,149,True,True
812,81,1,1,144,False,False
812,81,1,2,136,True,True
813,81,1,1,126,False,True
813,81,2,1,108,False,True
813,81,3,1,126,True,True
814,81,1,1,27,True,True
815,81,1,1,82,False,True
815,81,2,1,82,True,True
816,81,1,1,56,False,False
816,81,1,2,54,True,True
817,81,1,1,66,False,True
817,81,2,1,67,True,True
818,81,1,1,147,True,True
819,81,1,1,56,False,True
819,81,2,1,62,True,True
820,82,1,1,26,True,False
821,82,1,1,32,True,True
822,82,1,1,135,False,False
822,82,1,2,144,True,True
823,82,1,1,16,False,True
823,82,2,1,16,False,True
823,82,3,1,16,False,True
823,82,4,1,8,False,True
823,82,5,1,8,False,True
823,82,6,1,12,False,True
823,82,7,1,4,True,True
824,82,1,1,53,False,True
824,82,2,1,53,True,True
825,82,1,1,62,True,True
826,82,1,1,25,True,False
827,82,1,1,62,False,True
827,82,2,1,89,True,False
828,82,1,1,132,True,True
829,82,1,1,27,True,True
830,83,1,1,127,True,True
831,83,1,1,76,False,True
831,83,2,1,76,True,True
832,83,1,1,103,True,True
833,83,1,1,96,False,True
833,83,2,1,99,False,True
833,83,3,1,99,False,True
833,83,4,1,115,True,True
834,83,1,1,152,False,True
834,83,2,1,152,True,True
835,83,1,1,77,False,True
835,83,2,1,77,True,True
836,83,1,1,153,False,True
836,83,2,1,142,False,True
836,83,3,1,142,False,True
836,83,4,1,142,False,True
836,83,5,1,145,False,False
836,83,5,2,150,True,True
837,83,1,1,93,False,True
837,83,2,1,88,False,True
837,83,3,1,87,False,True
837,83,4,1,87,False,True
837,83,5,1,87,False,True
837,83,6,1,88,True,False
838,83,1,1,48,True,True
839,83,1,1,63,True,True
840,84,1,1,94,True,True
841,84,1,1,17,True,True
842,84,1,1,77,True,False
843,84,1,1,39,True,True
844,84,1,1,20,False,True
844,84,2,1,25,False,True
844,84,3,1,20,False,True
844,84,4,1,25,False,True
844,84,5,1,26,True,False
845,84,1,1,27,False,False
845,84,1,2,15,False,True
845,84,2,1,15,True,True
846,84,1,1,14,False,False
846,84,1,2,13,True,True
847,84,1,1,148,False,True
847,84,2,1,147,False,False
847,84,2,2,146,True,True
848,84,1,1,125,False,True
848,84,2,1,113,False,True
848,84,3,1,113,False,True
848,84,4,1,113,False,True
848,84,5,1,125,False,True
848,84,6,1,125,True,True
849,84,1,1,46,False,False
849,84,1,2,35,True,True
850,85,1,1,27,True,False
851,85,1,1,73,True,True
852,85,1,1,73,False,True
852,85,2,1,73,False,True
852,85,3,1,73,True,True
853,85,1,1,44,True,True
854,85,1,1,145,False,False
854,85,1,2,153,False,True
854,85,2,1,153,True,True
855,85,1,1,132,True,False
856,85,1,1,7,False,True
856,85,2,1,7,False,True
856,85,3,1,7,False,True
856,85,4,1,27,False,True
856,85,5,1,11,True,True
857,85,1,1,2,True,True
858,85,1,1,42,False,True
858,85,2,1,45,False,False
858,85,2,2,66,False,True
858,85,3,1,66,False,True
858,85,4,1,66,False,True
858,85,5,1,32,True,False
859,85,1,1,41,True,False
860,86,1,1,41,True,False
861,86,1,1,98,False,True
861,86,2,1,105,False,True
861,86,3,1,98,False,False
861,86,3,2,78,False,True
861,86,4,1,82,True,False
862,86,1,1,135,True,True
863,86,1,1,23,False,True
863,86,2,1,29,False,False
863,86,2,2,37,False,False
863,86,2,3,49,False,False
863,86,2,4,54,False,False
863,86,2,5,56,False,True
863,86,3,1,49,False,True
863,86,4,1,54,False,True
863,86,5,1,54,True,True
864,86,1,1,13,True,True
865,86,1,1,99,False,True
865,86,2,1,115,False,True
865,86,3,1,115,True,True
866,86,1,1,10,True,True
867,86,1,1,43,False,False
867,86,1,2,47,False,True
867,86,2,1,69,False,True
867,86,3,1,69,True,True
868,86,1,1,147,True,True
869,86,1,1,106,False,False
869,86,1,2,93,True,True
870,87,1,1,2,True,True
871,87,1,1,61,True,True
872,87,1,1,60,True,False
873,87,1,1,90,True,False
874,87,1,1,66,False,True
874,87,2,1,66,False,True
874,87,3,1,59,False,True
874,87,4,1,66,False,True
874,87,5,1,66,False,True
874,87,6,1,73,True,True
875,87,1,1,16,False,True
875,87,2,1,4,False,True
875,87,3,1,15,False,True
875,87,4,1,16,True,True
876,87,1,1,82,True,True
877,87,1,1,55,True,True
878,87,1,1,91,False,False
878,87,1,2,106,False,True
878,87,2,1,91,False,True
878,87,3,1,106,False,True
878,87,4,1,92,True,False
879,87,1,1,42,False,True
879,87,2,1,42,False,True
879,87,3,1,42,False,True
879,87,4,1,45,False,False
879,87,4,2,50,False,True
879,87,5,1,51,False,True
879,87,6,1,51,False,True
879,87,7,1,45,False,True
879,87,8,1,45,True,True
880,88,1,1,146,True,True
881,88,1,1,63,True,True
882,88,1,1,125,True,False
883,88,1,1,104,True,True
884,88,1,1,73,False,False
884,88,1,2,72,False,True
884,88,2,1,72,False,True
884,88,3,1,72,True,True
885,88,1,1,119,False,True
885,88,2,1,143,True,False
886,88,1,1,53,True,False
887,88,1,1,124,False,True
887,88,2,1,124,False,True
887,88,3,1,112,False,True
887,88,4,1,125,True,True
888,88,1,1,53,False,True
888,88,2,1,53,True,True
889,88,1,1,75,False,True
889,88,2,1,75,True,True
890,89,1,1,95,False,True
890,89,2,1,130,True,True
891,89,1,1,137,False,False
891,89,1,2,136,False,True
891,89,2,1,137,True,True
892,89,1,1,138,True,True
893,89,1,1,82,False,True
893,89,2,1,82,True,True
894,89,1,1,62,True,True
895,89,1,1,148,False,True
895,89,2,1,135,False,True
895,89,3,1,123,True,True
896,89,1,1,24,False,True
896,89,2,1,24,True,True
897,89,1,1,148,True,True
898,89,1,1,106,True,True
899,89,1,1,17,True,False
900,90,1,1,48,False,True
900,90,2,1,48,True,True
901,90,1,1,128,False,True
901,90,2,1,128,True,True
902,90,1,1,120,False,True
902,90,2,1,120,False,True
902,90,3,1,121,False,False
902,90,3,2,122,False,True
902,90,4,1,122,False,True
902,90,5,1,129,True,False
903,90,1,1,99,False,True
903,90,2,1,115,False,True
903,90,3,1,99,True,True
904,90,1,1,20,True,True
905,90,1,1,152,False,True
905,90,2,1,146,True,True
906,90,1,1,86,True,True
907,90,1,1,59,False,True
907,90,2,1,66,False,True
907,90,3,1,59,False,True
907,90,4,1,59,True,True
908,90,1,1,39,False,False
908,90,1,2,31,True,False
909,90,1,1,43,False,True
909,90,2,1,43,False,True
909,90,3,1,35,False,True
909,90,4,1,35,False,True
909,90,5,1,46,True,True
910,91,1,1,64,False,True
910,91,2,1,56,True,False
911,91,1,1,66,True,True
912,91,1,1,136,False,False
912,91,1,2,144,False,True
912,91,2,1,144,True,True
913,91,1,1,63,False,True
913,91,2,1,56,False,False
913,91,2,2,49,False,True
913,91,3,1,49,False,True
913,91,4,1,49,False,True
913,91,5,1,64,False,True
913,91,6,1,64,False,True
913,91,7,1,64,False,True
913,91,8,1,64,True,True
914,91,1,1,42,False,False
914,91,1,2,35,False,True
914,91,2,1,34,True,False
915,91,1,1,31,False,True
915,91,2,1,30,False,True
915,91,3,1,30,False,True
915,91,4,1,30,True,True
916,91,1,1,28,False,True
916,91,2,1,28,True,True
917,91,1,1,73,True,True
918,91,1,1,65,False,True
918,91,2,1,65,True,True
919,91,1,1,91,False,True
919,91,2,1,91,False,True
919,91,3,1,92,True,True
920,92,1,1,86,False,True
920,92,2,1,86,True,True
921,92,1,1,118,False,False
921,92,1,2,126,True,True
922,92,1,1,132,True,True
923,92,1,1,128,False,True
923,92,2,1,128,False,True
923,92,3,1,143,True,True
924,92,1,1,117,True,True
925,92,1,1,25,False,True
925,92,2,1,25,True,True
926,92,1,1,50,False,True
926,92,2,1,50,True,True
927,92,1,1,85,True,True
928,92,1,1,101,True,True
929,92,1,1,95,True,True
930,93,1,1,42,False,True
930,93,2,1,42,False,True
930,93,3,1,42,False,True
930,93,4,1,42,True,True
931,93,1,1,26,False,False
931,93,1,2,20,False,False
931,93,1,3,14,False,False
931,93,1,4,6,True,True
932,93,1,1,86,False,False
932,93,1,2,104,True,False
933,93,1,1,132,False,True
933,93,2,1,126,False,True
933,93,3,1,126,False,True
933,93,4,1,126,False,True
933,93,5,1,126,False,True
933,93,6,1,107,False,True
933,93,7,1,100,False,True
933,93,8,1,100,False,True
933,93,9,1,90,True,True
934,93,1,1,71,False,False
934,93,1,2,64,False,False
934,93,1,3,44,True,False
935,93,1,1,1,False,True
935,93,2,1,1,False,True
935,93,3,1,1,True,True
936,93,1,1,68,True,True
937,93,1,1,30,True,True
938,93,1,1,50,False,False
938,93,1,2,51,False,False
938,93,1,3,60,True,True
939,93,1,1,45,False,False
939,93,1,2,42,False,True
939,93,2,1,45,False,False
939,93,2,2,67,True,True
940,94,1,1,145,False,True
940,94,2,1,145,False,True
940,94,3,1,145,False,True
940,94,4,1,145,True,True
941,94,1,1,94,True,True
942,94,1,1,125,True,False
943,94,1,1,100,False,False
943,94,1,2,96,False,True
943,94,2,1,96,False,True
943,94,3,1,96,True,True
944,94,1,1,71,False,True
944,94,2,1,71,True,True
945,94,1,1,94,False,True
945,94,2,1,93,False,True
945,94,3,1,94,True,True
946,94,1,1,35,False,True
946,94,2,1,43,False,True
946,94,3,1,43,True,True
947,94,1,1,47,True,True
948,94,1,1,114,False,True
948,94,2,1,114,False,True
948,94,3,1,114,False,True
948,94,4,1,113,False,False
948,94,4,2,125,False,True
948,94,5,1,125,True,True
949,94,1,1,117,True,True
950,95,1,1,71,True,True
951,95,1,1,59,False,True
951,95,2,1,66,False,True
951,95,3,1,66,False,True
951,95,4,1,60,True,False
952,95,1,1,70,True,True
953,95,1,1,87,False,True
953,95,2,1,87,False,True
953,95,3,1,88,False,True
953,95,4,1,84,False,False
953,95,4,2,81,True,False
954,95,1,1,122,False,False
954,95,1,2,121,True,True
955,95,1,1,2,True,True
956,95,1,1,134,True,True
957,95,1,1,154,True,True
958,95,1,1,16,True,True
959,95,1,1,152,True,True
960,96,1,1,119,True,True
961,96,1,1,117,False,True
961,96,2,1,126,False,True
961,96,3,1,117,True,True
962,96,1,1,119,False,True
962,96,2,1,143,False,True
962,96,3,1,143,False,True
962,96,4,1,143,True,True
963,96,1,1,78,True,False
964,96,1,1,75,False,True
964,96,2,1,68,False,False
964,96,2,2,69,True,False
965,96,1,1,32,True,True
966,96,1,1,119,False,True
966,96,2,1,119,True,True
967,96,1,1,20,True,True
968,96,1,1,14,False,True
968,96,2,1,14,False,True
968,96,3,1,20,True,True
969,96,1,1,91,False,True
969,96,2,1,91,False,True
969,96,3,1,106,False,False
969,96,3,2,123,True,False
970,97,1,1,100,False,True
970,97,2,1,100,False,True
970,97,3,1,96,False,False
970,97,3,2,89,True,True
971,97,1,1,57,False,False
971,97,1,2,39,True,True
972,97,1,1,104,True,False
973,97,1,1,143,False,True
973,97,2,1,139,False,True
973,97,3,1,139,False,True
973,97,4,1,152,False,True
973,97,5,1,128,True,True
974,97,1,1,143,True,True
975,97,1,1,122,False,False
975,97,1,2,111,False,False
975,97,1,3,104,True,True
976,97,1,1,86,False,False
976,97,1,2,73,True,True
977,97,1,1,78,False,True
977,97,2,1,78,True,True
978,97,1,1,48,True,True
979,97,1,1,47,True,True
980,98,1,1,27,False,True
980,98,2,1,27,True,True
981,98,1,1,75,False,True
981,98,2,1,79,False,False
981,98,2,2,83,True,False
982,98,1,1,114,False,True
982,98,2,1,114,False,True
982,98,3,1,113,False,False
982,98,3,2,112,False,True
982,98,4,1,113,False,True
982,98,5,1,113,True,True
983,98,1,1,97,False,True
983,98,2,1,103,True,True
984,98,1,1,104,False,False
984,98,1,2,111,False,False
984,98,1,3,135,False,True
984,98,2,1,111,True,True
985,98,1,1,82,False,True
985,98,2,1,79,True,False
986,98,1,1,61,False,False
986,98,1,2,53,True,False
987,98,1,1,79,False,True
987,98,2,1,79,False,True
987,98,3,1,79,False,True
987,98,4,1,91,False,True
987,98,5,1,83,False,True
987,98,6,1,83,False,True
987,98,7,1,79,False,True
987,98,8,1,82,True,True
988,98,1,1,87,False,True
988,98,2,1,87,True,True
989,98,1,1,100,False,True
989,98,2,1,107,True,True
990,99,1,1,25,False,True
990,99,2,1,25,False,True
990,99,3,1,14,True,True
991,99,1,1,78,False,True
991,99,2,1,78,True,True
992,99,1,1,126,False,False
992,99,1,2,138,True,True
993,99,1,1,31,False,True
993,99,2,1,20,True,True
994,99,1,1,118,True,True
995,99,1,1,45,False,True
995,99,2,1,45,True,True
996,99,1,1,76,False,False
996,99,1,2,90,True,False
997,99,1,1,3,False,True
997,99,2,1,2,False,True
997,99,3,1,3,False,True
997,99,4,1,2,True,True
998,99,1,1,15,True,True
999,99,1,1,104,False,False
999,99,1,2,111,False,False
999,99,1,3,122,True,False
1000,100,1,1,109,False,True
1000,100,2,1,109,False,True
1000,100,3,1,109,False,True
1000,100,4,1,86,True,True
1001,100,1,1,46,True,False
1002,100,1,1,50,False,True
1002,100,2,1,50,True,True
1003,100,1,1,27,True,True
1004,100,1,1,41,True,False
1005,100,1,1,127,True,True
1006,100,1,1,109,False,False
1006,100,1,2,102,False,False
1006,100,1,3,101,True,False
1007,100,1,1,72,True,True
1008,100,1,1,144,False,True
1008,100,2,1,136,True,True
1009,100,1,1,54,False,True
1009,100,2,1,54,True,True
1010,101,1,1,16,True,True
1011,101,1,1,105,True,True
1012,101,1,1,11,True,True
1013,101,1,1,74,True,True
1014,101,1,1,73,True,True
1015,101,1,1,98,False,True
1015,101,2,1,105,True,True
1016,101,1,1,70,True,False
1017,101,1,1,52,True,True
1018,101,1,1,2,True,True
1019,101,1,1,72,False,True
1019,101,2,1,72,True,True
1020,102,1,1,42,False,True
1020,102,2,1,42,True,True
1021,102,1,1,121,False,False
1021,102,1,2,128,False,True
1021,102,2,1,128,True,True
1022,102,1,1,30,False,True
1022,102,2,1,44,False,True
1022,102,3,1,44,True,True
1023,102,1,1,134,True,True
1024,102,1,1,44,True,True
1025,102,1,1,131,False,True
1025,102,2,1,131,False,True
1025,102,3,1,131,True,True
1026,102,1,1,34,True,True
1027,102,1,1,89,True,True
1028,102,1,1,79,False,False
1028,102,1,2,80,True,True
1029,102,1,1,86,False,True
1029,102,2,1,86,True,True
1030,103,1,1,66,True,True
1031,103,1,1,123,True,True
1032,103,1,1,57,False,True
1032,103,2,1,57,False,True
1032,103,3,1,57,False,True
1032,103,4,1,57,False,True
1032,103,5,1,57,True,True
1033,103,1,1,86,False,True
1033,103,2,1,104,True,False
1034,103,1,1,47,False,False
1034,103,1,2,48,False,True
1034,103,2,1,48,True,True
1035,103,1,1,154,True,True
1036,103,1,1,103,False,True
1036,103,2,1,103,True,True
1037,103,1,1,22,True,False
1038,103,1,1,86,False,True
1038,103,2,1,97,True,False
1039,103,1,1,65,True,True
1040,104,1,1,51,False,True
1040,104,2,1,52,True,False
1041,104,1,1,34,False,True
1041,104,2,1,47,True,True
1042,104,1,1,150,True,True
1043,104,1,1,154,True,True
1044,104,1,1,77,False,False
1044,104,1,2,65,True,True
1045,104,1,1,85,True,True
1046,104,1,1,151,False,True
1046,104,2,1,151,True,True
1047,104,1,1,62,False,False
1047,104,1,2,49,True,True
1048,104,1,1,32,True,False
1049,104,1,1,36,True,True
1050,105,1,1,15,False,True
1050,105,2,1,15,False,True
1050,105,3,1,33,False,True
1050,105,4,1,33,True,True
1051,105,1,1,105,True,True
1052,105,1,1,134,False,True
1052,105,2,1,134,False,True
1052,105,3,1,129,False,True
1052,105,4,1,133,False,True
1052,105,5,1,133,True,True
1053,105,1,1,77,True,True
1054,105,1,1,135,False,True
1054,105,2,1,135,False,True
1054,105,3,1,135,False,True
1054,105,4,1,135,True,True
1055,105,1,1,14,True,True
1056,105,1,1,72,True,True
1057,105,1,1,35,False,True
1057,105,2,1,28,True,True
1058,105,1,1,80,True,False
1059,105,1,1,81,True,False
1060,106,1,1,58,True,True
1061,106,1,1,108,False,True
1061,106,2,1,108,False,True
1061,106,3,1,108,False,True
1061,106,4,1,127,True,True
1062,106,1,1,0,True,True
1063,106,1,1,35,True,False
1064,106,1,1,66,True,True
1065,106,1,1,57,False,True
1065,106,2,1,64,True,True
1066,106,1,1,58,True,True
1067,106,1,1,44,True,True
1068,106,1,1,138,True,True
1069,106,1,1,56,True,True
1070,107,1,1,69,False,True
1070,107,2,1,69,False,True
1070,107,3,1,68,True,True
1071,107,1,1,106,False,False
1071,107,1,2,112,True,True
1072,107,1,1,120,True,True
1073,107,1,1,92,True,False
1074,107,1,1,26,True,False
1075,107,1,1,109,False,True
1075,107,2,1,109,False,True
1075,107,3,1,109,True,True
1076,107,1,1,139,True,True
1077,107,1,1,99,True,True
1078,107,1,1,50,True,True
1079,107,1,1,67,True,False
1080,108,1,1,39,True,True
1081,108,1,1,27,False,False
1081,108,1,2,15,False,False
1081,108,1,3,5,True,True
1082,108,1,1,59,False,True
1082,108,2,1,59,True,True
1083,108,1,1,100,False,False
1083,108,1,2,99,True,True
1084,108,1,1,139,False,True
1084,108,2,1,139,True,True
1085,108,1,1,43,False,True
1085,108,2,1,43,True,True
1086,108,1,1,103,False,False
1086,108,1,2,102,True,False
1087,108,1,1,99,False,True
1087,108,2,1,99,True,True
1088,108,1,1,132,True,True
1089,108,1,1,70,False,True
1089,108,2,1,70,False,True
1089,108,3,1,70,True,True
1090,109,1,1,61,True,False
1091,109,1,1,53,False,True
1091,109,2,1,53,False,True
1091,109,3,1,53,False,True
1091,109,4,1,53,True,True
1092,109,1,1,8,True,True
1093,109,1,1,69,False,False
1093,109,1,2,81,True,False
1094,109,1,1,138,False,True
1094,109,2,1,107,False,True
1094,109,3,1,126,False,True
1094,109,4,1,126,False,True
1094,109,5,1,96,False,True
1094,109,6,1,96,False,True
1094,109,7,1,116,True,True
1095,109,1,1,9,True,True
1096,109,1,1,124,True,True
1097,109,1,1,65,False,False
1097,109,1,2,57,False,True
1097,109,2,1,65,False,True
1097,109,3,1,74,True,False
1098,109,1,1,61,False,True
1098,109,2,1,61,True,True
1099,109,1,1,136,True,True
1100,110,1,1,71,False,True
1100,110,2,1,71,False,True
1100,110,3,1,71,False,True
1100,110,4,1,64,False,False
1100,110,4,2,57,False,True
1100,110,5,1,63,True,True
1101,110,1,1,34,True,True
1102,110,1,1,144,False,False
1102,110,1,2,149,False,True
1102,110,2,1,144,True,True
1103,110,1,1,67,False,True
1103,110,2,1,67,True,True
1104,110,1,1,149,True,True
1105,110,1,1,109,False,False
1105,110,1,2,102,True,True
1106,110,1,1,146,True,False
1107,110,1,1,37,False,False
1107,110,1,2,23,False,True
1107,110,2,1,24,True,False
1108,110,1,1,46,False,True
1108,110,2,1,46,True,True
1109,110,1,1,13,True,True
1110,111,1,1,15,True,True
1111,111,1,1,15,True,True
1112,111,1,1,112,True,True
1113,111,1,1,70,False,False
1113,111,1,2,62,False,True
1113,111,2,1,62,True,True
1114,111,1,1,15,True,True
1115,111,1,1,121,True,True
1116,111,1,1,57,True,True
1117,111,1,1,120,False,True
1117,111,2,1,128,True,True
1118,111,1,1,35,False,True
1118,111,2,1,35,False,True
1118,111,3,1,35,False,True
1118,111,4,1,22,True,True
1119,111,1,1,154,True,True
1120,112,1,1,50,False,True
1120,112,2,1,50,False,True
1120,112,3,1,50,True,True
1121,112,1,1,52,True,True
1122,112,1,1,4,True,True
1123,112,1,1,72,False,True
1123,112,2,1,77,True,True
1124,112,1,1,76,True,True
1125,112,1,1,101,True,True
1126,112,1,1,32,False,True
1126,112,2,1,41,True,True
1127,112,1,1,134,True,True
1128,112,1,1,2,True,True
1129,112,1,1,104,True,False
1130,113,1,1,69,True,False
1131,113,1,1,61,True,False
1132,113,1,1,100,False,True
1132,113,2,1,100,False,True
1132,113,3,1,100,False,True
1132,113,4,1,107,False,True
1132,113,5,1,107,False,True
1132,113,6,1,116,True,True
1133,113,1,1,43,False,True
1133,113,2,1,43,True,True
1134,113,1,1,66,False,True
1134,113,2,1,66,False,True
1134,113,3,1,75,True,True
1135,113,1,1,38,True,True
1136,113,1,1,72,False,True
1136,113,2,1,77,True,True
1137,113,1,1,108,False,True
1137,113,2,1,108,True,True
1138,113,1,1,123,True,True
1139,113,1,1,86,True,True
1140,114,1,1,152,True,True
1141,114,1,1,69,True,True
1142,114,1,1,51,False,True
1142,114,2,1,51,True,True
1143,114,1,1,74,True,True
1144,114,1,1,6,False,True
1144,114,2,1,1,False,True
1144,114,3,1,1,False,True
1144,114,4,1,1,False,True
1144,114,5,1,1,False,True
1144,114,6,1,1,False,True
1144,114,7,1,1,True,True
1145,114,1,1,72,False,False
1145,114,1,2,73,True,True
1146,114,1,1,53,False,True
1146,114,2,1,53,False,True
1146,114,3,1,53,False,True
1146,114,4,1,53,False,True
1146,114,5,1,53,False,True
1146,114,6,1,53,True,True
1147,114,1,1,4,True,True
1148,114,1,1,48,True,True
1149,114,1,1,32,True,True
1150,115,1,1,25,False,True
1150,115,2,1,30,False,True
1150,115,3,1,14,True,True
1151,115,1,1,143,True,True
1152,115,1,1,42,False,True
1152,115,2,1,42,False,True
1152,115,3,1,34,True,False
1153,115,1,1,39,True,True
1154,115,1,1,29,False,True
1154,115,2,1,23,True,True
1155,115,1,1,39,False,False
1155,115,1,2,40,False,True
1155,115,2,1,39,False,True
1155,115,3,1,40,True,False
1156,115,1,1,59,False,False
1156,115,1,2,66,True,False
1157,115,1,1,67,True,False
1158,115,1,1,67,False,True
1158,115,2,1,61,True,True
1159,115,1,1,45,True,True
1160,116,1,1,16,True,True
1161,116,1,1,20,False,True
1161,116,2,1,20,False,True
1161,116,3,1,20,False,True
1161,116,4,1,20,True,True
1162,116,1,1,103,False,True
1162,116,2,1,121,True,True
1163,116,1,1,127,False,True
1163,116,2,1,97,True,True
1164,116,1,1,73,False,False
1164,116,1,2,41,True,False
1165,116,1,1,48,False,True
1165,116,2,1,48,False,True
1165,116,3,1,48,True,True
1166,116,1,1,92,True,True
1167,116,1,1,87,True,False
1168,116,1,1,85,True,True
1169,116,1,1,94,False,True
1169,116,2,1,94,True,True
1170,117,1,1,89,True,True
1171,117,1,1,98,False,True
1171,117,2,1,98,False,True
1171,117,3,1,98,False,True
1171,117,4,1,98,True,True
1172,117,1,1,38,False,True
1172,117,2,1,38,True,True
1173,117,1,1,27,True,True
1174,117,1,1,97,False,True
1174,117,2,1,97,False,True
1174,117,3,1,110,False,True
1174,117,4,1,97,True,True
1175,117,1,1,98,False,False
1175,117,1,2,82,True,False
1176,117,1,1,82,True,True
1177,117,1,1,148,False,True
1177,117,2,1,154,False,True
1177,117,3,1,148,False,True
1177,117,4,1,154,False,True
1177,117,5,1,154,True,True
1178,117,1,1,96,False,True
1178,117,2,1,89,False,True
1178,117,3,1,96,False,True
1178,117,4,1,96,False,True
1178,117,5,1,96,False,True
1178,117,6,1,96,False,True
1178,117,7,1,96,False,True
1178,117,8,1,90,True,True
1179,117,1,1,104,False,False
1179,117,1,2,105,True,True
1180,118,1,1,118,True,True
1181,118,1,1,122,False,True
1181,118,2,1,122,False,True
1181,118,3,1,122,False,True
1181,118,4,1,129,True,False
1182,118,1,1,15,False,False
1182,118,1,2,7,False,True
1182,118,2,1,15,False,True
1182,118,3,1,7,False,True
1182,118,4,1,15,True,True
1183,118,1,1,41,True,True
1184,118,1,1,151,True,True
1185,118,1,1,82,True,False
1186,118,1,1,147,True,True
1187,118,1,1,72,True,True
1188,118,1,1,11,True,True
1189,118,1,1,73,False,True
1189,118,2,1,72,False,True
1189,118,3,1,72,True,True
1190,119,1,1,43,True,False
1191,119,1,1,77,True,True
1192,119,1,1,25,True,True
1193,119,1,1,44,True,True
1194,119,1,1,18,False,True
1194,119,2,1,12,True,True
1195,119,1,1,66,False,True
1195,119,2,1,73,True,True
1196,119,1,1,23,True,True
1197,119,1,1,69,True,True
1198,119,1,1,119,False,True
1198,119,2,1,119,True,True
1199,119,1,1,94,False,True
1199,119,2,1,94,False,True
1199,119,3,1,94,False,True
1199,119,4,1,88,True,True
1200,120,1,1,44,True,True
1201,120,1,1,39,True,False
1202,120,1,1,63,True,True
1203,120,1,1,50,True,False
1204,120,1,1,101,False,True
1204,120,2,1,117,True,False
1205,120,1,1,29,True,False
1206,120,1,1,7,False,True
1206,120,2,1,7,True,True
1207,120,1,1,115,True,True
1208,120,1,1,103,False,True
1208,120,2,1,103,False,True
1208,120,3,1,97,False,False
1208,120,3,2,86,True,True
1209,120,1,1,60,True,True
1210,121,1,1,144,True,True
1211,121,1,1,76,True,True
1212,121,1,1,145,False,True
1212,121,2,1,153,True,True
1213,121,1,1,150,False,True
1213,121,2,1,153,True,True
1214,121,1,1,55,True,True
1215,121,1,1,134,True,True
1216,121,1,1,98,False,True
1216,121,2,1,86,True,True
1217,121,1,1,139,False,True
1217,121,2,1,129,False,False
1217,121,2,2,122,True,True
1218,121,1,1,139,False,True
1218,121,2,1,133,True,True
1219,121,1,1,39,True,False
1220,122,1,1,140,False,True
1220,122,2,1,149,False,True
1220,122,3,1,149,False,True
1220,122,4,1,140,True,False
1221,122,1,1,137,True,False
1222,122,1,1,154,True,True
1223,122,1,1,80,True,True
1224,122,1,1,66,False,False
1224,122,1,2,40,True,True
1225,122,1,1,67,True,False
1226,122,1,1,79,False,False
1226,122,1,2,91,True,True
1227,122,1,1,105,True,False
1228,122,1,1,76,True,True
1229,122,1,1,87,False,False
1229,122,1,2,88,False,True
1229,122,2,1,88,True,True
1230,123,1,1,61,True,True
1231,123,1,1,140,True,True
1232,123,1,1,138,False,True
1232,123,2,1,150,False,True
1232,123,3,1,150,True,True
1233,123,1,1,125,False,True
1233,123,2,1,93,False,False
1233,123,2,2,88,False,False
1233,123,2,3,87,False,True
1233,123,3,1,83,False,True
1233,123,4,1,80,True,True
1234,123,1,1,74,True,False
1235,123,1,1,3,False,True
1235,123,2,1,3,True,True
1236,123,1,1,33,False,False
1236,123,1,2,42,False,False
1236,123,1,3,45,False,True
1236,123,2,1,42,False,False
1236,123,2,2,15,False,True
1236,123,3,1,34,False,True
1236,123,4,1,15,False,True
1236,123,5,1,34,True,True
1237,123,1,1,57,False,False
1237,123,1,2,64,True,True
1238,123,1,1,142,False,True
1238,123,2,1,145,False,True
1238,123,3,1,142,False,True
1238,123,4,1,145,True,True
1239,123,1,1,62,False,True
1239,123,2,1,66,False,True
1239,123,3,1,59,False,True
1239,123,4,1,72,True,False
1240,124,1,1,72,True,True
1241,124,1,1,86,False,False
1241,124,1,2,120,False,True
1241,124,2,1,120,True,True
1242,124,1,1,46,False,True
1242,124,2,1,55,False,False
1242,124,2,2,61,True,True
1243,124,1,1,56,True,True
1244,124,1,1,78,True,True
1245,124,1,1,145,True,True
1246,124,1,1,108,True,False
1247,124,1,1,57,True,True
1248,124,1,1,77,True,True
1249,124,1,1,147,False,True
1249,124,2,1,147,True,True
1250,125,1,1,107,True,True
1251,125,1,1,120,False,True
1251,125,2,1,120,True,True
1252,125,1,1,146,False,True
1252,125,2,1,146,True,True
1253,125,1,1,71,False,True
1253,125,2,1,70,True,True
1254,125,1,1,122,False,True
1254,125,2,1,122,False,True
1254,125,3,1,121,False,True
1254,125,4,1,111,False,True
1254,125,5,1,111,False,True
1254,125,6,1,111,False,True
1254,125,7,1,122,False,False
1254,125,7,2,129,False,True
1254,125,8,1,122,False,True
1254,125,9,1,122,False,True
1254,125,10,1,123,True,True
1255,125,1,1,51,True,True
1256,125,1,1,90,False,True
1256,125,2,1,90,True,True
1257,125,1,1,118,True,False
1258,125,1,1,131,True,True
1259,125,1,1,67,True,True
1260,126,1,1,39,True,True
1261,126,1,1,30,False,True
1261,126,2,1,44,True,True
1262,126,1,1,81,True,True
1263,126,1,1,121,True,False
1264,126,1,1,96,False,True
1264,126,2,1,89,False,True
1264,126,3,1,89,False,True
1264,126,4,1,89,False,True
1264,126,5,1,89,True,True
1265,126,1,1,16,True,True
1266,126,1,1,17,False,True
1266,126,2,1,17,False,True
1266,126,3,1,17,True,True
1267,126,1,1,32,True,True
1268,126,1,1,45,False,True
1268,126,2,1,51,True,False
1269,126,1,1,103,True,False
1270,127,1,1,14,False,True
1270,127,2,1,14,False,True
1270,127,3,1,13,False,False
1270,127,3,2,10,True,False
1271,127,1,1,56,False,False
1271,127,1,2,70,True,True
1272,127,1,1,89,True,False
1273,127,1,1,16,True,False
1274,127,1,1,66,True,True
1275,127,1,1,111,True,False
1276,127,1,1,56,True,True
1277,127,1,1,96,True,True
1278,127,1,1,120,True,False
1279,127,1,1,69,True,True
1280,128,1,1,74,True,False
1281,128,1,1,13,False,False
1281,128,1,2,10,True,False
1282,128,1,1,138,True,True
1283,128,1,1,146,True,True
1284,128,1,1,55,True,False
1285,128,1,1,152,True,True
1286,128,1,1,26,True,True
1287,128,1,1,78,True,False
1288,128,1,1,53,True,False
1289,128,1,1,77,True,True
1290,129,1,1,73,False,True
1290,129,2,1,73,True,True
1291,129,1,1,90,False,False
1291,129,1,2,96,False,False
1291,129,1,3,116,False,True
1291,129,2,1,116,False,True
1291,129,3,1,116,False,True
1291,129,4,1,116,True,True
1292,129,1,1,114,False,True
1292,129,2,1,114,False,True
1292,129,3,1,114,True,True
1293,129,1,1,6,True,True
1294,129,1,1,33,True,True
1295,129,1,1,134,True,False
1296,129,1,1,127,False,True
1296,129,2,1,109,False,True
1296,129,3,1,109,False,True
1296,129,4,1,109,False,True
1296,129,5,1,127,True,True
1297,129,1,1,37,False,True
1297,129,2,1,23,False,True
1297,129,3,1,23,True,True
1298,129,1,1,43,True,True
1299,129,1,1,109,False,False
1299,129,1,2,108,False,True
1299,129,2,1,109,False,False
1299,129,2,2,110,True,True
1300,130,1,1,86,False,True
1300,130,2,1,139,False,True
1300,130,3,1,128,True,False
1301,130,1,1,127,False,True
1301,130,2,1,127,False,True
1301,130,3,1,127,False,True
1301,130,4,1,86,False,True
1301,130,5,1,86,True,True
1302,130,1,1,100,True,False
1303,130,1,1,130,False,True
1303,130,2,1,130,False,True
1303,130,3,1,81,False,False
1303,130,3,2,61,False,True
1303,130,4,1,81,True,False
1304,130,1,1,113,False,True
1304,130,2,1,113,True,True
1305,130,1,1,53,False,False
1305,130,1,2,43,False,False
1305,130,1,3,34,False,True
1305,130,2,1,47,False,True
1305,130,3,1,81,True,False
1306,130,1,1,125,True,True
1307,130,1,1,48,False,True
1307,130,2,1,60,True,True
1308,130,1,1,107,False,True
1308,130,2,1,145,True,False
1309,130,1,1,26,True,True
1310,131,1,1,41,True,True
1311,131,1,1,91,False,True
1311,131,2,1,61,True,True
1312,131,1,1,143,False,True
1312,131,2,1,151,True,True
1313,131,1,1,31,True,True
1314,131,1,1,59,True,True
1315,131,1,1,77,True,False
1316,131,1,1,3,False,True
1316,131,2,1,7,True,True
1317,131,1,1,97,False,False
1317,131,1,2,103,True,False
1318,131,1,1,154,False,True
1318,131,2,1,147,True,False
1319,131,1,1,116,False,False
1319,131,1,2,115,True,True
1320,132,1,1,149,False,True
1320,132,2,1,140,False,False
1320,132,2,2,141,False,True
1320,132,3,1,141,True,True
1321,132,1,1,103,False,True
1321,132,2,1,103,False,True
1321,132,3,1,103,False,True
1321,132,4,1,86,True,True
1322,132,1,1,67,True,True
1323,132,1,1,73,True,False
1324,132,1,1,117,False,False
1324,132,1,2,132,True,False
1325,132,1,1,144,True,True
1326,132,1,1,118,True,False
1327,132,1,1,151,True,True
1328,132,1,1,44,True,False
1329,132,1,1,144,True,True
1330,133,1,1,89,True,True
1331,133,1,1,116,False,True
1331,133,2,1,116,False,True
1331,133,3,1,126,False,True
1331,133,4,1,116,True,True
1332,133,1,1,65,True,True
1333,133,1,1,68,False,True
1333,133,2,1,68,True,True
1334,133,1,1,115,True,True
1335,133,1,1,95,True,True
1336,133,1,1,68,True,False
1337,133,1,1,71,False,True
1337,133,2,1,71,False,True
1337,133,3,1,71,False,True
1337,133,4,1,71,False,True
1337,133,5,1,71,True,True
1338,133,1,1,139,True,False
1339,133,1,1,50,False,True
1339,133,2,1,50,True,True
1340,134,1,1,115,False,True
1340,134,2,1,107,False,True
1340,134,3,1,107,False,True
1340,134,4,1,117,False,True
1340,134,5,1,107,False,True
1340,134,6,1,99,True,True
1341,134,1,1,101,False,True
1341,134,2,1,76,False,True
1341,134,3,1,76,False,True
1341,134,4,1,76,False,True
1341,134,5,1,76,True,True
1342,134,1,1,40,False,False
1342,134,1,2,32,False,True
1342,134,2,1,32,False,True
1342,134,3,1,32,True,True
1343,134,1,1,134,True,False
1344,134,1,1,41,False,True
1344,134,2,1,39,False,True
1344,134,3,1,39,False,True
1344,134,4,1,39,True,True
1345,134,1,1,102,False,False
1345,134,1,2,108,True,True
1346,134,1,1,143,False,True
1346,134,2,1,146,False,True
1346,134,3,1,146,True,True
1347,134,1,1,76,True,True
1348,134,1,1,3,False,True
1348,134,2,1,3,True,True
1349,134,1,1,49,False,True
1349,134,2,1,54,True,True
1350,135,1,1,39,True,True
1351,135,1,1,32,True,True
1352,135,1,1,32,False,True
1352,135,2,1,32,True,True
1353,135,1,1,59,True,True
1354,135,1,1,50,True,True
1355,135,1,1,111,True,True
1356,135,1,1,111,False,True
1356,135,2,1,111,False,True
1356,135,3,1,111,True,True
1357,135,1,1,73,True,True
1358,135,1,1,120,False,True
1358,135,2,1,143,False,True
1358,135,3,1,143,True,True
1359,135,1,1,109,False,False
1359,135,1,2,102,False,True
1359,135,2,1,102,True,True
1360,136,1,1,69,True,True
1361,136,1,1,147,True,False
1362,136,1,1,44,True,True
1363,136,1,1,80,True,True
1364,136,1,1,41,False,True
1364,136,2,1,33,True,True
1365,136,1,1,37,False,True
1365,136,2,1,49,False,True
1365,136,3,1,49,False,True
1365,136,4,1,54,True,True
1366,136,1,1,29,True,True
1367,136,1,1,62,True,True
1368,136,1,1,42,False,True
1368,136,2,1,42,False,True
1368,136,3,1,41,False,True
1368,136,4,1,59,True,True
1369,136,1,1,75,True,True
1370,137,1,1,29,True,True
1371,137,1,1,139,False,True
1371,137,2,1,139,True,True
1372,137,1,1,131,True,True
1373,137,1,1,46,True,True
1374,137,1,1,57,False,False
1374,137,1,2,64,False,True
1374,137,2,1,64,False,True
1374,137,3,1,64,False,True
1374,137,4,1,64,True,True
1375,137,1,1,28,False,False
1375,137,1,2,22,True,True
1376,137,1,1,132,True,True
1377,137,1,1,80,True,True
1378,137,1,1,133,False,True
1378,137,2,1,120,True,True
1379,137,1,1,109,True,False
1380,138,1,1,121,True,True
1381,138,1,1,97,False,True
1381,138,2,1,97,False,True
1381,138,3,1,97,False,True
1381,138,4,1,97,False,True
1381,138,5,1,97,True,True
1382,138,1,1,59,False,True
1382,138,2,1,59,True,True
1383,138,1,1,45,True,True
1384,138,1,1,104,True,False
1385,138,1,1,150,False,True
1385,138,2,1,153,False,True
1385,138,3,1,142,False,True
1385,138,4,1,150,False,True
1385,138,5,1,150,False,True
1385,138,6,1,150,True,True
1386,138,1,1,77,True,True
1387,138,1,1,33,True,True
1388,138,1,1,15,True,True
1389,138,1,1,6,False,True
1389,138,2,1,1,False,True
1389,138,3,1,6,True,True
1390,139,1,1,141,False,True
1390,139,2,1,141,False,True
1390,139,3,1,137,False,True
1390,139,4,1,137,True,True
1391,139,1,1,14,False,True
1391,139,2,1,14,True,True
1392,139,1,1,1,False,True
1392,139,2,1,1,False,True
1392,139,3,1,1,True,True
1393,139,1,1,121,True,True
1394,139,1,1,59,True,True
1395,139,1,1,143,False,True
1395,139,2,1,127,False,True
1395,139,3,1,127,False,True
1395,139,4,1,143,True,False
1396,139,1,1,136,True,True
1397,139,1,1,95,False,True
1397,139,2,1,88,False,True
1397,139,3,1,84,False,True
1397,139,4,1,88,False,True
1397,139,5,1,88,True,True
1398,139,1,1,48,True,True
1399,139,1,1,85,True,True
1400,140,1,1,143,True,True
1401,140,1,1,27,True,True
1402,140,1,1,56,False,True
1402,140,2,1,49,False,True
1402,140,3,1,49,False,True
1402,140,4,1,49,False,True
1402,140,5,1,49,False,True
1402,140,6,1,38,True,True
1403,140,1,1,133,True,True
1404,140,1,1,45,False,True
1404,140,2,1,50,True,True
1405,140,1,1,110,False,False
1405,140,1,2,109,False,True
1405,140,2,1,109,False,True
1405,140,3,1,109,True,True
1406,140,1,1,134,False,True
1406,140,2,1,134,False,True
1406,140,3,1,133,False,False
1406,140,3,2,105,True,False
1407,140,1,1,36,False,True
1407,140,2,1,18,False,True
1407,140,3,1,22,False,True
1407,140,4,1,22,False,True
1407,140,5,1,22,True,True
1408,140,1,1,77,False,True
1408,140,2,1,78,True,False
1409,140,1,1,40,True,True
1410,141,1,1,152,True,True
1411,141,1,1,44,True,True
1412,141,1,1,70,True,True
1413,141,1,1,16,False,True
1413,141,2,1,16,True,True
1414,141,1,1,84,False,True
1414,141,2,1,84,False,True
1414,141,3,1,81,True,False
1415,141,1,1,145,True,True
1416,141,1,1,146,True,False
1417,141,1,1,1,False,True
1417,141,2,1,1,False,True
1417,141,3,1,1,False,True
1417,141,4,1,1,True,True
1418,141,1,1,66,False,True
1418,141,2,1,66,False,True
1418,141,3,1,73,False,True
1418,141,4,1,73,False,True
1418,141,5,1,73,True,True
1419,141,1,1,68,True,False
1420,142,1,1,114,False,False
1420,142,1,2,130,True,True
1421,142,1,1,44,True,True
1422,142,1,1,133,True,True
1423,142,1,1,40,True,True
1424,142,1,1,60,False,True
1424,142,2,1,61,True,True
1425,142,1,1,10,True,True
1426,142,1,1,66,False,False
1426,142,1,2,78,False,True
1426,142,2,1,78,True,True
1427,142,1,1,73,True,True
1428,142,1,1,145,False,True
1428,142,2,1,138,True,True
1429,142,1,1,135,False,True
1429,142,2,1,135,False,True
1429,142,3,1,123,True,True
1430,143,1,1,152,False,True
1430,143,2,1,152,True,True
1431,143,1,1,96,False,False
1431,143,1,2,89,True,True
1432,143,1,1,75,True,True
1433,143,1,1,126,False,True
1433,143,2,1,126,False,True
1433,143,3,1,126,True,True
1434,143,1,1,76,True,False
1435,143,1,1,25,False,True
1435,143,2,1,26,True,False
1436,143,1,1,44,True,True
1437,143,1,1,121,False,True
1437,143,2,1,147,True,True
1438,143,1,1,59,True,True
1439,143,1,1,24,False,True
1439,143,2,1,13,True,True
1440,144,1,1,140,True,True
1441,144,1,1,102,False,True
1441,144,2,1,102,True,True
1442,144,1,1,97,False,True
1442,144,2,1,86,True,True
1443,144,1,1,83,False,True
1443,144,2,1,87,True,False
1444,144,1,1,56,False,True
1444,144,2,1,49,False,False
1444,144,2,2,23,True,True
1445,144,1,1,119,False,True
1445,144,2,1,119,False,True
1445,144,3,1,103,True,True
1446,144,1,1,52,True,True
1447,144,1,1,34,True,True
1448,144,1,1,118,False,True
1448,144,2,1,108,False,True
1448,144,3,1,108,True,True
1449,144,1,1,1,False,True
1449,144,2,1,2,True,True
1450,145,1,1,146,True,True
1451,145,1,1,33,False,True
1451,145,2,1,33,False,True
1451,145,3,1,32,False,True
1451,145,4,1,33,False,False
1451,145,4,2,27,False,True
1451,145,5,1,27,True,True
1452,145,1,1,14,True,True
1453,145,1,1,0,True,True
1454,145,1,1,154,False,True
1454,145,2,1,148,True,True
1455,145,1,1,77,True,True
1456,145,1,1,69,True,True
1457,145,1,1,69,True,True
1458,145,1,1,68,True,False
1459,145,1,1,89,False,True
1459,145,2,1,90,True,False
1460,146,1,1,38,False,False
1460,146,1,2,24,False,True
1460,146,2,1,24,True,True
1461,146,1,1,13,False,False
1461,146,1,2,10,True,False
1462,146,1,1,111,False,True
1462,146,2,1,122,True,False
1463,146,1,1,86,False,True
1463,146,2,1,86,False,True
1463,146,3,1,97,False,True
1463,146,4,1,97,True,True
1464,146,1,1,77,True,True
1465,146,1,1,66,False,False
1465,146,1,2,67,True,True
1466,146,1,1,38,True,True
1467,146,1,1,11,True,False
1468,146,1,1,6,False,True
1468,146,2,1,10,True,True
1469,146,1,1,72,False,True
1469,146,2,1,58,True,True
1470,147,1,1,59,True,True
1471,147,1,1,100,False,True
1471,147,2,1,132,True,True
1472,147,1,1,109,True,False
1473,147,1,1,33,False,True
1473,147,2,1,33,False,True
1473,147,3,1,33,False,True
1473,147,4,1,34,True,False
1474,147,1,1,45,False,True
1474,147,2,1,45,True,True
1475,147,1,1,76,True,True
1476,147,1,1,59,False,True
1476,147,2,1,33,False,True
1476,147,3,1,59,True,True
1477,147,1,1,39,True,False
1478,147,1,1,126,True,False
1479,147,1,1,143,False,True
1479,147,2,1,119,True,True
1480,148,1,1,110,False,False
1480,148,1,2,103,True,False
1481,148,1,1,28,True,False
1482,148,1,1,59,False,True
1482,148,2,1,59,False,True
1482,148,3,1,59,True,True
1483,148,1,1,86,False,False
1483,148,1,2,97,False,True
1483,148,2,1,85,True,True
1484,148,1,1,113,False,True
1484,148,2,1,114,False,False
1484,148,2,2,130,True,True
1485,148,1,1,5,False,True
1485,148,2,1,5,True,True
1486,148,1,1,80,False,True
1486,148,2,1,80,True,True
1487,148,1,1,67,True,False
1488,148,1,1,115,True,True
1489,148,1,1,77,True,False
1490,149,1,1,109,True,False
1491,149,1,1,73,False,True
1491,149,2,1,73,True,True
1492,149,1,1,41,True,False
1493,149,1,1,152,False,True
1493,149,2,1,139,False,True
1493,149,3,1,146,False,True
1493,149,4,1,151,True,True
1494,149,1,1,74,False,True
1494,149,2,1,71,False,False
1494,149,2,2,64,False,False
1494,149,2,3,63,True,True
1495,149,1,1,80,False,False
1495,149,1,2,83,True,True
1496,149,1,1,105,True,True
1497,149,1,1,85,True,True
1498,149,1,1,55,False,True
1498,149,2,1,55,True,True
1499,149,1,1,2,False,True
1499,149,2,1,11,False,True
1499,149,3,1,2,True,True
1500,150,1,1,81,False,True
1500,150,2,1,84,False,True
1500,150,3,1,83,False,False
1500,150,3,2,87,True,False
1501,150,1,1,151,True,True
1502,150,1,1,8,True,True
1503,150,1,1,63,True,True
1504,150,1,1,70,True,True
1505,150,1,1,109,True,True
1506,150,1,1,8,False,True
1506,150,2,1,16,False,True
1506,150,3,1,8,True,True
1507,150,1,1,123,True,True
1508,150,1,1,58,True,True
1509,150,1,1,56,False,True
1509,150,2,1,56,False,True
1509,150,3,1,62,True,False
1510,151,1,1,80,False,True
1510,151,2,1,87,True,True
1511,151,1,1,141,False,True
1511,151,2,1,140,False,True
1511,151,3,1,149,True,True
1512,151,1,1,38,True,True
1513,151,1,1,126,True,True
1514,151,1,1,126,False,True
1514,151,2,1,100,False,True
1514,151,3,1,108,False,True
1514,151,4,1,108,False,True
1514,151,5,1,118,True,True
1515,151,1,1,7,False,True
1515,151,2,1,3,True,True
1516,151,1,1,61,True,True
1517,151,1,1,71,False,True
1517,151,2,1,74,True,True
1518,151,1,1,36,True,True
1519,151,1,1,52,True,False
1520,152,1,1,25,True,True
1521,152,1,1,8,False,True
1521,152,2,1,17,False,False
1521,152,2,2,21,False,False
1521,152,2,3,28,True,True
1522,152,1,1,104,True,True
1523,152,1,1,105,True,False
1524,152,1,1,83,False,True
1524,152,2,1,83,False,True
1524,152,3,1,78,False,True
1524,152,4,1,75,False,True
1524,152,5,1,68,True,True
1525,152,1,1,36,False,True
1525,152,2,1,35,False,True
1525,152,3,1,35,False,True
1525,152,4,1,22,False,True
1525,152,5,1,22,True,True
1526,152,1,1,87,True,False
1527,152,1,1,91,True,False
1528,152,1,1,4,False,True
1528,152,2,1,7,True,True
1529,152,1,1,87,True,True
1530,153,1,1,31,True,True
1531,153,1,1,72,True,False
1532,153,1,1,11,False,True
1532,153,2,1,11,False,True
1532,153,3,1,1,True,True
1533,153,1,1,22,False,True
1533,153,2,1,28,False,True
1533,153,3,1,22,True,False
1534,153,1,1,53,False,False
1534,153,1,2,61,True,False
1535,153,1,1,60,False,False
1535,153,1,2,51,False,False
1535,153,1,3,42,False,True
1535,153,2,1,46,True,True
1536,153,1,1,107,False,True
1536,153,2,1,107,True,True
1537,153,1,1,73,True,True
1538,153,1,1,104,True,False
1539,153,1,1,24,False,True
1539,153,2,1,24,False,True
1539,153,3,1,13,True,False
1540,154,1,1,79,False,False
1540,154,1,2,78,True,True
1541,154,1,1,82,True,False
1542,154,1,1,33,False,True
1542,154,2,1,33,True,True
1543,154,1,1,126,False,True
1543,154,2,1,126,False,True
1543,154,3,1,126,True,True
1544,154,1,1,118,True,False
1545,154,1,1,153,True,True
1546,154,1,1,57,False,True
1546,154,2,1,57,True,True
1547,154,1,1,16,True,True
1548,154,1,1,32,True,False
1549,154,1,1,114,True,True
1550,155,1,1,44,False,False
1550,155,1,2,38,False,True
1550,155,2,1,38,True,True
1551,155,1,1,106,False,True
1551,155,2,1,105,True,True
1552,155,1,1,30,True,True
1553,155,1,1,38,True,False
1554,155,1,1,9,False,True
1554,155,2,1,9,False,True
1554,155,3,1,9,True,True
1555,155,1,1,32,False,True
1555,155,2,1,32,False,True
1555,155,3,1,41,True,True
1556,155,1,1,66,False,True
1556,155,2,1,66,False,True
1556,155,3,1,66,False,True
1556,155,4,1,78,False,False
1556,155,4,2,82,True,True
1557,155,1,1,87,False,False
1557,155,1,2,92,True,False
1558,155,1,1,23,True,True
1559,155,1,1,59,False,False
1559,155,1,2,66,False,True
1559,155,2,1,73,False,True
1559,155,3,1,59,True,True
1560,156,1,1,8,True,True
1561,156,1,1,119,True,True
1562,156,1,1,94,False,True
1562,156,2,1,95,True,True
1563,156,1,1,11,False,True
1563,156,2,1,11,True,True
1564,156,1,1,56,True,True
1565,156,1,1,72,False,True
1565,156,2,1,77,False,True
1565,156,3,1,77,True,True
1566,156,1,1,70,False,False
1566,156,1,2,62,True,False
1567,156,1,1,63,True,False
1568,156,1,1,129,True,False
1569,156,1,1,45,True,False
1570,157,1,1,64,True,True
1571,157,1,1,11,True,True
1572,157,1,1,59,True,True
1573,157,1,1,64,True,True
1574,157,1,1,43,False,True
1574,157,2,1,28,True,True
1575,157,1,1,59,True,True
1576,157,1,1,123,True,True
1577,157,1,1,135,True,False
1578,157,1,1,66,True,False
1579,157,1,1,107,False,True
1579,157,2,1,107,False,True
1579,157,3,1,107,False,True
1579,157,4,1,107,True,True
1580,158,1,1,54,False,True
1580,158,2,1,56,False,False
1580,158,2,2,62,True,True
1581,158,1,1,107,False,True
1581,158,2,1,96,False,True
1581,158,3,1,107,False,True
1581,158,4,1,96,False,True
1581,158,5,1,99,False,True
1581,158,6,1,99,False,True
1581,158,7,1,107,True,True
1582,158,1,1,69,True,True
1583,158,1,1,98,False,True
1583,158,2,1,98,False,True
1583,158,3,1,104,False,True
1583,158,4,1,111,True,False
1584,158,1,1,3,False,True
1584,158,2,1,11,True,True
1585,158,1,1,83,False,True
1585,158,2,1,83,False,True
1585,158,3,1,84,True,True
1586,158,1,1,40,True,True
1587,158,1,1,112,True,True
1588,158,1,1,11,True,True
1589,158,1,1,34,True,False
1590,159,1,1,54,True,True
1591,159,1,1,145,False,False
1591,159,1,2,153,False,True
1591,159,2,1,119,True,True
1592,159,1,1,60,True,True
1593,159,1,1,4,False,True
1593,159,2,1,4,True,True
1594,159,1,1,22,True,True
1595,159,1,1,36,True,False
1596,159,1,1,33,True,True
1597,159,1,1,58,True,True
1598,159,1,1,59,False,False
1598,159,1,2,66,False,False
1598,159,1,3,67,False,False
1598,159,1,4,68,True,True
1599,159,1,1,61,False,False
1599,159,1,2,48,True,True
1600,160,1,1,113,True,True
1601,160,1,1,94,True,True
1602,160,1,1,95,True,True
1603,160,1,1,7,False,False
1603,160,1,2,3,True,True
1604,160,1,1,67,True,True
1605,160,1,1,90,False,False
1605,160,1,2,96,False,True
1605,160,2,1,96,False,True
1605,160,3,1,96,False,True
1605,160,4,1,100,False,True
1605,160,5,1,108,False,True
1605,160,6,1,108,False,True
1605,160,7,1,108,False,True
1605,160,8,1,108,False,True
1605,160,9,1,108,False,True
1605,160,10,1,117,True,True
1606,160,1,1,151,True,True
1607,160,1,1,77,False,True
1607,160,2,1,77,False,True
1607,160,3,1,77,False,True
1607,160,4,1,77,False,True
1607,160,5,1,77,True,True
1608,160,1,1,128,False,True
1608,160,2,1,128,False,True
1608,160,3,1,128,False,True
1608,160,4,1,128,False,True
1608,160,5,1,143,True,True
1609,160,1,1,147,False,True
1609,160,2,1,147,False,True
1609,160,3,1,147,True,True
1610,161,1,1,129,True,True
1611,161,1,1,60,True,True
1612,161,1,1,32,True,True
1613,161,1,1,85,True,True
1614,161,1,1,151,False,True
1614,161,2,1,102,False,True
1614,161,3,1,118,True,False
1615,161,1,1,59,True,True
1616,161,1,1,2,True,True
1617,161,1,1,8,True,True
1618,161,1,1,77,False,True
1618,161,2,1,72,True,False
1619,161,1,1,66,False,False
1619,161,1,2,60,False,True
1619,161,2,1,60,False,True
1619,161,3,1,60,False,True
1619,161,4,1,60,True,True
1620,162,1,1,41,True,False
1621,162,1,1,85,True,True
1622,162,1,1,16,False,True
1622,162,2,1,5,True,True
1623,162,1,1,14,False,True
1623,162,2,1,14,True,True
1624,162,1,1,6,False,True
1624,162,2,1,2,True,True
1625,162,1,1,56,False,True
1625,162,2,1,62,True,True
1626,162,1,1,7,False,False
1626,162,1,2,4,True,True
1627,162,1,1,64,False,True
1627,162,2,1,71,False,False
1627,162,2,2,74,True,True
1628,162,1,1,60,True,True
1629,162,1,1,76,True,True
1630,163,1,1,41,True,False
1631,163,1,1,47,False,True
1631,163,2,1,47,False,True
1631,163,3,1,47,True,True
1632,163,1,1,138,True,True
1633,163,1,1,59,True,True
1634,163,1,1,78,False,True
1634,163,2,1,67,True,True
1635,163,1,1,70,True,True
1636,163,1,1,107,False,True
1636,163,2,1,89,True,True
1637,163,1,1,114,False,True
1637,163,2,1,114,False,True
1637,163,3,1,114,True,True
1638,163,1,1,130,True,True
1639,163,1,1,3,True,True
1640,164,1,1,71,True,True
1641,164,1,1,66,True,True
1642,164,1,1,70,False,True
1642,164,2,1,70,True,True
1643,164,1,1,108,False,False
1643,164,1,2,151,False,True
1643,164,2,1,151,True,True
1644,164,1,1,127,False,False
1644,164,1,2,110,False,True
1644,164,2,1,110,True,True
1645,164,1,1,36,True,True
1646,164,1,1,94,True,True
1647,164,1,1,16,True,True
1648,164,1,1,144,False,False
1648,164,1,2,149,False,True
1648,164,2,1,149,False,True
1648,164,3,1,144,True,True
1649,164,1,1,94,True,True
1650,165,1,1,81,True,False
1651,165,1,1,74,True,True
1652,165,1,1,139,True,True
1653,165,1,1,72,False,True
1653,165,2,1,71,True,True
1654,165,1,1,60,False,True
1654,165,2,1,60,False,True
1654,165,3,1,60,True,True
1655,165,1,1,79,False,False
1655,165,1,2,87,False,False
1655,165,1,3,92,True,False
1656,165,1,1,124,True,False
1657,165,1,1,109,False,True
1657,165,2,1,85,True,True
1658,165,1,1,38,True,False
1659,165,1,1,37,True,True
1660,166,1,1,102,False,True
1660,166,2,1,101,True,False
1661,166,1,1,50,False,True
1661,166,2,1,50,False,True
1661,166,3,1,50,False,True
1661,166,4,1,67,False,False
1661,166,4,2,68,False,False
1661,166,4,3,75,False,True
1661,166,5,1,66,False,True
1661,166,6,1,66,False,True
1661,166,7,1,66,False,True
1661,166,8,1,58,True,True
1662,166,1,1,21,False,True
1662,166,2,1,21,False,True
1662,166,3,1,21,False,True
1662,166,4,1,17,True,True
1663,166,1,1,14,False,True
1663,166,2,1,13,False,True
1663,166,3,1,13,True,True
1664,166,1,1,87,False,True
1664,166,2,1,87,False,True
1664,166,3,1,87,False,True
1664,166,4,1,92,False,True
1664,166,5,1,92,True,True
1665,166,1,1,114,False,True
1665,166,2,1,114,True,True
1666,166,1,1,78,False,True
1666,166,2,1,78,True,True
1667,166,1,1,41,True,True
1668,166,1,1,55,False,False
1668,166,1,2,61,False,True
1668,166,2,1,46,False,True
1668,166,3,1,34,True,True
1669,166,1,1,48,True,True
1670,167,1,1,106,True,False
1671,167,1,1,116,False,True
1671,167,2,1,116,False,True
1671,167,3,1,138,True,True
1672,167,1,1,73,True,True
1673,167,1,1,8,True,True
1674,167,1,1,22,False,False
1674,167,1,2,36,True,True
1675,167,1,1,82,False,True
1675,167,2,1,91,False,True
1675,167,3,1,91,True,True
1676,167,1,1,67,False,False
1676,167,1,2,45,True,False
1677,167,1,1,106,False,True
1677,167,2,1,123,True,True
1678,167,1,1,31,False,True
1678,167,2,1,31,True,True
1679,167,1,1,143,False,True
1679,167,2,1,143,True,True
1680,168,1,1,137,True,True
1681,168,1,1,25,True,True
1682,168,1,1,146,True,True
1683,168,1,1,92,False,True
1683,168,2,1,87,False,False
1683,168,2,2,75,False,False
1683,168,2,3,67,True,True
1684,168,1,1,43,False,True
1684,168,2,1,43,False,True
1684,168,3,1,22,True,True
1685,168,1,1,151,False,True
1685,168,2,1,151,False,True
1685,168,3,1,128,False,True
1685,168,4,1,151,False,True
1685,168,5,1,151,True,True
1686,168,1,1,119,False,True
1686,168,2,1,97,True,True
1687,168,1,1,99,False,True
1687,168,2,1,96,False,True
1687,168,3,1,116,False,True
1687,168,4,1,116,False,True
1687,168,5,1,99,True,True
1688,168,1,1,43,False,False
1688,168,1,2,36,False,True
1688,168,2,1,36,True,True
1689,168,1,1,37,False,True
1689,168,2,1,37,True,True
1690,169,1,1,81,True,True
1691,169,1,1,16,True,True
1692,169,1,1,142,False,True
1692,169,2,1,145,False,True
1692,169,3,1,142,False,True
1692,169,4,1,142,False,True
1692,169,5,1,145,True,True
1693,169,1,1,96,True,True
1694,169,1,1,53,True,True
1695,169,1,1,97,True,True
1696,169,1,1,111,False,False
1696,169,1,2,122,False,True
1696,169,2,1,122,False,True
1696,169,3,1,122,False,True
1696,169,4,1,123,False,True
1696,169,5,1,123,True,True
1697,169,1,1,49,True,True
1698,169,1,1,87,True,False
1699,169,1,1,38,True,True
1700,170,1,1,44,True,False
1701,170,1,1,141,True,True
1702,170,1,1,62,True,True
1703,170,1,1,127,False,True
1703,170,2,1,143,True,True
1704,170,1,1,7,True,False
1705,170,1,1,92,False,True
1705,170,2,1,92,False,True
1705,170,3,1,92,False,True
1705,170,4,1,92,False,True
1705,170,5,1,91,False,True
1705,170,6,1,91,True,True
1706,170,1,1,37,True,True
1707,170,1,1,72,True,True
1708,170,1,1,66,False,False
1708,170,1,2,67,True,True
1709,170,1,1,70,True,True
1710,171,1,1,41,False,True
1710,171,2,1,73,True,True
1711,171,1,1,65,True,False
1712,171,1,1,111,False,True
1712,171,2,1,146,True,True
1713,171,1,1,73,True,False
1714,171,1,1,148,False,True
1714,171,2,1,135,False,True
1714,171,3,1,144,True,False
1715,171,1,1,82,True,True
1716,171,1,1,44,True,True
1717,171,1,1,104,True,True
1718,171,1,1,65,False,True
1718,171,2,1,65,True,True
1719,171,1,1,77,True,True
1720,172,1,1,26,False,False
1720,172,1,2,2,True,True
1721,172,1,1,123,True,True
1722,172,1,1,51,True,True
1723,172,1,1,72,True,True
1724,172,1,1,118,False,True
1724,172,2,1,118,True,True
1725,172,1,1,66,False,True
1725,172,2,1,66,False,True
1725,172,3,1,66,False,True
1725,172,4,1,66,True,True
1726,172,1,1,105,True,True
1727,172,1,1,22,False,True
1727,172,2,1,19,False,False
1727,172,2,2,9,False,True
1727,172,3,1,9,False,True
1727,172,4,1,9,False,True
1727,172,5,1,9,True,True
1728,172,1,1,56,True,True
1729,172,1,1,14,False,True
1729,172,2,1,14,True,True
1730,173,1,1,4,False,True
1730,173,2,1,7,True,True
1731,173,1,1,39,True,True
1732,173,1,1,98,False,True
1732,173,2,1,98,False,True
1732,173,3,1,120,False,True
1732,173,4,1,119,False,True
1732,173,5,1,119,True,True
1733,173,1,1,26,True,False
1734,173,1,1,99,False,False
1734,173,1,2,131,True,True
1735,173,1,1,127,True,True
1736,173,1,1,43,True,False
1737,173,1,1,52,True,True
1738,173,1,1,72,True,True
1739,173,1,1,62,False,True
1739,173,2,1,89,True,True
1740,174,1,1,41,True,True
1741,174,1,1,40,True,False
1742,174,1,1,81,True,True
1743,174,1,1,128,False,True
1743,174,2,1,120,True,True
1744,174,1,1,78,True,True
1745,174,1,1,42,True,True
1746,174,1,1,7,False,True
1746,174,2,1,7,False,True
1746,174,3,1,4,True,True
1747,174,1,1,76,False,True
1747,174,2,1,76,True,True
1748,174,1,1,68,False,False
1748,174,1,2,69,True,True
1749,174,1,1,15,False,False
1749,174,1,2,2,False,True
1749,174,2,1,3,False,True
1749,174,3,1,3,True,True
1750,175,1,1,82,True,False
1751,175,1,1,30,False,True
1751,175,2,1,25,False,True
1751,175,3,1,30,False,False
1751,175,3,2,38,False,True
1751,175,4,1,38,True,True
1752,175,1,1,66,False,True
1752,175,2,1,66,True,True
1753,175,1,1,82,True,True
1754,175,1,1,78,True,False
1755,175,1,1,54,True,True
1756,175,1,1,148,False,True
1756,175,2,1,144,True,True
1757,175,1,1,37,False,True
1757,175,2,1,37,False,True
1757,175,3,1,37,False,True
1757,175,4,1,37,False,True
1757,175,5,1,37,True,True
1758,175,1,1,118,True,True
1759,175,1,1,33,False,True
1759,175,2,1,45,False,True
1759,175,3,1,45,True,True
1760,176,1,1,77,False,True
1760,176,2,1,74,True,True
1761,176,1,1,21,False,False
1761,176,1,2,18,True,True
1762,176,1,1,58,False,True
1762,176,2,1,109,True,True
1763,176,1,1,55,False,False
1763,176,1,2,53,True,True
1764,176,1,1,40,True,True
1765,176,1,1,148,False,True
1765,176,2,1,135,False,True
1765,176,3,1,136,True,True
1766,176,1,1,93,False,False
1766,176,1,2,88,True,False
1767,176,1,1,98,False,False
1767,176,1,2,105,False,True
1767,176,2,1,77,False,True
1767,176,3,1,72,True,True
1768,176,1,1,58,True,False
1769,176,1,1,113,False,True
1769,176,2,1,93,False,False
1769,176,2,2,88,False,True
1769,176,3,1,84,False,False
1769,176,3,2,81,True,False
1770,177,1,1,54,False,True
1770,177,2,1,62,True,True
1771,177,1,1,98,False,True
1771,177,2,1,98,True,True
1772,177,1,1,20,False,True
1772,177,2,1,20,True,True
1773,177,1,1,98,False,False
1773,177,1,2,123,True,True
1774,177,1,1,18,True,True
1775,177,1,1,129,False,True
1775,177,2,1,127,False,True
1775,177,3,1,128,True,False
1776,177,1,1,74,True,True
1777,177,1,1,47,False,False
1777,177,1,2,48,True,True
1778,177,1,1,53,False,True
1778,177,2,1,43,False,False
1778,177,2,2,17,True,True
1779,177,1,1,32,True,True
1780,178,1,1,73,True,True
1781,178,1,1,16,True,False
1782,178,1,1,50,True,False
1783,178,1,1,98,False,False
1783,178,1,2,105,True,True
1784,178,1,1,73,False,True
1784,178,2,1,66,False,True
1784,178,3,1,73,True,True
1785,178,1,1,35,False,True
1785,178,2,1,28,False,True
1785,178,3,1,28,False,True
1785,178,4,1,35,False,False
1785,178,4,2,46,True,True
1786,178,1,1,143,True,True
1787,178,1,1,7,False,True
1787,178,2,1,7,False,True
1787,178,3,1,7,False,True
1787,178,4,1,3,False,True
1787,178,5,1,7,False,True
1787,178,6,1,7,False,True
1787,178,7,1,7,True,True
1788,178,1,1,146,True,True
1789,178,1,1,114,False,True
1789,178,2,1,125,False,True
1789,178,3,1,125,False,True
1789,178,4,1,114,False,True
1789,178,5,1,114,False,True
1789,178,6,1,114,True,True
1790,179,1,1,86,False,True
1790,179,2,1,86,True,True
1791,179,1,1,58,True,False
1792,179,1,1,61,False,True
1792,179,2,1,48,False,True
1792,179,3,1,48,True,True
1793,179,1,1,154,False,True
1793,179,2,1,147,False,True
1793,179,3,1,154,True,True
1794,179,1,1,80,True,True
1795,179,1,1,40,False,False
1795,179,1,2,39,True,True
1796,179,1,1,71,True,True
1797,179,1,1,70,True,False
1798,179,1,1,7,True,True
1799,179,1,1,129,True,False
1800,180,1,1,77,True,True
1801,180,1,1,115,True,True
1802,180,1,1,82,True,True
1803,180,1,1,91,False,False
1803,180,1,2,92,False,False
1803,180,1,3,113,False,True
1803,180,2,1,113,True,True
1804,180,1,1,151,True,True
1805,180,1,1,151,True,True
1806,180,1,1,3,False,True
1806,180,2,1,3,True,True
1807,180,1,1,86,False,True
1807,180,2,1,86,False,True
1807,180,3,1,86,True,True
1808,180,1,1,89,False,True
1808,180,2,1,89,True,True
1809,180,1,1,16,True,False
1810,181,1,1,97,False,False
1810,181,1,2,102,True,True
1811,181,1,1,108,False,False
1811,181,1,2,117,False,True
1811,181,2,1,117,False,True
1811,181,3,1,100,False,False
1811,181,3,2,90,True,False
1812,181,1,1,59,True,True
1813,181,1,1,58,True,True
1814,181,1,1,57,False,True
1814,181,2,1,58,False,True
1814,181,3,1,57,False,True
1814,181,4,1,57,True,True
1815,181,1,1,43,True,True
1816,181,1,1,33,True,False
1817,181,1,1,73,True,True
1818,181,1,1,22,True,True
1819,181,1,1,15,True,False
1820,182,1,1,50,False,False
1820,182,1,2,45,True,True
1821,182,1,1,4,False,True
1821,182,2,1,5,True,True
1822,182,1,1,97,True,False
1823,182,1,1,128,True,True
1824,182,1,1,66,False,False
1824,182,1,2,50,True,True
1825,182,1,1,44,False,True
1825,182,2,1,44,False,True
1825,182,3,1,39,True,False
1826,182,1,1,134,True,True
1827,182,1,1,42,False,True
1827,182,2,1,42,False,True
1827,182,3,1,34,True,False
1828,182,1,1,16,False,False
1828,182,1,2,17,False,True
1828,182,2,1,8,False,True
1828,182,3,1,8,True,True
1829,182,1,1,129,False,True
1829,182,2,1,123,True,True
1830,183,1,1,141,True,True
1831,183,1,1,118,True,True
1832,183,1,1,55,False,True
1832,183,2,1,68,True,True
1833,183,1,1,77,True,True
1834,183,1,1,154,True,True
1835,183,1,1,70,True,True
1836,183,1,1,18,False,True
1836,183,2,1,12,True,False
1837,183,1,1,154,False,True
1837,183,2,1,133,False,True
1837,183,3,1,133,False,True
1837,183,4,1,147,True,True
1838,183,1,1,115,True,True
1839,183,1,1,14,False,True
1839,183,2,1,14,False,True
1839,183,3,1,14,False,True
1839,183,4,1,63,True,False
1840,184,1,1,60,True,True
1841,184,1,1,104,False,True
1841,184,2,1,134,True,True
1842,184,1,1,127,False,True
1842,184,2,1,126,False,True
1842,184,3,1,126,False,True
1842,184,4,1,132,False,True
1842,184,5,1,118,True,False
1843,184,1,1,4,True,True
1844,184,1,1,7,False,False
1844,184,1,2,15,False,False
1844,184,1,3,27,False,True
1844,184,2,1,32,False,True
1844,184,3,1,33,True,True
1845,184,1,1,39,True,True
1846,184,1,1,91,True,False
1847,184,1,1,14,True,True
1848,184,1,1,42,False,True
1848,184,2,1,27,True,True
1849,184,1,1,69,True,True
1850,185,1,1,35,False,False
1850,185,1,2,28,False,False
1850,185,1,3,21,True,False
1851,185,1,1,39,True,True
1852,185,1,1,27,True,True
1853,185,1,1,25,False,True
1853,185,2,1,14,True,True
1854,185,1,1,39,False,True
1854,185,2,1,40,False,False
1854,185,2,2,41,True,False
1855,185,1,1,128,True,True
1856,185,1,1,121,False,True
1856,185,2,1,121,False,True
1856,185,3,1,121,True,True
1857,185,1,1,76,True,True
1858,185,1,1,14,False,True
1858,185,2,1,14,False,True
1858,185,3,1,10,True,True
1859,185,1,1,144,True,True
1860,186,1,1,104,True,True
1861,186,1,1,90,True,True
1862,186,1,1,86,False,True
1862,186,2,1,97,False,True
1862,186,3,1,97,False,True
1862,186,4,1,97,False,True
1862,186,5,1,97,True,True
1863,186,1,1,136,False,False
1863,186,1,2,137,False,True
1863,186,2,1,137,True,True
1864,186,1,1,74,True,True
1865,186,1,1,80,True,True
1866,186,1,1,49,False,True
1866,186,2,1,54,True,True
1867,186,1,1,23,False,True
1867,186,2,1,23,True,True
1868,186,1,1,97,True,False
1869,186,1,1,98,True,True
1870,187,1,1,49,False,True
1870,187,2,1,49,False,True
1870,187,3,1,49,False,True
1870,187,4,1,37,True,True
1871,187,1,1,116,True,True
1872,187,1,1,81,True,True
1873,187,1,1,125,False,True
1873,187,2,1,124,False,True
1873,187,3,1,124,True,True
1874,187,1,1,151,False,True
1874,187,2,1,132,True,True
1875,187,1,1,122,True,True
1876,187,1,1,43,False,True
1876,187,2,1,35,True,True
1877,187,1,1,33,False,True
1877,187,2,1,33,False,True
1877,187,3,1,33,False,True
1877,187,4,1,32,False,True
1877,187,5,1,27,False,True
1877,187,6,1,15,True,True
1878,187,1,1,59,False,True
1878,187,2,1,59,True,True
1879,187,1,1,141,True,True
1880,188,1,1,96,True,False
1881,188,1,1,8,True,True
1882,188,1,1,11,False,True
1882,188,2,1,26,True,True
1883,188,1,1,134,False,True
1883,188,2,1,130,True,True
1884,188,1,1,12,True,True
1885,188,1,1,30,False,True
1885,188,2,1,24,False,True
1885,188,3,1,24,False,True
1885,188,4,1,29,False,True
1885,188,5,1,29,True,True
1886,188,1,1,73,True,True
1887,188,1,1,106,False,False
1887,188,1,2,112,False,False
1887,188,1,3,124,True,True
1888,188,1,1,81,True,True
1889,188,1,1,84,False,True
1889,188,2,1,84,True,True
1890,189,1,1,99,False,True
1890,189,2,1,99,False,True
1890,189,3,1,99,False,True
1890,189,4,1,131,True,True
1891,189,1,1,16,False,True
1891,189,2,1,16,True,True
1892,189,1,1,154,True,True
1893,189,1,1,111,True,True
1894,189,1,1,76,False,False
1894,189,1,2,74,True,False
1895,189,1,1,8,False,True
1895,189,2,1,18,True,True
1896,189,1,1,20,False,False
1896,189,1,2,25,True,False
1897,189,1,1,57,False,False
1897,189,1,2,65,True,True
1898,189,1,1,99,True,True
1899,189,1,1,67,True,True
1900,190,1,1,20,False,True
1900,190,2,1,20,True,True
1901,190,1,1,59,False,True
1901,190,2,1,59,False,True
1901,190,3,1,59,False,True
1901,190,4,1,41,True,True
1902,190,1,1,70,True,True
1903,190,1,1,66,False,True
1903,190,2,1,66,False,True
1903,190,3,1,45,False,False
1903,190,3,2,42,False,True
1903,190,4,1,42,False,True
1903,190,5,1,42,False,True
1903,190,6,1,42,False,True
1903,190,7,1,42,False,True
1903,190,8,1,42,False,True
1903,190,9,1,42,False,True
1903,190,10,1,42,True,True
1904,190,1,1,22,False,True
1904,190,2,1,22,False,True
1904,190,3,1,22,True,True
1905,190,1,1,26,False,True
1905,190,2,1,26,True,True
1906,190,1,1,154,False,True
1906,190,2,1,134,False,True
1906,190,3,1,134,False,True
1906,190,4,1,147,False,True
1906,190,5,1,154,False,True
1906,190,6,1,139,False,True
1906,190,7,1,139,False,True
1906,190,8,1,139,True,True
1907,190,1,1,90,False,True
1907,190,2,1,90,False,True
1907,190,3,1,90,False,True
1907,190,4,1,90,True,True
1908,190,1,1,97,False,True
1908,190,2,1,97,True,True
1909,190,1,1,49,False,True
1909,190,2,1,49,False,True
1909,190,3,1,49,False,True
1909,190,4,1,49,True,True
1910,191,1,1,71,False,False
1910,191,1,2,64,False,True
1910,191,2,1,76,False,True
1910,191,3,1,76,True,True
1911,191,1,1,113,False,True
1911,191,2,1,137,True,True
1912,191,1,1,94,True,True
1913,191,1,1,138,False,False
1913,191,1,2,142,False,True
1913,191,2,1,142,False,True
1913,191,3,1,116,False,True
1913,191,4,1,116,False,True
1913,191,5,1,116,False,True
1913,191,6,1,116,False,True
1913,191,7,1,107,True,True
1914,191,1,1,16,True,True
1915,191,1,1,34,False,True
1915,191,2,1,34,False,True
1915,191,3,1,34,False,True
1915,191,4,1,28,True,True
1916,191,1,1,38,True,False
1917,191,1,1,128,False,True
1917,191,2,1,128,False,True
1917,191,3,1,128,False,True
1917,191,4,1,127,False,False
1917,191,4,2,118,True,True
1918,191,1,1,52,True,False
1919,191,1,1,120,False,True
1919,191,2,1,120,False,True
1919,191,3,1,120,False,True
1919,191,4,1,120,True,True
1920,192,1,1,11,False,True
1920,192,2,1,20,True,True
1921,192,1,1,55,False,False
1921,192,1,2,61,False,True
1921,192,2,1,43,True,True
1922,192,1,1,95,True,True
1923,192,1,1,67,True,True
1924,192,1,1,145,False,True
1924,192,2,1,142,False,True
1924,192,3,1,142,True,True
1925,192,1,1,102,False,True
1925,192,2,1,109,True,True
1926,192,1,1,42,False,True
1926,192,2,1,33,True,True
1927,192,1,1,60,True,True
1928,192,1,1,38,False,True
1928,192,2,1,29,True,True
1929,192,1,1,137,True,True
1930,193,1,1,107,False,True
1930,193,2,1,115,True,True
1931,193,1,1,101,True,True
1932,193,1,1,76,True,True
1933,193,1,1,94,True,True
1934,193,1,1,133,True,False
1935,193,1,1,128,True,True
1936,193,1,1,110,False,True
1936,193,2,1,97,False,True
1936,193,3,1,103,False,False
1936,193,3,2,110,False,True
1936,193,4,1,109,False,False
1936,193,4,2,102,True,False
1937,193,1,1,85,True,False
1938,193,1,1,50,True,False
1939,193,1,1,140,False,True
1939,193,2,1,125,False,True
1939,193,3,1,125,False,True
1939,193,4,1,125,False,True
1939,193,5,1,125,True,True
1940,194,1,1,53,True,True
1941,194,1,1,72,False,True
1941,194,2,1,72,True,True
1942,194,1,1,132,True,True
1943,194,1,1,143,False,True
1943,194,2,1,143,False,True
1943,194,3,1,143,False,True
1943,194,4,1,143,False,True
1943,194,5,1,143,True,True
1944,194,1,1,107,True,True
1945,194,1,1,44,False,False
1945,194,1,2,26,True,True
1946,194,1,1,74,True,True
1947,194,1,1,99,False,True
1947,194,2,1,99,False,True
1947,194,3,1,115,True,False
1948,194,1,1,85,True,True
1949,194,1,1,31,True,True
1950,195,1,1,82,False,True
1950,195,2,1,82,False,True
1950,195,3,1,91,True,False
1951,195,1,1,63,False,True
1951,195,2,1,63,False,True
1951,195,3,1,63,True,True
1952,195,1,1,97,False,False
1952,195,1,2,104,True,True
1953,195,1,1,82,False,False
1953,195,1,2,78,True,False
1954,195,1,1,135,True,True
1955,195,1,1,85,True,True
1956,195,1,1,76,False,False
1956,195,1,2,74,True,True
1957,195,1,1,102,True,True
1958,195,1,1,55,False,True
1958,195,2,1,55,True,True
1959,195,1,1,53,True,False
1960,196,1,1,44,False,True
1960,196,2,1,44,True,True
1961,196,1,1,119,True,True
1962,196,1,1,128,False,True
1962,196,2,1,128,True,True
1963,196,1,1,25,False,False
1963,196,1,2,14,False,True
1963,196,2,1,14,True,True
1964,196,1,1,3,True,True
1965,196,1,1,90,False,True
1965,196,2,1,90,True,True
1966,196,1,1,32,False,True
1966,196,2,1,32,False,True
1966,196,3,1,32,True,True
1967,196,1,1,120,True,True
1968,196,1,1,114,False,True
1968,196,2,1,114,False,True
1968,196,3,1,114,False,True
1968,196,4,1,114,False,True
1968,196,5,1,125,True,False
1969,196,1,1,73,True,False
1970,197,1,1,91,False,False
1970,197,1,2,92,True,True
1971,197,1,1,80,True,True
1972,197,1,1,120,True,True
1973,197,1,1,54,False,True
1973,197,2,1,54,True,True
1974,197,1,1,134,False,True
1974,197,2,1,148,False,True
1974,197,3,1,148,False,True
1974,197,4,1,134,False,True
1974,197,5,1,133,False,True
1974,197,6,1,134,False,True
1974,197,7,1,133,True,True
1975,197,1,1,28,True,True
1976,197,1,1,26,False,False
1976,197,1,2,25,False,True
1976,197,2,1,25,False,True
1976,197,3,1,44,False,True
1976,197,4,1,31,False,True
1976,197,5,1,14,False,True
1976,197,6,1,44,False,True
1976,197,7,1,38,False,True
1976,197,8,1,31,True,True
1977,197,1,1,135,False,True
1977,197,2,1,134,False,False
1977,197,2,2,133,False,True
1977,197,3,1,133,True,True
1978,197,1,1,93,False,False
1978,197,1,2,88,True,False
1979,197,1,1,119,True,True
1980,198,1,1,144,True,False
1981,198,1,1,54,False,False
1981,198,1,2,49,False,True
1981,198,2,1,49,False,True
1981,198,3,1,49,True,True
1982,198,1,1,54,False,False
1982,198,1,2,56,True,False
1983,198,1,1,79,False,True
1983,198,2,1,79,False,True
1983,198,3,1,83,False,False
1983,198,3,2,87,False,False
1983,198,3,3,88,False,True
1983,198,4,1,88,False,True
1983,198,5,1,88,False,True
1983,198,6,1,88,True,True
1984,198,1,1,148,True,True
1985,198,1,1,132,False,True
1985,198,2,1,132,True,True
1986,198,1,1,92,True,True
1987,198,1,1,38,False,True
1987,198,2,1,38,False,True
1987,198,3,1,38,True,True
1988,198,1,1,11,False,True
1988,198,2,1,11,False,True
1988,198,3,1,20,False,False
1988,198,3,2,25,False,True
1988,198,4,1,11,False,True
1988,198,5,1,11,True,True
1989,198,1,1,67,True,True
1990,199,1,1,66,False,True
1990,199,2,1,59,False,True
1990,199,3,1,59,True,True
1991,199,1,1,107,False,True
1991,199,2,1,107,False,True
1991,199,3,1,115,True,True
1992,199,1,1,36,False,True
1992,199,2,1,36,False,True
1992,199,3,1,36,True,True
1993,199,1,1,117,True,True
1994,199,1,1,77,True,True
1995,199,1,1,51,True,True
1996,199,1,1,36,True,True
1997,199,1,1,59,True,False
1998,199,1,1,11,True,True
1999,199,1,1,151,False,True
1999,199,2,1,151,False,True
1999,199,3,1,143,False,True
1999,199,4,1,143,False,True
1999,199,5,1,143,True,True
2000,200,1,1,143,False,True
2000,200,2,1,146,True,False
2001,200,1,1,91,False,False
2001,200,1,2,92,False,True
2001,200,2,1,92,True,True
2002,200,1,1,5,True,True
2003,200,1,1,79,True,True
2004,200,1,1,52,False,False
2004,200,1,2,15,False,True
2004,200,2,1,42,True,True
2005,200,1,1,81,True,True
2006,200,1,1,62,True,True
2007,200,1,1,85,True,True
2008,200,1,1,56,False,False
2008,200,1,2,54,True,True
2009,200,1,1,51,False,True
2009,200,2,1,69,True,True
2010,201,1,1,14,False,True
2010,201,2,1,11,True,True
2011,201,1,1,103,True,True
2012,201,1,1,53,False,True
2012,201,2,1,95,True,True
2013,201,1,1,75,False,True
2013,201,2,1,75,True,True
2014,201,1,1,67,True,True
2015,201,1,1,59,True,True
2016,201,1,1,38,True,True
2017,201,1,1,2,True,True
2018,201,1,1,132,True,True
2019,201,1,1,44,True,True
2020,202,1,1,132,False,True
2020,202,2,1,132,False,True
2020,202,3,1,132,True,True
2021,202,1,1,143,False,True
2021,202,2,1,143,False,True
2021,202,3,1,143,False,True
2021,202,4,1,127,True,True
2022,202,1,1,41,True,False
2023,202,1,1,152,False,True
2023,202,2,1,152,False,True
2023,202,3,1,152,False,True
2023,202,4,1,152,False,True
2023,202,5,1,146,False,False
2023,202,5,2,147,False,True
2023,202,6,1,147,False,True
2023,202,7,1,147,False,True
2023,202,8,1,147,False,True
2023,202,9,1,146,True,True
2024,202,1,1,82,True,True
2025,202,1,1,42,False,True
2025,202,2,1,27,True,True
2026,202,1,1,95,True,True
2027,202,1,1,77,True,True
2028,202,1,1,97,False,True
2028,202,2,1,97,False,True
2028,202,3,1,121,False,False
2028,202,3,2,128,True,True
2029,202,1,1,49,True,False
2030,203,1,1,116,False,True
2030,203,2,1,115,True,True
2031,203,1,1,74,False,True
2031,203,2,1,74,True,True
2032,203,1,1,130,True,True
2033,203,1,1,58,False,True
2033,203,2,1,58,True,True
2034,203,1,1,123,True,False
2035,203,1,1,69,True,False
2036,203,1,1,30,False,True
2036,203,2,1,25,True,True
2037,203,1,1,151,False,True
2037,203,2,1,151,True,True
2038,203,1,1,16,True,True
2039,203,1,1,50,True,False
2040,204,1,1,32,False,True
2040,204,2,1,32,False,True
2040,204,3,1,32,True,True
2041,204,1,1,92,True,True
2042,204,1,1,73,True,False
2043,204,1,1,81,False,True
2043,204,2,1,80,True,True
2044,204,1,1,76,False,True
2044,204,2,1,85,True,True
2045,204,1,1,22,False,True
2045,204,2,1,22,False,True
2045,204,3,1,22,False,True
2045,204,4,1,18,True,False
2046,204,1,1,82,True,True
2047,204,1,1,82,True,True
2048,204,1,1,139,False,True
2048,204,2,1,139,False,True
2048,204,3,1,128,False,False
2048,204,3,2,127,False,True
2048,204,4,1,152,False,True
2048,204,5,1,139,False,True
2048,204,6,1,139,False,True
2048,204,7,1,128,True,True
2049,204,1,1,90,False,True
2049,204,2,1,90,True,True
2050,205,1,1,22,True,True
2051,205,1,1,52,True,True
2052,205,1,1,82,False,True
2052,205,2,1,78,False,False
2052,205,2,2,79,False,False
2052,205,2,3,75,False,True
2052,205,3,1,75,False,True
2052,205,4,1,75,True,True
2053,205,1,1,73,True,True
2054,205,1,1,83,False,True
2054,205,2,1,83,False,True
2054,205,3,1,83,False,True
2054,205,4,1,84,False,True
2054,205,5,1,88,True,False
2055,205,1,1,113,False,True
2055,205,2,1,125,True,False
2056,205,1,1,147,True,True
2057,205,1,1,22,False,True
2057,205,2,1,36,True,False
2058,205,1,1,150,False,True
2058,205,2,1,138,True,True
2059,205,1,1,148,True,True
2060,206,1,1,7,False,True
2060,206,2,1,7,False,True
2060,206,3,1,15,True,False
2061,206,1,1,154,False,True
2061,206,2,1,148,False,False
2061,206,2,2,144,True,False
2062,206,1,1,153,False,True
2062,206,2,1,153,True,True
2063,206,1,1,58,True,True
2064,206,1,1,142,True,True
2065,206,1,1,116,False,True
2065,206,2,1,116,False,True
2065,206,3,1,116,False,True
2065,206,4,1,116,False,True
2065,206,5,1,99,False,True
2065,206,6,1,99,False,True
2065,206,7,1,96,False,False
2065,206,7,2,89,True,False
2066,206,1,1,83,False,True
2066,206,2,1,75,False,True
2066,206,3,1,79,False,True
2066,206,4,1,79,False,True
2066,206,5,1,75,False,True
2066,206,6,1,75,True,True
2067,206,1,1,17,False,True
2067,206,2,1,16,False,True
2067,206,3,1,7,False,True
2067,206,4,1,5,True,True
2068,206,1,1,133,True,True
2069,206,1,1,50,True,False
2070,207,1,1,131,True,True
2071,207,1,1,122,False,True
2071,207,2,1,122,True,True
2072,207,1,1,86,True,False
2073,207,1,1,73,False,False
2073,207,1,2,41,False,True
2073,207,2,1,41,False,True
2073,207,3,1,41,True,True
2074,207,1,1,30,False,True
2074,207,2,1,20,True,True
2075,207,1,1,90,False,True
2075,207,2,1,89,True,False
2076,207,1,1,76,True,True
2077,207,1,1,98,False,True
2077,207,2,1,98,False,True
2077,207,3,1,98,False,True
2077,207,4,1,98,False,True
2077,207,5,1,98,True,True
2078,207,1,1,113,False,True
2078,207,2,1,113,True,True
2079,207,1,1,59,True,True
2080,208,1,1,36,False,True
2080,208,2,1,36,False,True
2080,208,3,1,36,False,True
2080,208,4,1,36,False,True
2080,208,5,1,18,True,True
2081,208,1,1,7,False,False
2081,208,1,2,3,True,True
2082,208,1,1,31,False,True
2082,208,2,1,31,True,True
2083,208,1,1,89,True,True
2084,208,1,1,151,False,True
2084,208,2,1,151,False,True
2084,208,3,1,151,False,True
2084,208,4,1,143,True,True
2085,208,1,1,44,False,True
2085,208,2,1,64,False,False
2085,208,2,2,71,False,True
2085,208,3,1,39,True,True
2086,208,1,1,58,True,True
2087,208,1,1,35,False,True
2087,208,2,1,35,False,True
2087,208,3,1,35,False,True
2087,208,4,1,28,True,True
2088,208,1,1,59,True,True
2089,208,1,1,66,True,True
2090,209,1,1,67,True,True
2091,209,1,1,75,False,False
2091,209,1,2,79,True,False
2092,209,1,1,59,False,True
2092,209,2,1,59,False,True
2092,209,3,1,50,True,True
2093,209,1,1,70,False,True
2093,209,2,1,63,False,True
2093,209,3,1,99,False,True
2093,209,4,1,89,False,True
2093,209,5,1,89,True,True
2094,209,1,1,53,False,False
2094,209,1,2,47,False,False
2094,209,1,3,48,False,True
2094,209,2,1,47,False,False
2094,209,2,2,53,True,False
2095,209,1,1,73,True,True
2096,209,1,1,95,True,True
2097,209,1,1,150,False,False
2097,209,1,2,153,False,True
2097,209,2,1,153,False,True
2097,209,3,1,150,False,True
2097,209,4,1,151,False,True
2097,209,5,1,151,False,True
2097,209,6,1,151,True,True
2098,209,1,1,151,True,True
2099,209,1,1,11,False,True
2099,209,2,1,11,False,True
2099,209,3,1,3,False,True
2099,209,4,1,2,True,True
2100,210,1,1,147,False,True
2100,210,2,1,147,True,True
2101,210,1,1,80,True,True
2102,210,1,1,135,False,True
2102,210,2,1,135,True,True
2103,210,1,1,59,True,True
2104,210,1,1,61,False,True
2104,210,2,1,53,True,True
2105,210,1,1,151,False,True
2105,210,2,1,118,True,False
2106,210,1,1,153,True,True
2107,210,1,1,53,False,True
2107,210,2,1,53,False,True
2107,210,3,1,43,False,True
2107,210,4,1,43,True,True
2108,210,1,1,154,False,True
2108,210,2,1,154,False,True
2108,210,3,1,148,False,True
2108,210,4,1,148,True,True
2109,210,1,1,33,False,True
2109,210,2,1,33,False,True
2109,210,3,1,33,False,True
2109,210,4,1,33,False,True
2109,210,5,1,33,True,True
2110,211,1,1,7,False,True
2110,211,2,1,7,True,True
2111,211,1,1,72,False,True
2111,211,2,1,73,False,True
2111,211,3,1,73,False,True
2111,211,4,1,73,True,True
2112,211,1,1,104,False,True
2112,211,2,1,103,True,True
2113,211,1,1,54,False,True
2113,211,2,1,49,True,True
2114,211,1,1,91,True,True
2115,211,1,1,126,False,False
2115,211,1,2,145,False,True
2115,211,2,1,132,True,True
2116,211,1,1,104,True,False
2117,211,1,1,70,False,True
2117,211,2,1,70,True,True
2118,211,1,1,89,False,True
2118,211,2,1,89,True,True
2119,211,1,1,27,True,True
2120,212,1,1,76,True,True
2121,212,1,1,82,True,False
2122,212,1,1,78,True,True
2123,212,1,1,43,False,True
2123,212,2,1,46,True,False
2124,212,1,1,61,True,True
2125,212,1,1,151,False,True
2125,212,2,1,150,False,True
2125,212,3,1,150,True,True
2126,212,1,1,71,False,True
2126,212,2,1,71,False,True
2126,212,3,1,71,True,True
2127,212,1,1,51,False,True
2127,212,2,1,51,True,True
2128,212,1,1,86,False,True
2128,212,2,1,86,False,True
2128,212,3,1,72,True,True
2129,212,1,1,34,True,True
2130,213,1,1,94,False,True
2130,213,2,1,53,True,True
2131,213,1,1,84,True,True
2132,213,1,1,150,True,True
2133,213,1,1,151,False,True
2133,213,2,1,151,True,True
2134,213,1,1,102,True,True
2135,213,1,1,16,True,False
2136,213,1,1,93,False,False
2136,213,1,2,124,False,False
2136,213,1,3,136,False,True
2136,213,2,1,136,False,True
2136,213,3,1,105,True,True
2137,213,1,1,129,False,True
2137,213,2,1,123,True,True
2138,213,1,1,79,False,True
2138,213,2,1,91,True,True
2139,213,1,1,67,False,False
2139,213,1,2,45,True,True
2140,214,1,1,80,True,False
2141,214,1,1,86,False,True
2141,214,2,1,86,True,True
2142,214,1,1,143,True,True
2143,214,1,1,120,True,False
2144,214,1,1,39,True,True
2145,214,1,1,3,True,True
2146,214,1,1,147,True,True
2147,214,1,1,146,False,False
2147,214,1,2,150,False,True
2147,214,2,1,150,True,True
2148,214,1,1,74,False,True
2148,214,2,1,74,False,True
2148,214,3,1,74,False,True
2148,214,4,1,74,True,True
2149,214,1,1,143,False,True
2149,214,2,1,143,False,True
2149,214,3,1,143,False,True
2149,214,4,1,143,False,True
2149,214,5,1,143,False,True
2149,214,6,1,143,False,True
2149,214,7,1,143,False,True
2149,214,8,1,143,True,True
2150,215,1,1,58,True,True
2151,215,1,1,98,True,True
2152,215,1,1,38,True,True
2153,215,1,1,108,True,True
2154,215,1,1,134,False,True
2154,215,2,1,134,False,True
2154,215,3,1,125,False,True
2154,215,4,1,136,True,True
2155,215,1,1,150,False,True
2155,215,2,1,138,True,True
2156,215,1,1,82,True,False
2157,215,1,1,15,True,True
2158,215,1,1,59,False,True
2158,215,2,1,59,False,True
2158,215,3,1,59,False,True
2158,215,4,1,86,False,True
2158,215,5,1,98,False,True
2158,215,6,1,104,True,True
2159,215,1,1,33,False,True
2159,215,2,1,42,False,True
2159,215,3,1,33,False,True
2159,215,4,1,42,False,True
2159,215,5,1,50,False,True
2159,215,6,1,33,False,False
2159,215,6,2,27,True,True
2160,216,1,1,85,True,False
2161,216,1,1,55,True,True
2162,216,1,1,16,False,False
2162,216,1,2,4,True,True
2163,216,1,1,77,True,True
2164,216,1,1,98,False,True
2164,216,2,1,98,True,True
2165,216,1,1,113,True,True
2166,216,1,1,125,False,True
2166,216,2,1,125,False,True
2166,216,3,1,124,False,True
2166,216,4,1,124,False,True
2166,216,5,1,124,True,True
2167,216,1,1,79,True,True
2168,216,1,1,136,False,False
2168,216,1,2,144,True,True
2169,216,1,1,39,False,False
2169,216,1,2,31,False,True
2169,216,2,1,30,False,False
2169,216,2,2,38,True,True
2170,217,1,1,16,True,True
2171,217,1,1,114,False,False
2171,217,1,2,137,False,True
2171,217,2,1,114,False,True
2171,217,3,1,136,True,True
2172,217,1,1,117,False,True
2172,217,2,1,126,False,True
2172,217,3,1,116,False,True
2172,217,4,1,117,False,True
2172,217,5,1,117,True,True
2173,217,1,1,24,False,True
2173,217,2,1,13,True,False
2174,217,1,1,9,False,True
2174,217,2,1,12,True,True
2175,217,1,1,99,True,True
2176,217,1,1,15,True,True
2177,217,1,1,28,False,False
2177,217,1,2,35,False,True
2177,217,2,1,34,True,True
2178,217,1,1,41,True,True
2179,217,1,1,145,False,False
2179,217,1,2,153,False,True
2179,217,2,1,150,True,True
2180,218,1,1,61,True,True
2181,218,1,1,80,True,True
2182,218,1,1,83,False,False
2182,218,1,2,84,False,False
2182,218,1,3,88,False,False
2182,218,1,4,93,True,True
2183,218,1,1,114,False,True
2183,218,2,1,113,False,False
2183,218,2,2,93,True,False
2184,218,1,1,75,False,True
2184,218,2,1,79,True,False
2185,218,1,1,87,True,False
2186,218,1,1,144,False,False
2186,218,1,2,149,True,True
2187,218,1,1,106,False,True
2187,218,2,1,106,False,True
2187,218,3,1,80,True,True
2188,218,1,1,79,False,True
2188,218,2,1,79,False,True
2188,218,3,1,82,True,True
2189,218,1,1,75,False,False
2189,218,1,2,69,True,True
2190,219,1,1,112,True,True
2191,219,1,1,125,False,True
2191,219,2,1,125,False,True
2191,219,3,1,144,True,True
2192,219,1,1,66,False,True
2192,219,2,1,66,False,True
2192,219,3,1,66,True,True
2193,219,1,1,110,False,True
2193,219,2,1,109,False,True
2193,219,3,1,109,False,True
2193,219,4,1,109,False,True
2193,219,5,1,109,False,True
2193,219,6,1,109,False,True
2193,219,7,1,110,False,True
2193,219,8,1,118,True,True
2194,219,1,1,7,False,True
2194,219,2,1,7,False,True
2194,219,3,1,7,False,True
2194,219,4,1,4,False,True
2194,219,5,1,5,True,True
2195,219,1,1,67,True,True
2196,219,1,1,75,False,False
2196,219,1,2,79,True,False
2197,219,1,1,30,False,True
2197,219,2,1,30,True,True
2198,219,1,1,133,True,True
2199,219,1,1,28,False,False
2199,219,1,2,21,False,True
2199,219,2,1,21,False,True
2199,219,3,1,36,True,True
2200,220,1,1,88,False,True
2200,220,2,1,80,True,True
2201,220,1,1,26,True,False
2202,220,1,1,58,True,False
2203,220,1,1,33,True,True
2204,220,1,1,28,False,True
2204,220,2,1,8,True,True
2205,220,1,1,30,False,False
2205,220,1,2,38,False,False
2205,220,1,3,37,False,True
2205,220,2,1,37,False,True
2205,220,3,1,64,False,True
2205,220,4,1,64,False,True
2205,220,5,1,64,False,True
2205,220,6,1,44,True,True
2206,220,1,1,133,True,True
2207,220,1,1,126,False,True
2207,220,2,1,126,False,True
2207,220,3,1,126,False,True
2207,220,4,1,117,False,False
2207,220,4,2,108,False,True
2207,220,5,1,108,False,True
2207,220,6,1,102,True,True
2208,220,1,1,117,True,True
2209,220,1,1,51,False,True
2209,220,2,1,51,False,True
2209,220,3,1,51,False,True
2209,220,4,1,51,False,True
2209,220,5,1,35,False,True
2209,220,6,1,35,False,True
2209,220,7,1,34,True,False
2210,221,1,1,86,False,True
2210,221,2,1,86,False,True
2210,221,3,1,77,False,True
2210,221,4,1,86,True,True
2211,221,1,1,72,False,False
2211,221,1,2,58,False,True
2211,221,2,1,65,False,True
2211,221,3,1,58,True,True
2212,221,1,1,105,False,True
2212,221,2,1,91,True,True
2213,221,1,1,122,False,False
2213,221,1,2,129,True,False
2214,221,1,1,69,True,True
2215,221,1,1,122,False,True
2215,221,2,1,139,False,True
2215,221,3,1,143,False,True
2215,221,4,1,146,True,True
2216,221,1,1,95,True,True
2217,221,1,1,138,True,False
2218,221,1,1,53,False,True
2218,221,2,1,55,True,True
2219,221,1,1,15,False,True
2219,221,2,1,7,False,True
2219,221,3,1,3,False,True
2219,221,4,1,3,False,True
2219,221,5,1,3,False,True
2219,221,6,1,3,True,True
2220,222,1,1,99,True,True
2221,222,1,1,108,False,False
2221,222,1,2,127,False,False
2221,222,1,3,128,True,True
2222,222,1,1,48,True,True
2223,222,1,1,145,False,True
2223,222,2,1,145,False,True
2223,222,3,1,145,False,True
2223,222,4,1,145,True,True
2224,222,1,1,105,False,False
2224,222,1,2,82,False,True
2224,222,2,1,82,False,True
2224,222,3,1,82,False,True
2224,222,4,1,82,False,True
2224,222,5,1,82,True,True
2225,222,1,1,63,False,True
2225,222,2,1,63,False,True
2225,222,3,1,63,False,True
2225,222,4,1,63,True,True
2226,222,1,1,15,False,True
2226,222,2,1,27,True,True
2227,222,1,1,35,True,True
2228,222,1,1,41,True,True
2229,222,1,1,59,True,False
2230,223,1,1,123,False,True
2230,223,2,1,123,True,True
2231,223,1,1,19,False,True
2231,223,2,1,19,False,True
2231,223,3,1,19,False,True
2231,223,4,1,19,False,True
2231,223,5,1,19,False,True
2231,223,6,1,47,False,False
2231,223,6,2,53,False,True
2231,223,7,1,47,False,True
2231,223,8,1,48,True,True
2232,223,1,1,100,False,True
2232,223,2,1,100,False,True
2232,223,3,1,100,True,True
2233,223,1,1,98,False,True
2233,223,2,1,104,False,True
2233,223,3,1,98,False,True
2233,223,4,1,98,False,True
2233,223,5,1,98,False,True
2233,223,6,1,98,False,True
2233,223,7,1,104,True,True
2234,223,1,1,33,False,True
2234,223,2,1,33,False,True
2234,223,3,1,33,False,True
2234,223,4,1,27,True,True
2235,223,1,1,118,True,True
2236,223,1,1,149,False,True
2236,223,2,1,144,True,True
2237,223,1,1,146,True,True
2238,223,1,1,67,False,True
2238,223,2,1,51,True,False
2239,223,1,1,125,True,True
2240,224,1,1,152,True,True
2241,224,1,1,109,False,True
2241,224,2,1,109,False,True
2241,224,3,1,109,True,True
2242,224,1,1,67,True,True
2243,224,1,1,143,False,True
2243,224,2,1,151,False,True
2243,224,3,1,143,False,True
2243,224,4,1,143,False,True
2243,224,5,1,151,False,True
2243,224,6,1,151,False,True
2243,224,7,1,143,False,True
2243,224,8,1,143,True,True
2244,224,1,1,74,False,True
2244,224,2,1,74,True,True
2245,224,1,1,44,True,True
2246,224,1,1,14,False,True
2246,224,2,1,14,False,True
2246,224,3,1,14,True,True
2247,224,1,1,102,True,True
2248,224,1,1,96,False,True
2248,224,2,1,100,False,True
2248,224,3,1,96,True,True
2249,224,1,1,94,True,False
2250,225,1,1,96,True,True
2251,225,1,1,147,True,True
2252,225,1,1,100,False,True
2252,225,2,1,100,False,True
2252,225,3,1,116,True,True
2253,225,1,1,39,True,True
2254,225,1,1,129,True,True
2255,225,1,1,7,False,True
2255,225,2,1,7,False,True
2255,225,3,1,7,False,True
2255,225,4,1,7,True,True
2256,225,1,1,97,False,True
2256,225,2,1,97,True,True
2257,225,1,1,126,False,True
2257,225,2,1,126,False,True
2257,225,3,1,126,False,True
2257,225,4,1,126,False,True
2257,225,5,1,126,False,True
2257,225,6,1,126,False,True
2257,225,7,1,126,False,True
2257,225,8,1,126,False,True
2257,225,9,1,132,True,True
2258,225,1,1,7,False,True
2258,225,2,1,7,False,True
2258,225,3,1,7,False,True
2258,225,4,1,7,True,True
2259,225,1,1,104,False,True
2259,225,2,1,104,False,True
2259,225,3,1,104,True,True
2260,226,1,1,73,True,True
2261,226,1,1,72,True,True
2262,226,1,1,63,True,True
2263,226,1,1,122,False,True
2263,226,2,1,122,False,True
2263,226,3,1,122,True,True
2264,226,1,1,33,False,True
2264,226,2,1,33,False,True
2264,226,3,1,42,False,True
2264,226,4,1,42,True,True
2265,226,1,1,128,True,True
2266,226,1,1,84,True,True
2267,226,1,1,22,True,True
2268,226,1,1,66,False,False
2268,226,1,2,73,True,True
2269,226,1,1,154,True,True
2270,227,1,1,67,False,False
2270,227,1,2,78,True,False
2271,227,1,1,70,False,True
2271,227,2,1,62,False,True
2271,227,3,1,62,True,True
2272,227,1,1,51,False,False
2272,227,1,2,52,False,True
2272,227,2,1,51,False,True
2272,227,3,1,60,False,True
2272,227,4,1,60,True,True
2273,227,1,1,72,True,True
2274,227,1,1,76,True,True
2275,227,1,1,54,False,True
2275,227,2,1,70,False,False
2275,227,2,2,74,False,True
2275,227,3,1,56,False,False
2275,227,3,2,54,True,True
2276,227,1,1,59,True,True
2277,227,1,1,107,False,False
2277,227,1,2,115,True,True
2278,227,1,1,104,True,False
2279,227,1,1,94,False,True
2279,227,2,1,113,False,False
2279,227,2,2,137,True,True
2280,228,1,1,46,True,True
2281,228,1,1,51,False,True
2281,228,2,1,52,False,True
2281,228,3,1,34,False,True
2281,228,4,1,45,True,True
2282,228,1,1,102,True,False
2283,228,1,1,63,False,True
2283,228,2,1,70,False,True
2283,228,3,1,62,False,False
2283,228,3,2,56,False,True
2283,228,4,1,56,True,True
2284,228,1,1,89,True,False
2285,228,1,1,70,True,False
2286,228,1,1,13,True,False
2287,228,1,1,51,False,True
2287,228,2,1,51,False,True
2287,228,3,1,51,False,True
2287,228,4,1,52,False,True
2287,228,5,1,52,True,True
2288,228,1,1,115,True,True
2289,228,1,1,107,False,True
2289,228,2,1,107,True,True
2290,229,1,1,97,False,True
2290,229,2,1,97,True,True
2291,229,1,1,86,False,True
2291,229,2,1,86,True,True
2292,229,1,1,98,False,True
2292,229,2,1,104,False,True
2292,229,3,1,104,False,True
2292,229,4,1,104,False,True
2292,229,5,1,104,True,True
2293,229,1,1,111,True,False
2294,229,1,1,6,False,False
2294,229,1,2,0,True,True
2295,229,1,1,63,True,True
2296,229,1,1,133,True,True
2297,229,1,1,154,True,True
2298,229,1,1,78,True,True
2299,229,1,1,10,True,True
2300,230,1,1,109,False,False
2300,230,1,2,108,True,True
2301,230,1,1,41,True,True
2302,230,1,1,107,False,True
2302,230,2,1,96,False,False
2302,230,2,2,89,True,True
2303,230,1,1,121,False,True
2303,230,2,1,128,True,True
2304,230,1,1,59,False,True
2304,230,2,1,58,True,True
2305,230,1,1,1,False,True
2305,230,2,1,1,False,True
2305,230,3,1,10,True,True
2306,230,1,1,77,True,True
2307,230,1,1,98,False,False
2307,230,1,2,105,True,True
2308,230,1,1,121,True,True
2309,230,1,1,33,False,False
2309,230,1,2,27,True,True
2310,231,1,1,135,True,True
2311,231,1,1,86,True,True
2312,231,1,1,13,False,False
2312,231,1,2,10,True,True
2313,231,1,1,114,False,False
2313,231,1,2,130,False,True
2313,231,2,1,130,True,True
2314,231,1,1,38,True,True
2315,231,1,1,149,True,True
2316,231,1,1,67,True,True
2317,231,1,1,132,True,True
2318,231,1,1,50,True,True
2319,231,1,1,86,True,True
2320,232,1,1,131,True,True
2321,232,1,1,149,True,True
2322,232,1,1,22,True,True
2323,232,1,1,1,True,True
2324,232,1,1,52,False,True
2324,232,2,1,46,True,True
2325,232,1,1,49,False,True
2325,232,2,1,49,False,True
2325,232,3,1,49,False,True
2325,232,4,1,49,True,True
2326,232,1,1,58,True,True
2327,232,1,1,60,True,False
2328,232,1,1,134,False,True
2328,232,2,1,134,True,True
2329,232,1,1,86,False,True
2329,232,2,1,86,False,True
2329,232,3,1,73,True,False
2330,233,1,1,143,True,True
2331,233,1,1,71,True,True
2332,233,1,1,53,False,True
2332,233,2,1,55,True,True
2333,233,1,1,77,True,True
2334,233,1,1,44,True,True
2335,233,1,1,147,True,False
2336,233,1,1,143,True,True
2337,233,1,1,123,True,True
2338,233,1,1,11,True,True
2339,233,1,1,84,False,True
2339,233,2,1,83,False,False
2339,233,2,2,79,False,True
2339,233,3,1,83,False,True
2339,233,4,1,81,False,True
2339,233,5,1,81,True,True
2340,234,1,1,56,False,True
2340,234,2,1,56,True,True
2341,234,1,1,66,True,True
2342,234,1,1,104,True,False
2343,234,1,1,71,True,False
2344,234,1,1,48,False,True
2344,234,2,1,81,False,True
2344,234,3,1,48,True,True
2345,234,1,1,67,True,True
2346,234,1,1,78,True,True
2347,234,1,1,40,False,True
2347,234,2,1,40,True,True
2348,234,1,1,72,True,True
2349,234,1,1,109,True,True
2350,235,1,1,103,False,True
2350,235,2,1,103,False,True
2350,235,3,1,97,True,False
2351,235,1,1,85,True,True
2352,235,1,1,126,False,True
2352,235,2,1,126,False,True
2352,235,3,1,145,False,True
2352,235,4,1,153,True,True
2353,235,1,1,107,True,True
2354,235,1,1,44,False,False
2354,235,1,2,39,True,False
2355,235,1,1,151,True,True
2356,235,1,1,67,True,True
2357,235,1,1,111,False,True
2357,235,2,1,105,True,True
2358,235,1,1,15,False,False
2358,235,1,2,7,False,True
2358,235,2,1,7,False,True
2358,235,3,1,7,False,True
2358,235,4,1,7,False,True
2358,235,5,1,7,False,True
2358,235,6,1,15,False,True
2358,235,7,1,7,False,True
2358,235,8,1,16,False,True
2358,235,9,1,15,True,True
2359,235,1,1,22,False,True
2359,235,2,1,8,False,True
2359,235,3,1,18,True,True
2360,236,1,1,121,True,True
2361,236,1,1,87,True,False
2362,236,1,1,55,False,True
2362,236,2,1,55,True,True
2363,236,1,1,59,False,False
2363,236,1,2,73,False,False
2363,236,1,3,72,True,False
2364,236,1,1,73,False,False
2364,236,1,2,45,False,True
2364,236,2,1,78,True,True
2365,236,1,1,50,False,True
2365,236,2,1,50,True,True
2366,236,1,1,67,True,False
2367,236,1,1,119,True,True
2368,236,1,1,101,True,False
2369,236,1,1,22,True,True
2370,237,1,1,59,False,True
2370,237,2,1,59,False,True
2370,237,3,1,66,False,True
2370,237,4,1,66,False,True
2370,237,5,1,65,True,False
2371,237,1,1,38,False,False
2371,237,1,2,13,False,True
2371,237,2,1,13,True,True
2372,237,1,1,8,True,True
2373,237,1,1,15,False,False
2373,237,1,2,42,False,False
2373,237,1,3,45,True,True
2374,237,1,1,72,True,True
2375,237,1,1,122,False,True
2375,237,2,1,139,True,False
2376,237,1,1,46,False,False
2376,237,1,2,43,False,True
2376,237,2,1,53,True,True
2377,237,1,1,56,False,True
2377,237,2,1,63,True,True
2378,237,1,1,50,False,False
2378,237,1,2,45,True,False
2379,237,1,1,102,True,False
2380,238,1,1,57,False,False
2380,238,1,2,64,False,True
2380,238,2,1,64,True,True
2381,238,1,1,103,False,True
2381,238,2,1,119,True,True
2382,238,1,1,70,False,True
2382,238,2,1,57,False,True
2382,238,3,1,71,True,False
2383,238,1,1,93,False,True
2383,238,2,1,93,False,True
2383,238,3,1,93,False,True
2383,238,4,1,95,True,True
2384,238,1,1,70,True,True
2385,238,1,1,146,False,True
2385,238,2,1,146,True,True
2386,238,1,1,41,True,True
2387,238,1,1,49,True,True
2388,238,1,1,54,False,True
2388,238,2,1,54,True,True
2389,238,1,1,114,False,True
2389,238,2,1,114,False,True
2389,238,3,1,95,True,True
2390,239,1,1,91,False,True
2390,239,2,1,83,False,True
2390,239,3,1,84,False,True
2390,239,4,1,83,False,True
2390,239,5,1,82,False,True
2390,239,6,1,78,False,True
2390,239,7,1,78,False,True
2390,239,8,1,78,True,True
2391,239,1,1,53,True,False
2392,239,1,1,41,True,True
2393,239,1,1,98,False,False
2393,239,1,2,105,False,False
2393,239,1,3,154,True,True
2394,239,1,1,20,False,True
2394,239,2,1,24,False,False
2394,239,2,2,23,True,True
2395,239,1,1,20,True,True
2396,239,1,1,102,True,False
2397,239,1,1,110,False,True
2397,239,2,1,127,False,True
2397,239,3,1,128,False,True
2397,239,4,1,119,False,False
2397,239,4,2,118,True,True
2398,239,1,1,132,False,True
2398,239,2,1,127,True,False
2399,239,1,1,109,False,False
2399,239,1,2,85,False,False
2399,239,1,3,76,False,True
2399,239,2,1,89,True,True
2400,240,1,1,75,False,True
2400,240,2,1,75,False,True
2400,240,3,1,68,True,False
2401,240,1,1,65,True,False
2402,240,1,1,133,False,True
2402,240,2,1,134,True,False
2403,240,1,1,65,True,False
2404,240,1,1,47,True,False
2405,240,1,1,31,True,False
2406,240,1,1,72,False,False
2406,240,1,2,104,True,False
2407,240,1,1,78,True,False
2408,240,1,1,143,True,True
2409,240,1,1,98,True,True
2410,241,1,1,40,True,True
2411,241,1,1,154,False,True
2411,241,2,1,148,False,True
2411,241,3,1,133,False,False
2411,241,3,2,129,False,True
2411,241,4,1,129,True,True
2412,241,1,1,111,True,False
2413,241,1,1,69,True,False
2414,241,1,1,119,True,True
2415,241,1,1,51,False,False
2415,241,1,2,52,True,True
2416,241,1,1,97,True,False
2417,241,1,1,146,False,True
2417,241,2,1,146,True,True
2418,241,1,1,27,False,True
2418,241,2,1,15,True,True
2419,241,1,1,80,True,True
2420,242,1,1,154,True,True
2421,242,1,1,126,True,False
2422,242,1,1,55,True,False
2423,242,1,1,2,True,True
2424,242,1,1,90,False,True
2424,242,2,1,100,False,False
2424,242,2,2,108,False,True
2424,242,3,1,108,False,True
2424,242,4,1,108,True,True
2425,242,1,1,2,True,True
2426,242,1,1,110,False,False
2426,242,1,2,127,False,True
2426,242,2,1,110,False,True
2426,242,3,1,102,True,True
2427,242,1,1,61,True,True
2428,242,1,1,62,True,True
2429,242,1,1,110,True,False
2430,243,1,1,62,True,True
2431,243,1,1,63,False,False
2431,243,1,2,70,True,False
2432,243,1,1,20,True,True
2433,243,1,1,119,True,True
2434,243,1,1,86,True,True
2435,243,1,1,22,True,False
2436,243,1,1,43,False,True
2436,243,2,1,43,False,True
2436,243,3,1,43,True,True
2437,243,1,1,11,True,True
2438,243,1,1,89,True,True
2439,243,1,1,128,False,True
2439,243,2,1,133,True,True
2440,244,1,1,20,False,True
2440,244,2,1,20,True,True
2441,244,1,1,144,False,True
2441,244,2,1,148,True,True
2442,244,1,1,55,True,True
2443,244,1,1,54,True,True
2444,244,1,1,95,False,True
2444,244,2,1,95,False,True
2444,244,3,1,114,False,True
2444,244,4,1,114,False,True
2444,244,5,1,130,False,True
2444,244,6,1,95,True,True
2445,244,1,1,30,True,True
2446,244,1,1,77,False,True
2446,244,2,1,73,False,True
2446,244,3,1,73,False,True
2446,244,4,1,86,False,True
2446,244,5,1,78,True,True
2447,244,1,1,66,False,True
2447,244,2,1,59,False,True
2447,244,3,1,59,False,True
2447,244,4,1,59,False,True
2447,244,5,1,59,False,True
2447,244,6,1,59,True,True
2448,244,1,1,46,True,True
2449,244,1,1,59,False,True
2449,244,2,1,72,True,True
2450,245,1,1,77,True,True
2451,245,1,1,63,True,False
2452,245,1,1,13,False,False
2452,245,1,2,10,True,True
2453,245,1,1,58,True,True
2454,245,1,1,143,True,True
2455,245,1,1,14,True,True
2456,245,1,1,54,False,True
2456,245,2,1,89,True,True
2457,245,1,1,14,False,True
2457,245,2,1,20,False,True
2457,245,3,1,14,False,True
2457,245,4,1,14,False,True
2457,245,5,1,13,True,True
2458,245,1,1,82,False,True
2458,245,2,1,78,True,True
2459,245,1,1,117,False,True
2459,245,2,1,116,True,True
2460,246,1,1,86,False,True
2460,246,2,1,85,True,True
2461,246,1,1,106,False,False
2461,246,1,2,112,False,False
2461,246,1,3,113,False,False
2461,246,1,4,114,False,True
2461,246,2,1,114,False,True
2461,246,3,1,125,True,False
2462,246,1,1,124,False,True
2462,246,2,1,154,False,True
2462,246,3,1,154,False,True
2462,246,4,1,154,True,True
2463,246,1,1,148,False,True
2463,246,2,1,148,False,True
2463,246,3,1,144,False,True
2463,246,4,1,144,False,True
2463,246,5,1,148,False,True
2463,246,6,1,149,False,True
2463,246,7,1,154,True,True
2464,246,1,1,72,True,True
2465,246,1,1,86,True,True
2466,246,1,1,110,False,True
2466,246,2,1,109,True,True
2467,246,1,1,118,False,True
2467,246,2,1,118,True,True
2468,246,1,1,38,False,True
2468,246,2,1,38,True,True
2469,246,1,1,3,True,True
2470,247,1,1,74,True,False
2471,247,1,1,73,True,True
2472,247,1,1,8,False,True
2472,247,2,1,5,True,True
2473,247,1,1,4,True,True
2474,247,1,1,95,True,True
2475,247,1,1,143,True,True
2476,247,1,1,81,True,True
2477,247,1,1,14,False,True
2477,247,2,1,11,True,True
2478,247,1,1,4,True,True
2479,247,1,1,60,False,True
2479,247,2,1,68,True,False
2480,248,1,1,22,True,False
2481,248,1,1,146,True,True
2482,248,1,1,7,False,True
2482,248,2,1,7,False,True
2482,248,3,1,5,True,True
2483,248,1,1,42,False,True
2483,248,2,1,27,True,True
2484,248,1,1,15,False,True
2484,248,2,1,42,True,True
2485,248,1,1,67,False,True
2485,248,2,1,78,True,True
2486,248,1,1,34,True,True
2487,248,1,1,30,True,False
2488,248,1,1,49,False,True
2488,248,2,1,37,False,True
2488,248,3,1,49,True,True
2489,248,1,1,77,True,True
2490,249,1,1,78,False,False
2490,249,1,2,79,False,False
2490,249,1,3,75,True,False
2491,249,1,1,121,True,False
2492,249,1,1,121,True,True
2493,249,1,1,84,True,True
2494,249,1,1,23,True,True
2495,249,1,1,30,False,True
2495,249,2,1,30,True,True
2496,249,1,1,137,False,True
2496,249,2,1,149,True,True
2497,249,1,1,72,True,True
2498,249,1,1,143,False,True
2498,249,2,1,127,False,False
2498,249,2,2,109,False,True
2498,249,3,1,110,False,False
2498,249,3,2,119,True,True
2499,249,1,1,54,True,False
2500,250,1,1,101,True,False
2501,250,1,1,123,True,False
2502,250,1,1,140,False,True
2502,250,2,1,136,True,False
2503,250,1,1,34,False,False
2503,250,1,2,16,False,False
2503,250,1,3,4,True,True
2504,250,1,1,113,False,False
2504,250,1,2,137,False,True
2504,250,2,1,124,True,True
2505,250,1,1,104,True,True
2506,250,1,1,20,False,True
2506,250,2,1,14,False,True
2506,250,3,1,10,True,True
2507,250,1,1,93,True,True
2508,250,1,1,103,False,False
2508,250,1,2,109,True,True
2509,250,1,1,103,True,False
2510,251,1,1,77,False,True
2510,251,2,1,77,False,True
2510,251,3,1,77,True,True
2511,251,1,1,71,False,False
2511,251,1,2,70,False,True
2511,251,2,1,70,True,True
2512,251,1,1,141,False,True
2512,251,2,1,149,True,True
2513,251,1,1,139,False,True
2513,251,2,1,143,False,True
2513,251,3,1,127,False,False
2513,251,3,2,110,False,True
2513,251,4,1,151,True,True
2514,251,1,1,46,True,False
2515,251,1,1,50,True,True
2516,251,1,1,22,True,True
2517,251,1,1,95,False,True
2517,251,2,1,94,False,False
2517,251,2,2,88,True,True
2518,251,1,1,44,True,True
2519,251,1,1,136,False,False
2519,251,1,2,144,False,True
2519,251,2,1,135,True,True
2520,252,1,1,31,True,True
2521,252,1,1,67,False,False
2521,252,1,2,68,False,True
2521,252,2,1,75,False,False
2521,252,2,2,79,True,True
2522,252,1,1,31,True,False
2523,252,1,1,99,False,True
2523,252,2,1,99,True,True
2524,252,1,1,146,True,True
2525,252,1,1,99,True,True
2526,252,1,1,23,True,True
2527,252,1,1,61,True,True
2528,252,1,1,66,True,True
2529,252,1,1,135,False,True
2529,252,2,1,134,True,True
2530,253,1,1,19,False,True
2530,253,2,1,19,False,True
2530,253,3,1,18,True,True
2531,253,1,1,73,True,False
2532,253,1,1,50,True,False
2533,253,1,1,69,True,True
2534,253,1,1,135,False,True
2534,253,2,1,135,True,True
2535,253,1,1,134,False,True
2535,253,2,1,93,False,True
2535,253,3,1,88,True,True
2536,253,1,1,52,False,True
2536,253,2,1,67,False,True
2536,253,3,1,51,False,True
2536,253,4,1,52,True,True
2537,253,1,1,110,False,False
2537,253,1,2,109,False,True
2537,253,2,1,152,True,True
2538,253,1,1,131,True,True
2539,253,1,1,119,True,False
2540,254,1,1,91,True,True
2541,254,1,1,85,True,True
2542,254,1,1,85,False,True
2542,254,2,1,96,False,True
2542,254,3,1,90,False,True
2542,254,4,1,90,False,True
2542,254,5,1,90,False,True
2542,254,6,1,101,True,False
2543,254,1,1,76,True,True
2544,254,1,1,150,False,False
2544,254,1,2,153,False,True
2544,254,2,1,152,False,True
2544,254,3,1,152,False,True
2544,254,4,1,152,False,True
2544,254,5,1,151,False,True
2544,254,6,1,151,True,True
2545,254,1,1,145,True,True
2546,254,1,1,147,False,True
2546,254,2,1,147,False,True
2546,254,3,1,146,False,True
2546,254,4,1,146,True,True
2547,254,1,1,127,False,True
2547,254,2,1,127,False,True
2547,254,3,1,127,False,True
2547,254,4,1,127,False,True
2547,254,5,1,127,True,True
2548,254,1,1,78,True,False
2549,254,1,1,100,False,True
2549,254,2,1,100,True,True
2550,255,1,1,67,False,True
2550,255,2,1,67,True,True
2551,255,1,1,98,False,True
2551,255,2,1,98,False,True
2551,255,3,1,105,False,False
2551,255,3,2,122,False,False
2551,255,3,3,129,True,False
2552,255,1,1,15,False,True
2552,255,2,1,32,True,True
2553,255,1,1,59,True,True
2554,255,1,1,98,True,True
2555,255,1,1,120,True,False
2556,255,1,1,15,True,True
2557,255,1,1,89,True,True
2558,255,1,1,73,True,True
2559,255,1,1,141,False,True
2559,255,2,1,141,True,True
2560,256,1,1,104,False,True
2560,256,2,1,105,False,False
2560,256,2,2,98,True,False
2561,256,1,1,90,True,True
2562,256,1,1,89,True,True
2563,256,1,1,38,True,True
2564,256,1,1,132,True,True
2565,256,1,1,45,False,True
2565,256,2,1,52,True,True
2566,256,1,1,79,False,True
2566,256,2,1,78,False,True
2566,256,3,1,78,True,True
2567,256,1,1,77,True,True
2568,256,1,1,64,False,True
2568,256,2,1,63,False,True
2568,256,3,1,63,True,True
2569,256,1,1,31,True,True
2570,257,1,1,34,True,False
2571,257,1,1,154,False,True
2571,257,2,1,154,True,True
2572,257,1,1,147,True,False
2573,257,1,1,153,True,True
2574,257,1,1,42,True,True
2575,257,1,1,59,False,True
2575,257,2,1,59,False,True
2575,257,3,1,59,False,True
2575,257,4,1,59,True,True
2576,257,1,1,20,False,True
2576,257,2,1,14,False,True
2576,257,3,1,14,True,True
2577,257,1,1,65,True,True
2578,257,1,1,66,True,True
2579,257,1,1,16,False,False
2579,257,1,2,17,True,True
2580,258,1,1,34,False,True
2580,258,2,1,21,False,True
2580,258,3,1,27,True,False
2581,258,1,1,127,False,True
2581,258,2,1,152,False,True
2581,258,3,1,143,False,True
2581,258,4,1,152,True,True
2582,258,1,1,75,True,True
2583,258,1,1,154,True,True
2584,258,1,1,66,False,True
2584,258,2,1,77,True,True
2585,258,1,1,7,False,True
2585,258,2,1,3,False,True
2585,258,3,1,15,False,False
2585,258,3,2,16,True,True
2586,258,1,1,128,False,True
2586,258,2,1,121,False,True
2586,258,3,1,121,True,True
2587,258,1,1,120,True,False
2588,258,1,1,39,True,True
2589,258,1,1,66,False,True
2589,258,2,1,82,True,True
2590,259,1,1,126,True,False
2591,259,1,1,101,True,True
2592,259,1,1,22,True,False
2593,259,1,1,85,True,True
2594,259,1,1,143,False,True
2594,259,2,1,151,True,True
2595,259,1,1,146,True,True
2596,259,1,1,14,True,True
2597,259,1,1,64,False,True
2597,259,2,1,64,True,True
2598,259,1,1,147,True,True
2599,259,1,1,141,True,True
2600,260,1,1,143,True,True
2601,260,1,1,56,True,True
2602,260,1,1,71,True,True
2603,260,1,1,151,False,True
2603,260,2,1,143,True,True
2604,260,1,1,76,True,True
2605,260,1,1,102,False,True
2605,260,2,1,109,False,False
2605,260,2,2,110,False,False
2605,260,2,3,127,False,True
2605,260,3,1,110,False,True
2605,260,4,1,109,False,False
2605,260,4,2,108,True,True
2606,260,1,1,27,True,True
2607,260,1,1,54,False,True
2607,260,2,1,56,False,True
2607,260,3,1,54,False,True
2607,260,4,1,56,True,True
2608,260,1,1,118,True,True
2609,260,1,1,82,True,False
2610,261,1,1,73,True,False
2611,261,1,1,35,False,True
2611,261,2,1,18,True,False
2612,261,1,1,61,True,False
2613,261,1,1,69,True,False
2614,261,1,1,98,False,True
2614,261,2,1,68,True,False
2615,261,1,1,144,False,True
2615,261,2,1,144,True,True
2616,261,1,1,65,True,True
2617,261,1,1,43,False,False
2617,261,1,2,36,False,True
2617,261,2,1,28,True,True
2618,261,1,1,88,True,True
2619,261,1,1,71,False,False
2619,261,1,2,70,False,True
2619,261,2,1,65,True,True
2620,262,1,1,85,False,True
2620,262,2,1,76,True,True
2621,262,1,1,97,False,True
2621,262,2,1,103,True,False
2622,262,1,1,53,False,True
2622,262,2,1,47,False,True
2622,262,3,1,36,False,False
2622,262,3,2,22,False,True
2622,262,4,1,22,False,True
2622,262,5,1,53,True,True
2623,262,1,1,62,True,True
2624,262,1,1,32,True,True
2625,262,1,1,143,True,True
2626,262,1,1,111,False,True
2626,262,2,1,111,True,True
2627,262,1,1,101,True,True
2628,262,1,1,100,False,False
2628,262,1,2,96,False,True
2628,262,2,1,89,True,True
2629,262,1,1,145,False,True
2629,262,2,1,131,False,True
2629,262,3,1,138,False,True
2629,262,4,1,138,False,True
2629,262,5,1,145,False,True
2629,262,6,1,142,True,True
2630,263,1,1,147,False,True
2630,263,2,1,133,True,True
2631,263,1,1,154,True,True
2632,263,1,1,132,True,True
2633,263,1,1,119,False,True
2633,263,2,1,120,True,False
2634,263,1,1,128,True,False
2635,263,1,1,18,False,False
2635,263,1,2,12,False,True
2635,263,2,1,48,False,True
2635,263,3,1,47,True,True
2636,263,1,1,114,False,False
2636,263,1,2,137,True,True
2637,263,1,1,134,False,True
2637,263,2,1,148,True,True
2638,263,1,1,40,True,True
2639,263,1,1,85,True,False
2640,264,1,1,97,True,False
2641,264,1,1,105,False,True
2641,264,2,1,105,True,True
2642,264,1,1,66,False,False
2642,264,1,2,59,True,True
2643,264,1,1,88,True,True
2644,264,1,1,6,True,True
2645,264,1,1,39,False,False
2645,264,1,2,40,True,False
2646,264,1,1,3,True,True
2647,264,1,1,39,False,True
2647,264,2,1,39,True,True
2648,264,1,1,65,True,False
2649,264,1,1,36,False,True
2649,264,2,1,36,True,True
2650,265,1,1,63,False,False
2650,265,1,2,64,False,False
2650,265,1,3,65,False,True
2650,265,2,1,29,False,True
2650,265,3,1,37,True,False
2651,265,1,1,146,True,True
2652,265,1,1,104,False,True
2652,265,2,1,104,True,True
2653,265,1,1,89,True,True
2654,265,1,1,73,True,False
2655,265,1,1,75,True,False
2656,265,1,1,150,True,True
2657,265,1,1,138,True,True
2658,265,1,1,25,False,True
2658,265,2,1,30,False,True
2658,265,3,1,30,False,True
2658,265,4,1,38,True,True
2659,265,1,1,147,True,True
2660,266,1,1,97,False,False
2660,266,1,2,119,False,True
2660,266,2,1,66,False,False
2660,266,2,2,50,True,True
2661,266,1,1,147,False,True
2661,266,2,1,133,True,True
2662,266,1,1,70,True,False
2663,266,1,1,70,True,True
2664,266,1,1,78,True,True
2665,266,1,1,96,False,True
2665,266,2,1,96,False,True
2665,266,3,1,90,True,True
2666,266,1,1,31,False,True
2666,266,2,1,32,False,False
2666,266,2,2,33,False,False
2666,266,2,3,21,False,True
2666,266,3,1,33,False,True
2666,266,4,1,33,False,True
2666,266,5,1,33,True,True
2667,266,1,1,90,True,True
2668,266,1,1,85,False,False
2668,266,1,2,77,True,True
2669,266,1,1,74,True,True
2670,267,1,1,54,True,False
2671,267,1,1,153,False,True
2671,267,2,1,153,True,True
2672,267,1,1,11,False,True
2672,267,2,1,11,False,True
2672,267,3,1,11,True,True
2673,267,1,1,148,False,True
2673,267,2,1,148,False,True
2673,267,3,1,148,False,True
2673,267,4,1,148,False,True
2673,267,5,1,154,False,True
2673,267,6,1,154,True,True
2674,267,1,1,41,True,True
2675,267,1,1,142,False,True
2675,267,2,1,138,True,True
2676,267,1,1,86,False,True
2676,267,2,1,86,False,True
2676,267,3,1,86,False,True
2676,267,4,1,77,True,True
2677,267,1,1,0,True,True
2678,267,1,1,111,False,True
2678,267,2,1,111,False,True
2678,267,3,1,134,True,False
2679,267,1,1,129,True,False
2680,268,1,1,99,False,True
2680,268,2,1,99,True,True
2681,268,1,1,82,False,False
2681,268,1,2,79,True,True
2682,268,1,1,121,True,True
2683,268,1,1,151,False,True
2683,268,2,1,151,False,True
2683,268,3,1,152,True,True
2684,268,1,1,95,True,True
2685,268,1,1,78,True,True
2686,268,1,1,39,True,False
2687,268,1,1,85,True,True
2688,268,1,1,20,False,True
2688,268,2,1,20,False,True
2688,268,3,1,14,False,True
2688,268,4,1,10,True,True
2689,268,1,1,85,True,True
2690,269,1,1,52,True,True
2691,269,1,1,4,False,True
2691,269,2,1,21,True,True
2692,269,1,1,16,False,True
2692,269,2,1,7,False,True
2692,269,3,1,3,False,True
2692,269,4,1,7,False,True
2692,269,5,1,7,False,True
2692,269,6,1,7,False,True
2692,269,7,1,7,False,True
2692,269,8,1,3,True,True
2693,269,1,1,92,False,False
2693,269,1,2,112,True,False
2694,269,1,1,73,True,True
2695,269,1,1,69,True,False
2696,269,1,1,49,False,True
2696,269,2,1,54,True,False
2697,269,1,1,18,True,True
2698,269,1,1,28,True,True
2699,269,1,1,28,True,True
2700,270,1,1,27,True,False
2701,270,1,1,139,True,True
2702,270,1,1,21,True,True
2703,270,1,1,99,False,True
2703,270,2,1,99,False,True
2703,270,3,1,107,True,True
2704,270,1,1,41,True,True
2705,270,1,1,139,False,True
2705,270,2,1,139,False,True
2705,270,3,1,139,False,True
2705,270,4,1,146,False,True
2705,270,5,1,143,False,True
2705,270,6,1,152,True,True
2706,270,1,1,67,False,True
2706,270,2,1,66,False,True
2706,270,3,1,67,True,False
2707,270,1,1,142,False,True
2707,270,2,1,150,True,True
2708,270,1,1,85,True,True
2709,270,1,1,147,True,True
2710,271,1,1,75,True,True
2711,271,1,1,59,True,True
2712,271,1,1,93,False,True
2712,271,2,1,93,False,True
2712,271,3,1,112,False,True
2712,271,4,1,112,True,True
2713,271,1,1,72,False,True
2713,271,2,1,72,False,True
2713,271,3,1,72,True,True
2714,271,1,1,67,True,False
2715,271,1,1,56,False,True
2715,271,2,1,56,False,True
2715,271,3,1,62,True,True
2716,271,1,1,63,True,False
2717,271,1,1,98,False,True
2717,271,2,1,105,False,True
2717,271,3,1,111,False,False
2717,271,3,2,122,False,True
2717,271,4,1,122,False,True
2717,271,5,1,111,True,False
2718,271,1,1,39,False,True
2718,271,2,1,39,True,True
2719,271,1,1,62,True,True
2720,272,1,1,124,False,False
2720,272,1,2,93,False,False
2720,272,1,3,88,False,False
2720,272,1,4,84,False,False
2720,272,1,5,81,True,False
2721,272,1,1,90,False,True
2721,272,2,1,70,True,False
2722,272,1,1,141,False,True
2722,272,2,1,141,True,True
2723,272,1,1,94,True,False
2724,272,1,1,91,True,True
2725,272,1,1,82,False,False
2725,272,1,2,74,False,True
2725,272,2,1,72,True,False
2726,272,1,1,6,False,True
2726,272,2,1,6,True,True
2727,272,1,1,149,False,True
2727,272,2,1,148,False,True
2727,272,3,1,148,False,True
2727,272,4,1,148,True,True
2728,272,1,1,122,False,False
2728,272,1,2,76,True,True
2729,272,1,1,95,True,True
2730,273,1,1,58,True,True
2731,273,1,1,75,False,True
2731,273,2,1,75,False,True
2731,273,3,1,75,False,True
2731,273,4,1,78,True,True
2732,273,1,1,42,False,True
2732,273,2,1,34,False,True
2732,273,3,1,34,False,True
2732,273,4,1,34,False,True
2732,273,5,1,42,True,False
2733,273,1,1,45,True,False
2734,273,1,1,117,True,True
2735,273,1,1,91,False,True
2735,273,2,1,79,False,True
2735,273,3,1,79,False,True
2735,273,4,1,79,True,True
2736,273,1,1,67,True,True
2737,273,1,1,50,True,True
2738,273,1,1,90,False,False
2738,273,1,2,96,False,False
2738,273,1,3,126,False,False
2738,273,1,4,138,True,False
2739,273,1,1,37,False,True
2739,273,2,1,37,True,True
2740,274,1,1,84,True,True
2741,274,1,1,83,True,True
2742,274,1,1,10,True,True
2743,274,1,1,95,True,True
2744,274,1,1,45,True,True
2745,274,1,1,134,True,True
2746,274,1,1,89,True,True
2747,274,1,1,104,False,True
2747,274,2,1,105,True,True
2748,274,1,1,41,False,True
2748,274,2,1,59,True,True
2749,274,1,1,91,False,True
2749,274,2,1,91,False,True
2749,274,3,1,98,False,False
2749,274,3,2,105,True,False
2750,275,1,1,76,False,True
2750,275,2,1,85,True,True
2751,275,1,1,55,True,True
2752,275,1,1,116,False,False
2752,275,1,2,115,True,True
2753,275,1,1,125,False,True
2753,275,2,1,125,False,True
2753,275,3,1,124,False,False
2753,275,3,2,123,True,True
2754,275,1,1,39,False,True
2754,275,2,1,40,True,False
2755,275,1,1,0,True,True
2756,275,1,1,62,True,False
2757,275,1,1,32,True,True
2758,275,1,1,86,False,True
2758,275,2,1,86,True,True
2759,275,1,1,38,True,True
2760,276,1,1,74,True,False
2761,276,1,1,139,False,True
2761,276,2,1,128,True,False
2762,276,1,1,123,False,True
2762,276,2,1,133,False,True
2762,276,3,1,134,False,True
2762,276,4,1,122,False,True
2762,276,5,1,122,False,True
2762,276,6,1,122,False,True
2762,276,7,1,122,False,True
2762,276,8,1,122,False,True
2762,276,9,1,122,False,True
2762,276,10,1,122,False,True
2762,276,11,1,139,True,True
2763,276,1,1,108,False,False
2763,276,1,2,101,True,False
2764,276,1,1,151,True,True
2765,276,1,1,13,False,True
2765,276,2,1,13,False,True
2765,276,3,1,24,False,False
2765,276,3,2,29,False,False
2765,276,3,3,37,False,True
2765,276,4,1,37,True,True
2766,276,1,1,20,True,True
2767,276,1,1,14,True,False
2768,276,1,1,121,True,True
2769,276,1,1,132,True,False
2770,277,1,1,85,True,True
2771,277,1,1,70,True,True
2772,277,1,1,75,True,True
2773,277,1,1,41,False,False
2773,277,1,2,31,True,True
2774,277,1,1,50,False,True
2774,277,2,1,50,False,True
2774,277,3,1,50,False,True
2774,277,4,1,33,False,False
2774,277,4,2,27,True,True
2775,277,1,1,61,True,True
2776,277,1,1,129,True,True
2777,277,1,1,151,True,True
2778,277,1,1,12,False,False
2778,277,1,2,9,True,True
2779,277,1,1,42,False,True
2779,277,2,1,33,False,False
2779,277,2,2,32,True,True
2780,278,1,1,80,True,True
2781,278,1,1,66,False,True
2781,278,2,1,66,False,True
2781,278,3,1,50,True,False
2782,278,1,1,73,True,True
2783,278,1,1,25,False,True
2783,278,2,1,30,False,True
2783,278,3,1,30,False,True
2783,278,4,1,31,False,True
2783,278,5,1,25,False,True
2783,278,6,1,25,False,True
2783,278,7,1,30,False,True
2783,278,8,1,24,False,True
2783,278,9,1,25,False,True
2783,278,10,1,25,False,True
2783,278,11,1,30,False,True
2783,278,12,1,25,True,True
2784,278,1,1,7,True,False
2785,278,1,1,35,True,True
2786,278,1,1,7,True,True
2787,278,1,1,117,False,True
2787,278,2,1,132,True,True
2788,278,1,1,15,True,True
2789,278,1,1,142,False,True
2789,278,2,1,145,True,False
2790,279,1,1,77,False,False
2790,279,1,2,74,False,True
2790,279,2,1,76,True,True
2791,279,1,1,15,False,True
2791,279,2,1,16,False,True
2791,279,3,1,4,False,True
2791,279,4,1,16,False,False
2791,279,4,2,17,True,False
2792,279,1,1,46,True,True
2793,279,1,1,89,True,True
2794,279,1,1,30,False,True
2794,279,2,1,44,True,True
2795,279,1,1,47,False,False
2795,279,1,2,48,True,True
2796,279,1,1,98,False,False
2796,279,1,2,104,False,False
2796,279,1,3,121,True,False
2797,279,1,1,129,True,True
2798,279,1,1,59,True,True
2799,279,1,1,112,True,True
2800,280,1,1,13,False,True
2800,280,2,1,24,True,True
2801,280,1,1,135,True,True
2802,280,1,1,152,False,True
2802,280,2,1,143,False,True
2802,280,3,1,143,True,True
2803,280,1,1,59,False,True
2803,280,2,1,59,True,True
2804,280,1,1,16,False,True
2804,280,2,1,28,True,True
2805,280,1,1,50,True,False
2806,280,1,1,46,False,True
2806,280,2,1,55,False,True
2806,280,3,1,52,False,True
2806,280,4,1,46,False,True
2806,280,5,1,46,False,True
2806,280,6,1,55,True,True
2807,280,1,1,10,False,True
2807,280,2,1,10,True,True
2808,280,1,1,71,False,True
2808,280,2,1,71,False,True
2808,280,3,1,70,True,False
2809,280,1,1,102,False,True
2809,280,2,1,85,True,True
2810,281,1,1,56,True,True
2811,281,1,1,146,False,True
2811,281,2,1,146,True,True
2812,281,1,1,70,True,False
2813,281,1,1,91,True,False
2814,281,1,1,81,True,True
2815,281,1,1,124,True,True
2816,281,1,1,97,False,True
2816,281,2,1,97,False,True
2816,281,3,1,103,True,True
2817,281,1,1,71,False,True
2817,281,2,1,71,True,True
2818,281,1,1,90,True,False
2819,281,1,1,42,False,True
2819,281,2,1,33,True,True
2820,282,1,1,151,True,True
2821,282,1,1,80,False,False
2821,282,1,2,69,False,True
2821,282,2,1,81,True,False
2822,282,1,1,16,False,True
2822,282,2,1,34,True,True
2823,282,1,1,14,True,True
2824,282,1,1,151,True,True
2825,282,1,1,53,False,True
2825,282,2,1,53,True,True
2826,282,1,1,71,True,True
2827,282,1,1,47,True,True
2828,282,1,1,49,False,True
2828,282,2,1,38,True,True
2829,282,1,1,103,False,False
2829,282,1,2,122,False,False
2829,282,1,3,129,False,False
2829,282,1,4,133,True,True
2830,283,1,1,59,False,False
2830,283,1,2,50,True,True
2831,283,1,1,91,False,False
2831,283,1,2,92,False,True
2831,283,2,1,87,False,False
2831,283,2,2,83,True,True
2832,283,1,1,48,False,True
2832,283,2,1,61,True,True
2833,283,1,1,32,True,True
2834,283,1,1,111,False,True
2834,283,2,1,111,False,True
2834,283,3,1,122,True,True
2835,283,1,1,116,False,True
2835,283,2,1,116,False,True
2835,283,3,1,116,False,True
2835,283,4,1,89,True,True
2836,283,1,1,71,True,True
2837,283,1,1,90,True,True
2838,283,1,1,33,True,False
2839,283,1,1,83,False,True
2839,283,2,1,83,False,True
2839,283,3,1,83,False,True
2839,283,4,1,88,True,True
2840,284,1,1,134,False,True
2840,284,2,1,133,False,True
2840,284,3,1,134,False,True
2840,284,4,1,139,False,True
2840,284,5,1,139,False,True
2840,284,6,1,144,True,True
2841,284,1,1,33,False,True
2841,284,2,1,32,True,True
2842,284,1,1,89,True,True
2843,284,1,1,80,True,True
2844,284,1,1,67,True,True
2845,284,1,1,103,True,True
2846,284,1,1,67,True,True
2847,284,1,1,133,False,True
2847,284,2,1,129,True,False
2848,284,1,1,146,True,True
2849,284,1,1,65,True,True
2850,285,1,1,40,True,False
2851,285,1,1,92,True,True
2852,285,1,1,144,False,False
2852,285,1,2,149,False,True
2852,285,2,1,149,True,True
2853,285,1,1,33,True,True
2854,285,1,1,27,False,False
2854,285,1,2,15,True,True
2855,285,1,1,33,True,True
2856,285,1,1,20,True,True
2857,285,1,1,96,True,False
2858,285,1,1,98,False,True
2858,285,2,1,87,False,False
2858,285,2,2,88,True,True
2859,285,1,1,98,False,True
2859,285,2,1,98,False,True
2859,285,3,1,98,True,True
2860,286,1,1,45,False,False
2860,286,1,2,50,False,False
2860,286,1,3,76,False,True
2860,286,2,1,57,True,True
2861,286,1,1,91,False,True
2861,286,2,1,91,True,True
2862,286,1,1,116,True,False
2863,286,1,1,114,False,True
2863,286,2,1,114,False,True
2863,286,3,1,114,False,True
2863,286,4,1,114,False,True
2863,286,5,1,95,True,True
2864,286,1,1,142,True,True
2865,286,1,1,78,True,True
2866,286,1,1,41,True,True
2867,286,1,1,119,True,True
2868,286,1,1,20,False,True
2868,286,2,1,20,True,True
2869,286,1,1,89,True,True
2870,287,1,1,60,True,True
2871,287,1,1,2,True,True
2872,287,1,1,130,True,True
2873,287,1,1,41,False,True
2873,287,2,1,40,True,False
2874,287,1,1,75,False,True
2874,287,2,1,79,False,False
2874,287,2,2,98,False,False
2874,287,2,3,105,True,True
2875,287,1,1,132,True,True
2876,287,1,1,125,False,False
2876,287,1,2,113,False,True
2876,287,2,1,113,False,True
2876,287,3,1,113,False,True
2876,287,4,1,113,False,True
2876,287,5,1,125,True,False
2877,287,1,1,123,True,False
2878,287,1,1,87,False,True
2878,287,2,1,98,False,True
2878,287,3,1,66,False,True
2878,287,4,1,121,True,True
2879,287,1,1,107,False,True
2879,287,2,1,100,True,False
2880,288,1,1,33,True,True
2881,288,1,1,52,True,True
2882,288,1,1,12,True,False
2883,288,1,1,53,True,True
2884,288,1,1,47,False,True
2884,288,2,1,47,False,True
2884,288,3,1,47,True,True
2885,288,1,1,146,False,False
2885,288,1,2,152,True,True
2886,288,1,1,66,False,True
2886,288,2,1,59,False,True
2886,288,3,1,59,True,True
2887,288,1,1,135,False,True
2887,288,2,1,135,False,True
2887,288,3,1,135,False,True
2887,288,4,1,135,False,True
2887,288,5,1,136,True,True
2888,288,1,1,154,True,True
2889,288,1,1,134,False,True
2889,288,2,1,134,False,True
2889,288,3,1,134,True,True
2890,289,1,1,128,False,True
2890,289,2,1,139,True,True
2891,289,1,1,40,True,True
2892,289,1,1,106,False,False
2892,289,1,2,112,True,True
2893,289,1,1,9,True,True
2894,289,1,1,78,True,False
2895,289,1,1,112,False,False
2895,289,1,2,135,False,True
2895,289,2,1,122,False,True
2895,289,3,1,122,False,True
2895,289,4,1,122,False,True
2895,289,5,1,122,True,True
2896,289,1,1,61,True,True
2897,289,1,1,65,True,True
2898,289,1,1,85,True,True
2899,289,1,1,36,True,True
2900,290,1,1,95,True,True
2901,290,1,1,114,False,True
2901,290,2,1,114,True,True
2902,290,1,1,77,True,True
2903,290,1,1,121,True,True
2904,290,1,1,100,False,True
2904,290,2,1,100,False,True
2904,290,3,1,100,False,True
2904,290,4,1,100,True,True
2905,290,1,1,150,True,False
2906,290,1,1,49,False,True
2906,290,2,1,37,False,False
2906,290,2,2,29,False,False
2906,290,2,3,24,False,True
2906,290,3,1,49,False,True
2906,290,4,1,49,False,True
2906,290,5,1,49,True,True
2907,290,1,1,77,False,False
2907,290,1,2,78,False,False
2907,290,1,3,79,True,True
2908,290,1,1,71,False,False
2908,290,1,2,64,False,False
2908,290,1,3,63,False,True
2908,290,2,1,63,False,True
2908,290,3,1,63,False,True
2908,290,4,1,63,False,True
2908,290,5,1,70,False,False
2908,290,5,2,71,False,True
2908,290,6,1,65,True,True
2909,290,1,1,99,False,True
2909,290,2,1,89,True,True
2910,291,1,1,34,False,True
2910,291,2,1,52,True,True
2911,291,1,1,34,True,True
2912,291,1,1,150,False,True
2912,291,2,1,150,True,True
2913,291,1,1,66,True,True
2914,291,1,1,36,False,True
2914,291,2,1,47,False,True
2914,291,3,1,36,True,True
2915,291,1,1,44,False,True
2915,291,2,1,25,True,True
2916,291,1,1,22,False,True
2916,291,2,1,22,True,True
2917,291,1,1,38,True,True
2918,291,1,1,75,False,True
2918,291,2,1,79,True,False
2919,291,1,1,82,True,True
2920,292,1,1,86,False,True
2920,292,2,1,86,False,True
2920,292,3,1,121,True,True
2921,292,1,1,144,True,True
2922,292,1,1,65,True,True
2923,292,1,1,99,True,True
2924,292,1,1,56,True,True
2925,292,1,1,35,False,True
2925,292,2,1,28,True,False
2926,292,1,1,151,True,True
2927,292,1,1,71,False,True
2927,292,2,1,71,True,True
2928,292,1,1,86,False,True
2928,292,2,1,102,False,True
2928,292,3,1,86,False,True
2928,292,4,1,85,False,True
2928,292,5,1,86,False,True
2928,292,6,1,66,True,True
2929,292,1,1,51,False,False
2929,292,1,2,52,False,True
2929,292,2,1,45,False,True
2929,292,3,1,67,True,True
2930,293,1,1,17,True,True
2931,293,1,1,75,True,True
2932,293,1,1,69,True,True
2933,293,1,1,142,False,True
2933,293,2,1,142,False,True
2933,293,3,1,142,False,True
2933,293,4,1,142,False,True
2933,293,5,1,142,False,True
2933,293,6,1,142,False,True
2933,293,7,1,131,True,True
2934,293,1,1,56,True,True
2935,293,1,1,111,True,True
2936,293,1,1,139,False,False
2936,293,1,2,146,False,True
2936,293,2,1,146,True,True
2937,293,1,1,3,True,True
2938,293,1,1,89,True,True
2939,293,1,1,134,True,True
2940,294,1,1,7,False,True
2940,294,2,1,15,True,True
2941,294,1,1,52,False,False
2941,294,1,2,55,False,False
2941,294,1,3,69,True,True
2942,294,1,1,136,False,True
2942,294,2,1,112,True,False
2943,294,1,1,127,False,True
2943,294,2,1,127,True,True
2944,294,1,1,147,False,True
2944,294,2,1,147,False,True
2944,294,3,1,146,True,False
2945,294,1,1,53,True,True
2946,294,1,1,84,False,True
2946,294,2,1,81,False,False
2946,294,2,2,69,True,False
2947,294,1,1,131,True,True
2948,294,1,1,80,True,True
2949,294,1,1,41,False,False
2949,294,1,2,40,False,False
2949,294,1,3,39,True,True
2950,295,1,1,48,True,True
2951,295,1,1,111,False,True
2951,295,2,1,111,False,True
2951,295,3,1,111,False,True
2951,295,4,1,111,False,True
2951,295,5,1,121,True,True
2952,295,1,1,104,True,False
2953,295,1,1,97,False,True
2953,295,2,1,97,True,True
2954,295,1,1,36,False,True
2954,295,2,1,19,False,True
2954,295,3,1,19,True,True
2955,295,1,1,66,False,True
2955,295,2,1,59,False,True
2955,295,3,1,59,True,True
2956,295,1,1,58,True,False
2957,295,1,1,31,False,True
2957,295,2,1,38,False,False
2957,295,2,2,37,True,True
2958,295,1,1,56,True,False
2959,295,1,1,32,True,True
2960,296,1,1,60,True,True
2961,296,1,1,68,False,False
2961,296,1,2,75,False,False
2961,296,1,3,79,False,False
2961,296,1,4,78,True,False
2962,296,1,1,69,True,False
2963,296,1,1,84,False,True
2963,296,2,1,88,True,False
2964,296,1,1,4,True,True
2965,296,1,1,90,False,True
2965,296,2,1,89,True,True
2966,296,1,1,51,False,True
2966,296,2,1,75,True,True
2967,296,1,1,80,True,True
2968,296,1,1,58,False,True
2968,296,2,1,85,False,False
2968,296,2,2,102,True,True
2969,296,1,1,102,True,True
2970,297,1,1,35,False,False
2970,297,1,2,43,False,False
2970,297,1,3,47,False,True
2970,297,2,1,43,False,True
2970,297,3,1,43,True,True
2971,297,1,1,25,True,True
2972,297,1,1,55,True,True
2973,297,1,1,50,True,True
2974,297,1,1,75,False,True
2974,297,2,1,79,False,False
2974,297,2,2,80,False,False
2974,297,2,3,83,False,False
2974,297,2,4,87,False,True
2974,297,3,1,87,False,True
2974,297,4,1,87,False,True
2974,297,5,1,87,True,True
2975,297,1,1,12,True,True
2976,297,1,1,16,True,True
2977,297,1,1,118,True,True
2978,297,1,1,33,False,True
2978,297,2,1,15,True,True
2979,297,1,1,66,True,True
2980,298,1,1,75,False,True
2980,298,2,1,75,True,True
2981,298,1,1,74,False,True
2981,298,2,1,65,True,True
2982,298,1,1,11,False,True
2982,298,2,1,11,True,True
2983,298,1,1,89,True,False
2984,298,1,1,57,False,True
2984,298,2,1,57,False,True
2984,298,3,1,44,True,True
2985,298,1,1,93,False,True
2985,298,2,1,113,False,True
2985,298,3,1,113,True,True
2986,298,1,1,59,True,True
2987,298,1,1,78,True,False
2988,298,1,1,147,False,True
2988,298,2,1,152,True,True
2989,298,1,1,131,True,True
2990,299,1,1,77,True,False
2991,299,1,1,41,False,False
2991,299,1,2,32,True,True
2992,299,1,1,53,True,True
2993,299,1,1,97,False,True
2993,299,2,1,97,False,True
2993,299,3,1,103,False,False
2993,299,3,2,127,True,True
2994,299,1,1,37,True,True
2995,299,1,1,64,False,True
2995,299,2,1,64,True,True
2996,299,1,1,15,False,True
2996,299,2,1,15,True,True
2997,299,1,1,58,False,False
2997,299,1,2,65,True,True
2998,299,1,1,80,True,False
2999,299,1,1,79,False,False
2999,299,1,2,78,True,False
3000,300,1,1,83,True,False
3001,300,1,1,61,False,False
3001,300,1,2,53,True,True
3002,300,1,1,57,False,True
3002,300,2,1,63,True,False
3003,300,1,1,72,True,True
3004,300,1,1,17,True,True
3005,300,1,1,151,True,True
3006,300,1,1,11,True,True
3007,300,1,1,109,False,True
3007,300,2,1,102,True,True
3008,300,1,1,57,False,True
3008,300,2,1,57,False,True
3008,300,3,1,57,False,True
3008,300,4,1,57,False,True
3008,300,5,1,57,False,True
3008,300,6,1,57,False,True
3008,300,7,1,58,True,True
3009,300,1,1,66,True,True
3010,301,1,1,52,True,True
3011,301,1,1,115,True,True
3012,301,1,1,90,False,True
3012,301,2,1,90,True,True
3013,301,1,1,151,True,True
3014,301,1,1,134,False,True
3014,301,2,1,133,False,False
3014,301,2,2,139,True,True
3015,301,1,1,62,True,True
3016,301,1,1,88,True,True
3017,301,1,1,150,False,True
3017,301,2,1,150,True,True
3018,301,1,1,150,True,True
3019,301,1,1,143,False,True
3019,301,2,1,143,True,True
3020,302,1,1,45,True,False
3021,302,1,1,37,False,True
3021,302,2,1,37,True,True
3022,302,1,1,39,False,False
3022,302,1,2,40,True,True
3023,302,1,1,86,True,True
3024,302,1,1,113,True,True
3025,302,1,1,93,False,True
3025,302,2,1,93,False,True
3025,302,3,1,88,False,True
3025,302,4,1,87,False,False
3025,302,4,2,83,True,False
3026,302,1,1,45,False,False
3026,302,1,2,33,False,True
3026,302,2,1,33,False,True
3026,302,3,1,33,True,True
3027,302,1,1,94,True,False
3028,302,1,1,144,False,True
3028,302,2,1,136,False,True
3028,302,3,1,137,True,False
3029,302,1,1,45,True,False
3030,303,1,1,75,False,True
3030,303,2,1,95,True,True
3031,303,1,1,146,False,True
3031,303,2,1,154,True,True
3032,303,1,1,144,True,True
3033,303,1,1,113,False,True
3033,303,2,1,113,True,True
3034,303,1,1,141,True,True
3035,303,1,1,21,False,True
3035,303,2,1,21,False,True
3035,303,3,1,21,False,True
3035,303,4,1,21,True,True
3036,303,1,1,151,False,True
3036,303,2,1,151,False,True
3036,303,3,1,132,True,True
3037,303,1,1,71,False,True
3037,303,2,1,71,False,True
3037,303,3,1,71,False,True
3037,303,4,1,71,True,True
3038,303,1,1,132,True,True
3039,303,1,1,68,True,True
3040,304,1,1,71,False,False
3040,304,1,2,54,False,True
3040,304,2,1,56,False,False
3040,304,2,2,63,False,True
3040,304,3,1,71,False,True
3040,304,4,1,70,True,True
3041,304,1,1,63,False,True
3041,304,2,1,64,False,False
3041,304,2,2,44,True,True
3042,304,1,1,86,False,False
3042,304,1,2,111,False,True
3042,304,2,1,104,False,False
3042,304,2,2,105,True,False
3043,304,1,1,93,False,True
3043,304,2,1,95,True,True
3044,304,1,1,11,False,True
3044,304,2,1,6,False,True
3044,304,3,1,6,False,True
3044,304,4,1,11,False,True
3044,304,5,1,20,True,True
3045,304,1,1,39,False,False
3045,304,1,2,59,True,False
3046,304,1,1,82,True,True
3047,304,1,1,25,True,True
3048,304,1,1,43,True,True
3049,304,1,1,81,True,True
3050,305,1,1,66,True,False
3051,305,1,1,16,False,True
3051,305,2,1,7,False,True
3051,305,3,1,7,True,True
3052,305,1,1,102,True,True
3053,305,1,1,12,True,False
3054,305,1,1,113,False,False
3054,305,1,2,125,False,False
3054,305,1,3,144,False,True
3054,305,2,1,144,True,True
3055,305,1,1,132,False,True
3055,305,2,1,117,True,True
3056,305,1,1,59,False,False
3056,305,1,2,50,False,False
3056,305,1,3,45,False,True
3056,305,2,1,51,False,False
3056,305,2,2,67,True,True
3057,305,1,1,95,True,True
3058,305,1,1,104,True,True
3059,305,1,1,39,False,True
3059,305,2,1,31,False,True
3059,305,3,1,40,False,True
3059,305,4,1,40,True,True
3060,306,1,1,58,True,True
3061,306,1,1,59,True,True
3062,306,1,1,19,False,True
3062,306,2,1,19,True,True
3063,306,1,1,122,False,True
3063,306,2,1,122,True,True
3064,306,1,1,99,True,True
3065,306,1,1,73,True,True
3066,306,1,1,33,False,False
3066,306,1,2,27,True,True
3067,306,1,1,12,False,True
3067,306,2,1,18,True,True
3068,306,1,1,75,True,True
3069,306,1,1,52,True,True
3070,307,1,1,116,False,True
3070,307,2,1,115,True,True
3071,307,1,1,102,True,True
3072,307,1,1,0,True,True
3073,307,1,1,58,True,True
3074,307,1,1,151,False,True
3074,307,2,1,152,False,True
3074,307,3,1,143,False,True
3074,307,4,1,152,False,True
3074,307,5,1,143,True,False
3075,307,1,1,134,True,True
3076,307,1,1,131,False,True
3076,307,2,1,142,False,True
3076,307,3,1,142,False,True
3076,307,4,1,142,False,True
3076,307,5,1,131,True,True
3077,307,1,1,134,True,True
3078,307,1,1,106,True,True
3079,307,1,1,141,True,True
3080,308,1,1,97,False,True
3080,308,2,1,104,False,True
3080,308,3,1,103,True,True
3081,308,1,1,123,True,True
3082,308,1,1,61,True,True
3083,308,1,1,76,False,True
3083,308,2,1,74,True,True
3084,308,1,1,104,True,True
3085,308,1,1,10,False,True
3085,308,2,1,10,True,True
3086,308,1,1,32,True,False
3087,308,1,1,149,False,True
3087,308,2,1,144,True,True
3088,308,1,1,134,False,False
3088,308,1,2,122,True,True
3089,308,1,1,125,True,False
3090,309,1,1,90,False,False
3090,309,1,2,96,False,True
3090,309,2,1,100,False,False
3090,309,2,2,101,True,True
3091,309,1,1,148,False,True
3091,309,2,1,154,False,True
3091,309,3,1,148,True,True
3092,309,1,1,11,True,True
3093,309,1,1,133,False,True
3093,309,2,1,154,True,True
3094,309,1,1,128,False,True
3094,309,2,1,128,True,True
3095,309,1,1,123,False,True
3095,309,2,1,123,False,True
3095,309,3,1,133,True,True
3096,309,1,1,90,True,True
3097,309,1,1,82,True,False
3098,309,1,1,76,True,True
3099,309,1,1,98,False,True
3099,309,2,1,98,False,True
3099,309,3,1,104,True,True
3100,310,1,1,26,True,True
3101,310,1,1,107,True,True
3102,310,1,1,142,False,True
3102,310,2,1,138,True,True
3103,310,1,1,65,False,True
3103,310,2,1,72,False,True
3103,310,3,1,72,False,True
3103,310,4,1,73,True,True
3104,310,1,1,150,True,False
3105,310,1,1,86,False,True
3105,310,2,1,86,False,True
3105,310,3,1,59,True,True
3106,310,1,1,47,True,True
3107,310,1,1,154,False,True
3107,310,2,1,134,False,True
3107,310,3,1,134,False,True
3107,310,4,1,154,True,True
3108,310,1,1,86,False,True
3108,310,2,1,86,True,True
3109,310,1,1,56,True,True
3110,311,1,1,114,True,True
3111,311,1,1,99,True,True
3112,311,1,1,51,False,True
3112,311,2,1,51,False,True
3112,311,3,1,51,False,True
3112,311,4,1,60,True,False
3113,311,1,1,85,False,False
3113,311,1,2,101,True,True
3114,311,1,1,36,True,True
3115,311,1,1,90,False,True
3115,311,2,1,90,True,True
3116,311,1,1,8,False,True
3116,311,2,1,17,False,True
3116,311,3,1,8,True,True
3117,311,1,1,104,False,True
3117,311,2,1,104,True,True
3118,311,1,1,42,False,True
3118,311,2,1,41,True,False
3119,311,1,1,62,True,True
3120,312,1,1,97,True,True
3121,312,1,1,46,False,False
3121,312,1,2,43,False,True
3121,312,2,1,43,False,True
3121,312,3,1,43,False,True
3121,312,4,1,43,True,True
3122,312,1,1,130,False,True
3122,312,2,1,130,True,True
3123,312,1,1,107,True,True
3124,312,1,1,50,False,True
3124,312,2,1,50,False,True
3124,312,3,1,50,False,True
3124,312,4,1,50,True,True
3125,312,1,1,90,True,False
3126,312,1,1,73,True,False
3127,312,1,1,65,False,True
3127,312,2,1,65,True,True
3128,312,1,1,37,False,True
3128,312,2,1,37,False,True
3128,312,3,1,37,False,True
3128,312,4,1,37,False,True
3128,312,5,1,37,False,True
3128,312,6,1,37,False,True
3128,312,7,1,37,False,True
3128,312,8,1,37,False,True
3128,312,9,1,37,True,True
3129,312,1,1,13,True,True
3130,313,1,1,89,True,False
3131,313,1,1,30,True,True
3132,313,1,1,154,False,True
3132,313,2,1,154,False,True
3132,313,3,1,154,False,True
3132,313,4,1,154,True,True
3133,313,1,1,99,True,True
3134,313,1,1,137,False,True
3134,313,2,1,137,True,True
3135,313,1,1,101,True,False
3136,313,1,1,28,True,True
3137,313,1,1,83,False,False
3137,313,1,2,87,False,False
3137,313,1,3,92,True,True
3138,313,1,1,104,True,True
3139,313,1,1,143,False,True
3139,313,2,1,103,True,False
3140,314,1,1,128,False,True
3140,314,2,1,128,True,True
3141,314,1,1,59,True,True
3142,314,1,1,8,True,True
3143,314,1,1,82,False,True
3143,314,2,1,82,True,True
3144,314,1,1,145,True,True
3145,314,1,1,95,True,True
3146,314,1,1,103,True,False
3147,314,1,1,66,False,True
3147,314,2,1,67,True,False
3148,314,1,1,66,False,False
3148,314,1,2,59,True,True
3149,314,1,1,104,False,False
3149,314,1,2,111,False,True
3149,314,2,1,111,False,True
3149,314,3,1,111,True,True
3150,315,1,1,62,True,True
3151,315,1,1,58,False,True
3151,315,2,1,31,True,True
3152,315,1,1,96,False,True
3152,315,2,1,89,True,True
3153,315,1,1,129,False,True
3153,315,2,1,134,False,True
3153,315,3,1,134,True,True
3154,315,1,1,110,False,True
3154,315,2,1,110,False,True
3154,315,3,1,119,False,True
3154,315,4,1,103,False,True
3154,315,5,1,102,True,False
3155,315,1,1,82,True,True
3156,315,1,1,109,False,False
3156,315,1,2,118,True,True
3157,315,1,1,22,True,False
3158,315,1,1,98,False,True
3158,315,2,1,98,True,True
3159,315,1,1,97,False,True
3159,315,2,1,110,True,True
3160,316,1,1,2,True,True
3161,316,1,1,119,False,True
3161,316,2,1,127,True,True
3162,316,1,1,133,False,True
3162,316,2,1,133,False,True
3162,316,3,1,147,False,True
3162,316,4,1,133,False,True
3162,316,5,1,147,True,True
3163,316,1,1,40,False,True
3163,316,2,1,41,True,True
3164,316,1,1,81,False,True
3164,316,2,1,80,False,False
3164,316,2,2,79,False,True
3164,316,3,1,81,True,True
3165,316,1,1,107,False,False
3165,316,1,2,115,True,True
3166,316,1,1,3,True,True
3167,316,1,1,81,True,True
3168,316,1,1,2,True,True
3169,316,1,1,32,False,True
3169,316,2,1,41,False,False
3169,316,2,2,58,True,True
3170,317,1,1,101,False,True
3170,317,2,1,101,True,True
3171,317,1,1,30,True,True
3172,317,1,1,107,False,True
3172,317,2,1,107,False,True
3172,317,3,1,107,True,True
3173,317,1,1,134,False,False
3173,317,1,2,148,False,True
3173,317,2,1,148,False,True
3173,317,3,1,148,False,True
3173,317,4,1,148,False,True
3173,317,5,1,148,False,True
3173,317,6,1,148,False,True
3173,317,7,1,148,False,True
3173,317,8,1,111,False,True
3173,317,9,1,111,False,True
3173,317,10,1,111,False,True
3173,317,11,1,112,True,True
3174,317,1,1,75,True,True
3175,317,1,1,91,True,False
3176,317,1,1,57,True,False
3177,317,1,1,90,True,True
3178,317,1,1,128,True,True
3179,317,1,1,71,True,False
3180,318,1,1,86,True,True
3181,318,1,1,107,False,True
3181,318,2,1,138,False,True
3181,318,3,1,138,True,True
3182,318,1,1,143,True,True
3183,318,1,1,59,True,True
3184,318,1,1,78,False,True
3184,318,2,1,78,True,True
3185,318,1,1,151,True,True
3186,318,1,1,76,False,False
3186,318,1,2,74,False,False
3186,318,1,3,57,True,True
3187,318,1,1,61,True,True
3188,318,1,1,49,False,True
3188,318,2,1,49,False,True
3188,318,3,1,54,False,False
3188,318,3,2,56,False,True
3188,318,4,1,30,False,True
3188,318,5,1,38,False,True
3188,318,6,1,38,False,True
3188,318,7,1,38,True,True
3189,318,1,1,8,False,True
3189,318,2,1,17,False,True
3189,318,3,1,17,True,True
3190,319,1,1,84,False,True
3190,319,2,1,88,False,False
3190,319,2,2,93,True,False
3191,319,1,1,66,False,False
3191,319,1,2,50,True,True
3192,319,1,1,66,False,True
3192,319,2,1,66,False,True
3192,319,3,1,67,False,True
3192,319,4,1,67,True,True
3193,319,1,1,90,True,True
3194,319,1,1,25,False,True
3194,319,2,1,20,True,True
3195,319,1,1,40,False,True
3195,319,2,1,39,True,True
3196,319,1,1,40,True,False
3197,319,1,1,126,False,True
3197,319,2,1,126,False,True
3197,319,3,1,126,True,True
3198,319,1,1,119,True,True
3199,319,1,1,90,False,True
3199,319,2,1,70,False,True
3199,319,3,1,70,False,True
3199,319,4,1,62,True,False
3200,320,1,1,20,False,True
3200,320,2,1,20,True,True
3201,320,1,1,50,True,True
3202,320,1,1,77,True,True
3203,320,1,1,39,True,True
3204,320,1,1,29,True,True
3205,320,1,1,96,False,False
3205,320,1,2,126,True,True
3206,320,1,1,19,False,True
3206,320,2,1,12,True,True
3207,320,1,1,3,False,True
3207,320,2,1,7,False,True
3207,320,3,1,7,False,True
3207,320,4,1,3,True,True
3208,320,1,1,5,True,True
3209,320,1,1,49,False,True
3209,320,2,1,64,False,True
3209,320,3,1,56,True,True
3210,321,1,1,7,False,True
3210,321,2,1,15,True,False
3211,321,1,1,139,True,True
3212,321,1,1,69,True,True
3213,321,1,1,90,False,False
3213,321,1,2,96,False,True
3213,321,2,1,96,True,True
3214,321,1,1,56,False,True
3214,321,2,1,54,True,False
3215,321,1,1,60,True,True
3216,321,1,1,107,False,False
3216,321,1,2,115,False,True
3216,321,2,1,107,False,True
3216,321,3,1,107,False,True
3216,321,4,1,115,True,True
3217,321,1,1,113,False,True
3217,321,2,1,114,False,True
3217,321,3,1,113,False,True
3217,321,4,1,114,False,True
3217,321,5,1,113,True,True
3218,321,1,1,37,True,False
3219,321,1,1,60,False,True
3219,321,2,1,52,True,True
3220,322,1,1,70,True,True
3221,322,1,1,51,False,True
3221,322,2,1,60,True,False
3222,322,1,1,59,True,True
3223,322,1,1,95,False,True
3223,322,2,1,114,True,False
3224,322,1,1,50,True,False
3225,322,1,1,89,True,True
3226,322,1,1,38,True,False
3227,322,1,1,70,True,True
3228,322,1,1,135,False,False
3228,322,1,2,144,False,True
3228,322,2,1,136,True,True
3229,322,1,1,135,True,True
3230,323,1,1,61,False,True
3230,323,2,1,61,True,True
3231,323,1,1,81,False,False
3231,323,1,2,84,False,True
3231,323,2,1,81,True,False
3232,323,1,1,13,True,True
3233,323,1,1,64,False,True
3233,323,2,1,64,True,True
3234,323,1,1,45,False,True
3234,323,2,1,45,False,True
3234,323,3,1,45,False,True
3234,323,4,1,51,False,True
3234,323,5,1,51,False,True
3234,323,6,1,45,True,True
3235,323,1,1,3,False,True
3235,323,2,1,3,False,True
3235,323,3,1,3,False,True
3235,323,4,1,2,True,True
3236,323,1,1,63,False,True
3236,323,2,1,63,True,True
3237,323,1,1,99,False,True
3237,323,2,1,107,True,True
3238,323,1,1,80,True,True
3239,323,1,1,53,False,True
3239,323,2,1,53,False,True
3239,323,3,1,53,False,True
3239,323,4,1,53,True,True
3240,324,1,1,78,False,True
3240,324,2,1,78,False,True
3240,324,3,1,78,True,True
3241,324,1,1,86,True,False
3242,324,1,1,108,False,True
3242,324,2,1,108,True,True
3243,324,1,1,101,True,False
3244,324,1,1,98,False,True
3244,324,2,1,98,False,True
3244,324,3,1,98,False,True
3244,324,4,1,98,True,True
3245,324,1,1,85,True,False
3246,324,1,1,66,True,True
3247,324,1,1,34,False,False
3247,324,1,2,21,False,True
3247,324,2,1,21,False,True
3247,324,3,1,35,False,True
3247,324,4,1,35,False,True
3247,324,5,1,28,False,True
3247,324,6,1,28,False,True
3247,324,7,1,28,False,True
3247,324,8,1,28,False,True
3247,324,9,1,28,True,True
3248,324,1,1,51,False,True
3248,324,2,1,51,False,True
3248,324,3,1,51,False,True
3248,324,4,1,45,False,True
3248,324,5,1,33,False,False
3248,324,5,2,27,True,True
3249,324,1,1,103,False,True
3249,324,2,1,110,False,True
3249,324,3,1,110,False,True
3249,324,4,1,109,False,True
3249,324,5,1,109,False,True
3249,324,6,1,109,True,True
3250,325,1,1,106,False,False
3250,325,1,2,112,True,False
3251,325,1,1,66,False,False
3251,325,1,2,50,True,False
3252,325,1,1,7,False,True
3252,325,2,1,3,False,True
3252,325,3,1,2,True,True
3253,325,1,1,136,False,True
3253,325,2,1,136,False,True
3253,325,3,1,136,False,True
3253,325,4,1,134,False,True
3253,325,5,1,123,False,True
3253,325,6,1,148,True,True
3254,325,1,1,15,True,True
3255,325,1,1,73,True,True
3256,325,1,1,42,False,True
3256,325,2,1,15,True,True
3257,325,1,1,90,False,True
3257,325,2,1,100,False,False
3257,325,2,2,117,False,True
3257,325,3,1,108,False,True
3257,325,4,1,101,True,False
3258,325,1,1,102,True,False
3259,325,1,1,97,True,True
3260,326,1,1,89,True,True
3261,326,1,1,13,False,True
3261,326,2,1,13,True,True
3262,326,1,1,77,True,False
3263,326,1,1,85,True,True
3264,326,1,1,114,False,True
3264,326,2,1,114,False,True
3264,326,3,1,114,True,True
3265,326,1,1,137,True,False
3266,326,1,1,47,True,True
3267,326,1,1,79,True,False
3268,326,1,1,75,False,True
3268,326,2,1,79,False,True
3268,326,3,1,79,False,True
3268,326,4,1,79,False,True
3268,326,5,1,79,True,True
3269,326,1,1,40,True,True
3270,327,1,1,62,True,True
3271,327,1,1,11,True,False
3272,327,1,1,27,True,True
3273,327,1,1,109,False,True
3273,327,2,1,110,False,True
3273,327,3,1,132,True,True
3274,327,1,1,107,False,True
3274,327,2,1,96,False,True
3274,327,3,1,99,True,True
3275,327,1,1,78,True,True
3276,327,1,1,51,False,True
3276,327,2,1,51,False,True
3276,327,3,1,52,True,True
3277,327,1,1,13,False,True
3277,327,2,1,24,True,False
3278,327,1,1,21,False,True
3278,327,2,1,28,True,True
3279,327,1,1,65,True,False
3280,328,1,1,63,True,True
3281,328,1,1,145,False,False
3281,328,1,2,153,True,True
3282,328,1,1,91,True,True
3283,328,1,1,35,False,False
3283,328,1,2,28,False,False
3283,328,1,3,21,False,False
3283,328,1,4,17,True,True
3284,328,1,1,66,False,True
3284,328,2,1,66,False,True
3284,328,3,1,50,True,False
3285,328,1,1,25,True,True
3286,328,1,1,49,True,True
3287,328,1,1,30,False,True
3287,328,2,1,30,False,True
3287,328,3,1,30,True,True
3288,328,1,1,97,False,True
3288,328,2,1,103,False,True
3288,328,3,1,103,True,True
3289,328,1,1,61,True,True
3290,329,1,1,28,True,False
3291,329,1,1,151,False,True
3291,329,2,1,143,False,True
3291,329,3,1,151,False,True
3291,329,4,1,151,True,True
3292,329,1,1,7,False,True
3292,329,2,1,4,True,True
3293,329,1,1,7,True,True
3294,329,1,1,22,False,True
3294,329,2,1,17,True,False
3295,329,1,1,45,True,True
3296,329,1,1,66,True,True
3297,329,1,1,39,False,True
3297,329,2,1,39,True,True
3298,329,1,1,72,True,True
3299,329,1,1,106,False,True
3299,329,2,1,112,True,True
3300,330,1,1,59,True,False
3301,330,1,1,115,True,True
3302,330,1,1,46,True,False
3303,330,1,1,87,False,True
3303,330,2,1,79,False,True
3303,330,3,1,83,True,True
3304,330,1,1,122,True,True
3305,330,1,1,142,True,True
3306,330,1,1,22,True,True
3307,330,1,1,28,False,True
3307,330,2,1,28,True,True
3308,330,1,1,118,True,True
3309,330,1,1,119,False,True
3309,330,2,1,119,False,True
3309,330,3,1,110,False,True
3309,330,4,1,110,False,True
3309,330,5,1,119,True,False
3310,331,1,1,39,True,True
3311,331,1,1,49,False,True
3311,331,2,1,49,False,True
3311,331,3,1,49,False,True
3311,331,4,1,54,False,True
3311,331,5,1,49,False,True
3311,331,6,1,49,False,True
3311,331,7,1,49,False,True
3311,331,8,1,49,False,True
3311,331,9,1,54,True,True
3312,331,1,1,60,True,True
3313,331,1,1,98,True,False
3314,331,1,1,83,False,True
3314,331,2,1,81,True,True
3315,331,1,1,61,False,False
3315,331,1,2,55,True,True
3316,331,1,1,143,False,True
3316,331,2,1,146,False,True
3316,331,3,1,146,True,True
3317,331,1,1,79,True,False
3318,331,1,1,75,True,False
3319,331,1,1,144,False,True
3319,331,2,1,144,False,True
3319,331,3,1,148,False,True
3319,331,4,1,148,False,True
3319,331,5,1,148,False,True
3319,331,6,1,148,False,True
3319,331,7,1,154,True,True
3320,332,1,1,70,False,True
3320,332,2,1,62,True,True
3321,332,1,1,84,True,True
3322,332,1,1,2,True,True
3323,332,1,1,75,False,True
3323,332,2,1,80,True,False
3324,332,1,1,70,False,True
3324,332,2,1,62,False,True
3324,332,3,1,63,True,True
3325,332,1,1,75,False,True
3325,332,2,1,98,False,False
3325,332,2,2,105,True,True
3326,332,1,1,116,False,True
3326,332,2,1,100,False,False
3326,332,2,2,90,True,True
3327,332,1,1,89,False,True
3327,332,2,1,89,False,True
3327,332,3,1,107,False,True
3327,332,4,1,115,True,True
3328,332,1,1,51,True,False
3329,332,1,1,32,False,True
3329,332,2,1,3,False,True
3329,332,3,1,3,False,True
3329,332,4,1,3,False,True
3329,332,5,1,3,False,True
3329,332,6,1,3,False,True
3329,332,7,1,40,True,True
3330,333,1,1,92,True,True
3331,333,1,1,30,False,True
3331,333,2,1,30,False,True
3331,333,3,1,30,False,True
3331,333,4,1,30,False,True
3331,333,5,1,30,True,True
3332,333,1,1,72,True,True
3333,333,1,1,123,True,True
3334,333,1,1,135,True,False
3335,333,1,1,87,True,False
3336,333,1,1,98,True,True
3337,333,1,1,50,True,False
3338,333,1,1,1,True,True
3339,333,1,1,85,False,True
3339,333,2,1,85,True,True
3340,334,1,1,73,True,True
3341,334,1,1,7,False,True
3341,334,2,1,15,True,True
3342,334,1,1,72,False,True
3342,334,2,1,72,True,True
3343,334,1,1,69,False,True
3343,334,2,1,61,False,False
3343,334,2,2,53,True,True
3344,334,1,1,124,True,True
3345,334,1,1,74,False,False
3345,334,1,2,71,True,False
3346,334,1,1,74,True,False
3347,334,1,1,46,False,False
3347,334,1,2,43,False,True
3347,334,2,1,52,True,True
3348,334,1,1,61,True,True
3349,334,1,1,18,False,True
3349,334,2,1,18,False,True
3349,334,3,1,18,True,True
3350,335,1,1,73,True,False
3351,335,1,1,52,True,True
3352,335,1,1,127,True,True
3353,335,1,1,93,False,True
3353,335,2,1,94,False,True
3353,335,3,1,94,False,True
3353,335,4,1,112,False,True
3353,335,5,1,112,False,True
3353,335,6,1,94,True,True
3354,335,1,1,115,True,True
3355,335,1,1,7,True,True
3356,335,1,1,3,True,True
3357,335,1,1,86,True,True
3358,335,1,1,103,False,False
3358,335,1,2,110,False,True
3358,335,2,1,110,False,True
3358,335,3,1,103,True,True
3359,335,1,1,28,False,True
3359,335,2,1,17,True,True
3360,336,1,1,44,True,True
3361,336,1,1,42,False,True
3361,336,2,1,45,False,False
3361,336,2,2,60,False,True
3361,336,3,1,60,True,True
3362,336,1,1,41,True,True
3363,336,1,1,113,False,True
3363,336,2,1,113,False,True
3363,336,3,1,113,True,True
3364,336,1,1,67,True,True
3365,336,1,1,61,False,True
3365,336,2,1,55,False,True
3365,336,3,1,46,False,True
3365,336,4,1,46,False,True
3365,336,5,1,55,True,True
3366,336,1,1,93,False,False
3366,336,1,2,124,False,True
3366,336,2,1,93,False,True
3366,336,3,1,93,False,True
3366,336,4,1,93,False,True
3366,336,5,1,94,False,False
3366,336,5,2,113,True,True
3367,336,1,1,122,True,False
3368,336,1,1,79,True,True
3369,336,1,1,110,True,True
3370,337,1,1,41,True,True
3371,337,1,1,113,True,True
3372,337,1,1,13,False,False
3372,337,1,2,10,True,False
3373,337,1,1,82,False,False
3373,337,1,2,83,False,True
3373,337,2,1,79,True,False
3374,337,1,1,15,False,False
3374,337,1,2,7,False,True
3374,337,2,1,15,True,True
3375,337,1,1,42,True,True
3376,337,1,1,65,False,True
3376,337,2,1,65,True,True
3377,337,1,1,40,True,True
3378,337,1,1,3,False,True
3378,337,2,1,3,True,True
3379,337,1,1,110,False,True
3379,337,2,1,110,True,True
3380,338,1,1,136,True,True
3381,338,1,1,51,False,True
3381,338,2,1,52,False,True
3381,338,3,1,52,True,True
3382,338,1,1,80,True,False
3383,338,1,1,119,True,True
3384,338,1,1,86,False,True
3384,338,2,1,86,False,True
3384,338,3,1,103,False,True
3384,338,4,1,103,False,True
3384,338,5,1,86,False,True
3384,338,6,1,86,True,True
3385,338,1,1,151,True,True
3386,338,1,1,55,False,False
3386,338,1,2,46,False,False
3386,338,1,3,43,False,True
3386,338,2,1,43,False,True
3386,338,3,1,55,False,True
3386,338,4,1,53,False,False
3386,338,4,2,47,False,False
3386,338,4,3,48,True,True
3387,338,1,1,52,False,True
3387,338,2,1,51,False,True
3387,338,3,1,51,True,True
3388,338,1,1,65,True,True
3389,338,1,1,99,False,True
3389,338,2,1,107,False,False
3389,338,2,2,108,False,True
3389,338,3,1,107,True,True
3390,339,1,1,22,False,True
3390,339,2,1,21,False,True
3390,339,3,1,28,True,True
3391,339,1,1,51,True,True
3392,339,1,1,81,True,False
3393,339,1,1,86,True,False
3394,339,1,1,2,True,True
3395,339,1,1,13,False,True
3395,339,2,1,23,False,True
3395,339,3,1,23,False,True
3395,339,4,1,24,True,True
3396,339,1,1,146,False,True
3396,339,2,1,152,False,True
3396,339,3,1,146,False,True
3396,339,4,1,146,True,True
3397,339,1,1,48,False,True
3397,339,2,1,47,True,False
3398,339,1,1,85,False,True
3398,339,2,1,90,False,False
3398,339,2,2,89,False,False
3398,339,2,3,96,False,True
3398,339,3,1,89,True,True
3399,339,1,1,70,False,False
3399,339,1,2,62,False,True
3399,339,2,1,62,False,True
3399,339,3,1,62,True,True
3400,340,1,1,147,True,True
3401,340,1,1,105,False,True
3401,340,2,1,104,False,False
3401,340,2,2,111,False,True
3401,340,3,1,104,False,True
3401,340,4,1,104,True,True
3402,340,1,1,17,True,True
3403,340,1,1,69,True,False
3404,340,1,1,11,True,True
3405,340,1,1,73,True,True
3406,340,1,1,20,False,True
3406,340,2,1,14,False,True
3406,340,3,1,25,True,True
3407,340,1,1,153,True,True
3408,340,1,1,131,True,True
3409,340,1,1,106,False,False
3409,340,1,2,92,False,False
3409,340,1,3,93,False,True
3409,340,2,1,91,False,True
3409,340,3,1,91,True,True
3410,341,1,1,79,False,False
3410,341,1,2,78,False,False
3410,341,1,3,73,True,False
3411,341,1,1,41,True,False
3412,341,1,1,12,True,True
3413,341,1,1,54,True,True
3414,341,1,1,27,True,True
3415,341,1,1,56,True,True
3416,341,1,1,39,True,False
3417,341,1,1,83,True,True
3418,341,1,1,66,True,True
3419,341,1,1,77,False,False
3419,341,1,2,76,False,True
3419,341,2,1,72,False,False
3419,341,2,2,73,False,True
3419,341,3,1,72,True,True
3420,342,1,1,30,True,True
3421,342,1,1,49,False,True
3421,342,2,1,49,True,True
3422,342,1,1,3,False,True
3422,342,2,1,2,True,True
3423,342,1,1,53,False,True
3423,342,2,1,53,True,True
3424,342,1,1,40,True,True
3425,342,1,1,22,False,True
3425,342,2,1,35,False,False
3425,342,2,2,34,False,True
3425,342,3,1,34,True,True
3426,342,1,1,95,False,True
3426,342,2,1,81,False,False
3426,342,2,2,80,True,True
3427,342,1,1,107,False,True
3427,342,2,1,107,False,True
3427,342,3,1,107,False,True
3427,342,4,1,115,False,True
3427,342,5,1,115,True,True
3428,342,1,1,55,True,True
3429,342,1,1,98,False,False
3429,342,1,2,104,True,True
3430,343,1,1,113,False,True
3430,343,2,1,114,False,True
3430,343,3,1,113,False,False
3430,343,3,2,125,False,True
3430,343,4,1,114,False,True
3430,343,5,1,114,False,True
3430,343,6,1,125,False,True
3430,343,7,1,125,True,True
3431,343,1,1,86,False,True
3431,343,2,1,86,True,True
3432,343,1,1,119,False,True
3432,343,2,1,119,False,True
3432,343,3,1,127,True,True
3433,343,1,1,152,False,True
3433,343,2,1,152,False,True
3433,343,3,1,152,False,True
3433,343,4,1,152,True,True
3434,343,1,1,126,False,True
3434,343,2,1,126,False,True
3434,343,3,1,132,True,True
3435,343,1,1,16,False,True
3435,343,2,1,7,False,True
3435,343,3,1,8,False,True
3435,343,4,1,16,False,True
3435,343,5,1,15,False,True
3435,343,6,1,7,False,True
3435,343,7,1,7,False,True
3435,343,8,1,16,False,True
3435,343,9,1,5,True,True
3436,343,1,1,39,True,True
3437,343,1,1,72,False,True
3437,343,2,1,77,True,True
3438,343,1,1,30,False,True
3438,343,2,1,30,True,True
3439,343,1,1,11,True,True
3440,344,1,1,75,False,True
3440,344,2,1,75,False,True
3440,344,3,1,75,True,True
3441,344,1,1,40,False,True
3441,344,2,1,40,False,True
3441,344,3,1,40,True,True
3442,344,1,1,70,True,True
3443,344,1,1,21,True,True
3444,344,1,1,4,False,True
3444,344,2,1,16,False,True
3444,344,3,1,4,True,True
3445,344,1,1,58,True,True
3446,344,1,1,95,True,True
3447,344,1,1,32,True,True
3448,344,1,1,152,True,True
3449,344,1,1,100,True,False
3450,345,1,1,78,True,False
3451,345,1,1,107,False,True
3451,345,2,1,131,False,True
3451,345,3,1,115,True,False
3452,345,1,1,41,True,True
3453,345,1,1,154,True,True
3454,345,1,1,123,True,True
3455,345,1,1,43,False,True
3455,345,2,1,46,True,True
3456,345,1,1,63,True,False
3457,345,1,1,35,False,True
3457,345,2,1,35,False,True
3457,345,3,1,43,False,True
3457,345,4,1,43,False,True
3457,345,5,1,43,False,True
3457,345,6,1,35,False,True
3457,345,7,1,35,True,True
3458,345,1,1,7,False,True
3458,345,2,1,15,True,True
3459,345,1,1,154,False,True
3459,345,2,1,134,False,True
3459,345,3,1,154,False,True
3459,345,4,1,134,True,True
3460,346,1,1,44,True,True
3461,346,1,1,14,True,True
3462,346,1,1,34,True,False
3463,346,1,1,101,True,True
3464,346,1,1,38,False,True
3464,346,2,1,62,True,True
3465,346,1,1,151,True,True
3466,346,1,1,130,False,True
3466,346,2,1,140,False,True
3466,346,3,1,140,False,True
3466,346,4,1,140,False,True
3466,346,5,1,140,False,True
3466,346,6,1,141,False,True
3466,346,7,1,141,False,True
3466,346,8,1,130,True,True
3467,346,1,1,151,True,True
3468,346,1,1,62,True,False
3469,346,1,1,27,False,True
3469,346,2,1,50,False,False
3469,346,2,2,59,False,True
3469,346,3,1,50,True,False
3470,347,1,1,11,False,True
3470,347,2,1,2,True,False
3471,347,1,1,86,True,True
3472,347,1,1,146,True,True
3473,347,1,1,63,True,True
3474,347,1,1,146,True,True
3475,347,1,1,151,True,True
3476,347,1,1,101,False,True
3476,347,2,1,108,False,False
3476,347,2,2,118,False,True
3476,347,3,1,71,False,True
3476,347,4,1,71,False,True
3476,347,5,1,65,False,True
3476,347,6,1,85,False,True
3476,347,7,1,76,True,True
3477,347,1,1,74,True,False
3478,347,1,1,72,True,False
3479,347,1,1,20,False,True
3479,347,2,1,26,True,True
3480,348,1,1,90,False,True
3480,348,2,1,70,True,False
3481,348,1,1,75,False,True
3481,348,2,1,79,True,True
3482,348,1,1,69,True,True
3483,348,1,1,66,False,False
3483,348,1,2,59,True,True
3484,348,1,1,20,True,True
3485,348,1,1,46,False,True
3485,348,2,1,46,True,True
3486,348,1,1,127,True,True
3487,348,1,1,70,True,False
3488,348,1,1,106,True,True
3489,348,1,1,72,True,True
3490,349,1,1,42,True,True
3491,349,1,1,58,True,True
3492,349,1,1,25,True,False
3493,349,1,1,44,True,True
3494,349,1,1,133,False,False
3494,349,1,2,154,False,True
3494,349,2,1,154,False,True
3494,349,3,1,154,True,True
3495,349,1,1,10,True,True
3496,349,1,1,151,False,True
3496,349,2,1,151,True,True
3497,349,1,1,99,False,True
3497,349,2,1,99,True,True
3498,349,1,1,131,True,True
3499,349,1,1,99,True,True
3500,350,1,1,65,False,True
3500,350,2,1,74,True,False
3501,350,1,1,46,True,True
3502,350,1,1,3,True,True
3503,350,1,1,55,True,True
3504,350,1,1,151,False,True
3504,350,2,1,118,True,True
3505,350,1,1,108,True,True
3506,350,1,1,15,False,True
3506,350,2,1,51,False,True
3506,350,3,1,27,False,True
3506,350,4,1,34,False,True
3506,350,5,1,34,False,True
3506,350,6,1,52,True,True
3507,350,1,1,124,False,True
3507,350,2,1,123,True,False
3508,350,1,1,72,False,True
3508,350,2,1,65,True,False
3509,350,1,1,42,False,True
3509,350,2,1,42,False,True
3509,350,3,1,15,False,True
3509,350,4,1,34,True,True
3510,351,1,1,2,True,True
3511,351,1,1,88,True,True
3512,351,1,1,143,False,True
3512,351,2,1,120,False,True
3512,351,3,1,120,True,True
3513,351,1,1,72,True,True
3514,351,1,1,57,False,True
3514,351,2,1,57,False,True
3514,351,3,1,57,False,True
3514,351,4,1,57,True,True
3515,351,1,1,107,False,True
3515,351,2,1,116,True,True
3516,351,1,1,135,False,False
3516,351,1,2,136,False,True
3516,351,2,1,136,True,True
3517,351,1,1,20,False,False
3517,351,1,2,14,True,True
3518,351,1,1,28,True,True
3519,351,1,1,48,True,True
3520,352,1,1,66,False,True
3520,352,2,1,75,False,True
3520,352,3,1,68,True,True
3521,352,1,1,76,True,True
3522,352,1,1,61,True,True
3523,352,1,1,66,False,True
3523,352,2,1,67,True,False
3524,352,1,1,90,False,True
3524,352,2,1,89,False,True
3524,352,3,1,89,True,True
3525,352,1,1,53,True,True
3526,352,1,1,61,True,True
3527,352,1,1,43,False,True
3527,352,2,1,43,True,True
3528,352,1,1,20,False,True
3528,352,2,1,11,True,True
3529,352,1,1,75,False,False
3529,352,1,2,79,True,True
3530,353,1,1,78,True,False
3531,353,1,1,96,False,True
3531,353,2,1,96,False,True
3531,353,3,1,96,False,True
3531,353,4,1,101,True,False
3532,353,1,1,41,True,False
3533,353,1,1,59,True,True
3534,353,1,1,122,False,True
3534,353,2,1,122,False,True
3534,353,3,1,122,True,True
3535,353,1,1,85,False,True
3535,353,2,1,77,True,False
3536,353,1,1,115,True,True
3537,353,1,1,139,False,True
3537,353,2,1,143,False,True
3537,353,3,1,143,True,True
3538,353,1,1,68,True,True
3539,353,1,1,143,False,True
3539,353,2,1,143,False,True
3539,353,3,1,143,False,True
3539,353,4,1,143,True,True
3540,354,1,1,67,False,True
3540,354,2,1,67,True,True
3541,354,1,1,36,False,True
3541,354,2,1,36,False,True
3541,354,3,1,36,True,True
3542,354,1,1,63,False,True
3542,354,2,1,63,True,True
3543,354,1,1,114,False,True
3543,354,2,1,137,True,False
3544,354,1,1,119,True,True
3545,354,1,1,110,False,False
3545,354,1,2,102,False,False
3545,354,1,3,101,True,False
3546,354,1,1,34,False,True
3546,354,2,1,7,True,True
3547,354,1,1,62,True,True
3548,354,1,1,113,False,True
3548,354,2,1,125,False,False
3548,354,2,2,124,True,True
3549,354,1,1,154,False,True
3549,354,2,1,154,True,True
3550,355,1,1,106,True,True
3551,355,1,1,88,False,True
3551,355,2,1,88,True,True
3552,355,1,1,84,False,False
3552,355,1,2,83,False,False
3552,355,1,3,78,False,True
3552,355,2,1,78,True,True
3553,355,1,1,149,False,True
3553,355,2,1,149,True,True
3554,355,1,1,76,False,True
3554,355,2,1,71,False,True
3554,355,3,1,71,False,True
3554,355,4,1,65,False,True
3554,355,5,1,64,True,False
3555,355,1,1,17,True,True
3556,355,1,1,32,False,True
3556,355,2,1,32,True,True
3557,355,1,1,74,True,True
3558,355,1,1,75,True,True
3559,355,1,1,63,False,False
3559,355,1,2,62,True,True
3560,356,1,1,82,True,True
3561,356,1,1,126,False,True
3561,356,2,1,126,False,True
3561,356,3,1,126,True,True
3562,356,1,1,107,False,True
3562,356,2,1,107,True,True
3563,356,1,1,69,True,True
3564,356,1,1,154,False,True
3564,356,2,1,152,False,True
3564,356,3,1,154,False,True
3564,356,4,1,154,True,True
3565,356,1,1,148,False,True
3565,356,2,1,148,False,True
3565,356,3,1,148,False,True
3565,356,4,1,148,True,True
3566,356,1,1,117,False,True
3566,356,2,1,117,True,True
3567,356,1,1,136,True,True
3568,356,1,1,36,False,True
3568,356,2,1,36,False,True
3568,356,3,1,36,True,True
3569,356,1,1,45,False,True
3569,356,2,1,45,False,True
3569,356,3,1,41,False,True
3569,356,4,1,41,False,True
3569,356,5,1,41,False,True
3569,356,6,1,41,True,True
3570,357,1,1,93,True,True
3571,357,1,1,50,True,True
3572,357,1,1,67,True,True
3573,357,1,1,27,False,True
3573,357,2,1,3,False,True
3573,357,3,1,27,False,True
3573,357,4,1,27,False,True
3573,357,5,1,33,True,True
3574,357,1,1,39,True,False
3575,357,1,1,26,True,True
3576,357,1,1,58,True,True
3577,357,1,1,47,False,True
3577,357,2,1,47,False,True
3577,357,3,1,47,True,True
3578,357,1,1,74,False,True
3578,357,2,1,74,True,True
3579,357,1,1,110,False,True
3579,357,2,1,110,False,True
3579,357,3,1,110,True,True
3580,358,1,1,151,True,True
3581,358,1,1,85,True,False
3582,358,1,1,62,True,True
3583,358,1,1,141,False,True
3583,358,2,1,140,False,False
3583,358,2,2,144,True,True
3584,358,1,1,24,True,True
3585,358,1,1,75,False,False
3585,358,1,2,80,True,False
3586,358,1,1,105,True,False
3587,358,1,1,22,True,False
3588,358,1,1,86,True,False
3589,358,1,1,147,True,True
3590,359,1,1,73,False,False
3590,359,1,2,72,False,False
3590,359,1,3,85,True,True
3591,359,1,1,110,True,True
3592,359,1,1,56,False,True
3592,359,2,1,37,False,False
3592,359,2,2,29,True,False
3593,359,1,1,54,False,False
3593,359,1,2,56,False,False
3593,359,1,3,62,True,False
3594,359,1,1,48,True,True
3595,359,1,1,46,True,True
3596,359,1,1,52,True,False
3597,359,1,1,51,False,True
3597,359,2,1,67,False,False
3597,359,2,2,75,False,False
3597,359,2,3,87,False,True
3597,359,3,1,87,True,True
3598,359,1,1,75,False,True
3598,359,2,1,80,True,True
3599,359,1,1,73,True,True
3600,360,1,1,29,True,True
3601,360,1,1,100,False,True
3601,360,2,1,100,False,True
3601,360,3,1,101,True,True
3602,360,1,1,143,False,True
3602,360,2,1,152,True,True
3603,360,1,1,128,True,False
3604,360,1,1,66,False,True
3604,360,2,1,82,True,True
3605,360,1,1,140,False,True
3605,360,2,1,149,False,True
3605,360,3,1,154,False,True
3605,360,4,1,154,True,True
3606,360,1,1,127,False,True
3606,360,2,1,127,False,True
3606,360,3,1,110,True,True
3607,360,1,1,50,True,False
3608,360,1,1,60,False,False
3608,360,1,2,61,False,True
3608,360,2,1,60,True,True
3609,360,1,1,101,True,True
3610,361,1,1,18,False,True
3610,361,2,1,21,False,True
3610,361,3,1,17,True,True
3611,361,1,1,65,True,True
3612,361,1,1,64,True,True
3613,361,1,1,39,False,False
3613,361,1,2,40,True,False
3614,361,1,1,60,False,True
3614,361,2,1,68,False,True
3614,361,3,1,60,True,False
3615,361,1,1,82,False,True
3615,361,2,1,82,True,True
3616,361,1,1,7,False,True
3616,361,2,1,15,True,True
3617,361,1,1,96,True,True
3618,361,1,1,65,True,True
3619,361,1,1,81,False,True
3619,361,2,1,69,False,True
3619,361,3,1,80,True,False
3620,362,1,1,38,False,True
3620,362,2,1,38,True,True
3621,362,1,1,38,True,True
3622,362,1,1,61,True,True
3623,362,1,1,147,True,True
3624,362,1,1,100,True,False
3625,362,1,1,97,True,True
3626,362,1,1,147,False,True
3626,362,2,1,134,False,True
3626,362,3,1,134,False,True
3626,362,4,1,134,True,True
3627,362,1,1,133,False,False
3627,362,1,2,129,True,True
3628,362,1,1,52,False,True
3628,362,2,1,52,False,True
3628,362,3,1,46,False,True
3628,362,4,1,46,True,True
3629,362,1,1,85,True,False
3630,363,1,1,59,True,False
3631,363,1,1,143,False,True
3631,363,2,1,139,False,True
3631,363,3,1,146,False,True
3631,363,4,1,139,True,True
3632,363,1,1,28,False,True
3632,363,2,1,21,False,False
3632,363,2,2,22,False,True
3632,363,3,1,43,False,True
3632,363,4,1,28,True,True
3633,363,1,1,86,False,True
3633,363,2,1,97,False,False
3633,363,2,2,103,True,True
3634,363,1,1,56,True,True
3635,363,1,1,67,True,True
3636,363,1,1,28,True,True
3637,363,1,1,129,False,True
3637,363,2,1,122,True,True
3638,363,1,1,27,True,True
3639,363,1,1,58,False,True
3639,363,2,1,57,True,True
3640,364,1,1,35,True,True
3641,364,1,1,86,True,True
3642,364,1,1,62,False,True
3642,364,2,1,62,True,True
3643,364,1,1,79,False,True
3643,364,2,1,75,True,False
3644,364,1,1,48,True,True
3645,364,1,1,151,False,True
3645,364,2,1,152,False,False
3645,364,2,2,146,True,False
3646,364,1,1,127,False,True
3646,364,2,1,127,False,True
3646,364,3,1,127,False,True
3646,364,4,1,127,False,True
3646,364,5,1,127,False,True
3646,364,6,1,127,False,True
3646,364,7,1,127,False,True
3646,364,8,1,127,False,True
3646,364,9,1,127,False,True
3646,364,10,1,127,True,True
3647,364,1,1,120,True,True
3648,364,1,1,27,True,True
3649,364,1,1,30,False,True
3649,364,2,1,30,True,True
3650,365,1,1,66,False,False
3650,365,1,2,73,False,True
3650,365,2,1,66,True,True
3651,365,1,1,154,True,True
3652,365,1,1,99,True,True
3653,365,1,1,103,True,True
3654,365,1,1,77,True,True
3655,365,1,1,112,False,True
3655,365,2,1,124,True,True
3656,365,1,1,146,True,False
3657,365,1,1,32,True,True
3658,365,1,1,119,True,True
3659,365,1,1,62,True,True
3660,366,1,1,76,True,False
3661,366,1,1,74,True,False
3662,366,1,1,72,False,False
3662,366,1,2,66,True,False
3663,366,1,1,77,True,True
3664,366,1,1,66,True,True
3665,366,1,1,66,True,True
3666,366,1,1,67,True,False
3667,366,1,1,78,True,False
3668,366,1,1,50,True,True
3669,366,1,1,41,True,True
3670,367,1,1,85,True,True
3671,367,1,1,20,False,True
3671,367,2,1,25,False,True
3671,367,3,1,26,True,True
3672,367,1,1,50,True,True
3673,367,1,1,139,True,True
3674,367,1,1,72,False,False
3674,367,1,2,58,True,True
3675,367,1,1,131,True,True
3676,367,1,1,146,False,False
3676,367,1,2,147,True,True
3677,367,1,1,97,True,True
3678,367,1,1,134,False,True
3678,367,2,1,133,True,True
3679,367,1,1,42,False,True
3679,367,2,1,42,False,True
3679,367,3,1,15,False,True
3679,367,4,1,42,False,True
3679,367,5,1,51,False,True
3679,367,6,1,51,True,True
3680,368,1,1,45,False,True
3680,368,2,1,33,True,True
3681,368,1,1,125,False,True
3681,368,2,1,130,True,True
3682,368,1,1,27,True,True
3683,368,1,1,39,True,True
3684,368,1,1,70,True,True
3685,368,1,1,150,True,True
3686,368,1,1,30,False,True
3686,368,2,1,30,False,True
3686,368,3,1,38,True,True
3687,368,1,1,150,False,True
3687,368,2,1,138,True,False
3688,368,1,1,59,True,True
3689,368,1,1,119,True,True
3690,369,1,1,1,False,False
3690,369,1,2,0,True,True
3691,369,1,1,50,True,False
3692,369,1,1,51,False,False
3692,369,1,2,34,True,False
3693,369,1,1,96,False,False
3693,369,1,2,116,False,True
3693,369,2,1,138,True,True
3694,369,1,1,74,True,False
3695,369,1,1,89,False,False
3695,369,1,2,107,True,True
3696,369,1,1,119,False,False
3696,369,1,2,120,False,True
3696,369,2,1,119,True,True
3697,369,1,1,2,True,True
3698,369,1,1,32,True,False
3699,369,1,1,109,False,True
3699,369,2,1,109,False,True
3699,369,3,1,108,False,True
3699,369,4,1,108,True,True
3700,370,1,1,93,False,True
3700,370,2,1,94,True,True
3701,370,1,1,66,False,True
3701,370,2,1,66,False,True
3701,370,3,1,66,False,True
3701,370,4,1,66,False,True
3701,370,5,1,50,False,True
3701,370,6,1,50,False,True
3701,370,7,1,66,True,True
3702,370,1,1,100,False,True
3702,370,2,1,117,False,False
3702,370,2,2,118,True,True
3703,370,1,1,52,True,True
3704,370,1,1,141,False,True
3704,370,2,1,140,False,False
3704,370,2,2,149,True,True
3705,370,1,1,64,False,False
3705,370,1,2,63,False,False
3705,370,1,3,62,True,True
3706,370,1,1,73,False,True
3706,370,2,1,73,False,True
3706,370,3,1,73,True,True
3707,370,1,1,84,False,True
3707,370,2,1,81,True,True
3708,370,1,1,99,False,True
3708,370,2,1,99,False,True
3708,370,3,1,115,False,True
3708,370,4,1,115,False,True
3708,370,5,1,99,True,True
3709,370,1,1,140,False,True
3709,370,2,1,149,False,True
3709,370,3,1,140,True,True
3710,371,1,1,134,False,False
3710,371,1,2,133,True,True
3711,371,1,1,39,True,True
3712,371,1,1,41,False,True
3712,371,2,1,45,False,True
3712,371,3,1,41,True,False
3713,371,1,1,75,False,False
3713,371,1,2,79,False,True
3713,371,2,1,80,True,True
3714,371,1,1,106,False,True
3714,371,2,1,112,False,True
3714,371,3,1,112,True,True
3715,371,1,1,70,True,False
3716,371,1,1,14,False,True
3716,371,2,1,14,False,True
3716,371,3,1,10,True,True
3717,371,1,1,66,True,False
3718,371,1,1,42,False,True
3718,371,2,1,34,False,True
3718,371,3,1,34,True,True
3719,371,1,1,15,False,True
3719,371,2,1,16,True,False
3720,372,1,1,66,True,True
3721,372,1,1,66,False,True
3721,372,2,1,86,True,True
3722,372,1,1,49,False,True
3722,372,2,1,44,False,True
3722,372,3,1,44,True,True
3723,372,1,1,82,False,False
3723,372,1,2,87,False,False
3723,372,1,3,93,True,True
3724,372,1,1,64,False,True
3724,372,2,1,64,False,True
3724,372,3,1,57,False,True
3724,372,4,1,64,False,False
3724,372,4,2,71,False,True
3724,372,5,1,65,True,True
3725,372,1,1,149,True,True
3726,372,1,1,71,False,True
3726,372,2,1,64,False,True
3726,372,3,1,71,False,False
3726,372,3,2,74,True,False
3727,372,1,1,127,False,True
3727,372,2,1,119,True,True
3728,372,1,1,46,True,True
3729,372,1,1,38,True,False
3730,373,1,1,146,False,True
3730,373,2,1,152,True,True
3731,373,1,1,98,True,True
3732,373,1,1,40,True,True
3733,373,1,1,6,True,True
3734,373,1,1,12,True,True
3735,373,1,1,134,False,True
3735,373,2,1,134,False,True
3735,373,3,1,134,True,True
3736,373,1,1,111,True,True
3737,373,1,1,91,False,True
3737,373,2,1,91,False,True
3737,373,3,1,98,False,False
3737,373,3,2,104,False,True
3737,373,4,1,104,False,True
3737,373,5,1,104,True,True
3738,373,1,1,138,True,True
3739,373,1,1,85,False,False
3739,373,1,2,77,True,True
3740,374,1,1,134,False,False
3740,374,1,2,133,True,True
3741,374,1,1,102,False,True
3741,374,2,1,102,True,True
3742,374,1,1,68,True,True
3743,374,1,1,116,True,True
3744,374,1,1,49,False,True
3744,374,2,1,49,False,True
3744,374,3,1,49,False,True
3744,374,4,1,49,False,True
3744,374,5,1,49,True,True
3745,374,1,1,152,False,True
3745,374,2,1,152,True,True
3746,374,1,1,18,True,False
3747,374,1,1,120,True,True
3748,374,1,1,98,False,True
3748,374,2,1,98,True,True
3749,374,1,1,107,True,True
3750,375,1,1,29,False,True
3750,375,2,1,54,False,True
3750,375,3,1,49,False,True
3750,375,4,1,54,True,True
3751,375,1,1,42,False,True
3751,375,2,1,42,True,True
3752,375,1,1,114,True,True
3753,375,1,1,67,True,True
3754,375,1,1,133,True,True
3755,375,1,1,141,False,True
3755,375,2,1,140,False,False
3755,375,2,2,144,True,True
3756,375,1,1,132,True,True
3757,375,1,1,57,True,True
3758,375,1,1,82,True,False
3759,375,1,1,86,False,False
3759,375,1,2,97,False,True
3759,375,2,1,86,False,True
3759,375,3,1,86,False,True
3759,375,4,1,97,False,False
3759,375,4,2,103,True,True
3760,376,1,1,49,False,True
3760,376,2,1,37,False,False
3760,376,2,2,29,True,True
3761,376,1,1,25,True,True
3762,376,1,1,65,True,True
3763,376,1,1,66,False,True
3763,376,2,1,50,False,False
3763,376,2,2,45,False,True
3763,376,3,1,45,False,True
3763,376,4,1,45,True,True
3764,376,1,1,139,True,True
3765,376,1,1,25,False,True
3765,376,2,1,25,False,True
3765,376,3,1,26,False,True
3765,376,4,1,26,True,True
3766,376,1,1,90,True,True
3767,376,1,1,85,False,False
3767,376,1,2,66,True,False
3768,376,1,1,124,True,True
3769,376,1,1,30,False,False
3769,376,1,2,10,False,True
3769,376,2,1,10,True,True
3770,377,1,1,13,True,True
3771,377,1,1,119,True,True
3772,377,1,1,86,False,False
3772,377,1,2,72,True,True
3773,377,1,1,116,False,True
3773,377,2,1,126,False,True
3773,377,3,1,116,False,False
3773,377,3,2,107,False,False
3773,377,3,3,99,True,True
3774,377,1,1,152,False,True
3774,377,2,1,152,False,True
3774,377,3,1,152,False,True
3774,377,4,1,152,False,True
3774,377,5,1,152,False,True
3774,377,6,1,152,False,True
3774,377,7,1,152,False,True
3774,377,8,1,152,False,True
3774,377,9,1,152,False,True
3774,377,10,1,152,False,True
3774,377,11,1,152,False,True
3774,377,12,1,152,False,True
3774,377,13,1,152,True,True
3775,377,1,1,102,True,True
3776,377,1,1,151,True,True
3777,377,1,1,86,False,True
3777,377,2,1,86,False,True
3777,377,3,1,86,False,True
3777,377,4,1,86,False,True
3777,377,5,1,86,False,True
3777,377,6,1,86,False,True
3777,377,7,1,86,False,True
3777,377,8,1,73,False,True
3777,377,9,1,73,True,True
3778,377,1,1,110,False,True
3778,377,2,1,110,False,True
3778,377,3,1,119,True,True
3779,377,1,1,75,True,True
3780,378,1,1,143,False,True
3780,378,2,1,143,False,True
3780,378,3,1,134,False,True
3780,378,4,1,134,False,True
3780,378,5,1,135,False,True
3780,378,6,1,135,True,True
3781,378,1,1,111,False,False
3781,378,1,2,104,False,True
3781,378,2,1,104,True,True
3782,378,1,1,148,False,True
3782,378,2,1,149,True,True
3783,378,1,1,7,False,True
3783,378,2,1,7,False,True
3783,378,3,1,7,False,True
3783,378,4,1,16,False,True
3783,378,5,1,5,True,True
3784,378,1,1,26,True,True
3785,378,1,1,129,False,True
3785,378,2,1,129,False,True
3785,378,3,1,129,True,True
3786,378,1,1,73,False,True
3786,378,2,1,86,False,True
3786,378,3,1,86,True,True
3787,378,1,1,112,True,True
3788,378,1,1,58,True,False
3789,378,1,1,70,True,True
3790,379,1,1,48,True,True
3791,379,1,1,61,False,True
3791,379,2,1,79,False,True
3791,379,3,1,79,False,True
3791,379,4,1,78,False,False
3791,379,4,2,82,True,False
3792,379,1,1,26,True,False
3793,379,1,1,121,False,True
3793,379,2,1,120,False,False
3793,379,2,2,119,True,False
3794,379,1,1,67,True,False
3795,379,1,1,84,False,True
3795,379,2,1,83,False,False
3795,379,2,2,80,True,True
3796,379,1,1,39,True,True
3797,379,1,1,59,True,False
3798,379,1,1,22,False,True
3798,379,2,1,22,True,True
3799,379,1,1,79,False,False
3799,379,1,2,78,False,False
3799,379,1,3,82,True,True
3800,380,1,1,57,False,False
3800,380,1,2,65,False,True
3800,380,2,1,64,False,True
3800,380,3,1,64,True,True
3801,380,1,1,54,True,False
3802,380,1,1,2,False,True
3802,380,2,1,2,False,True
3802,380,3,1,11,True,False
3803,380,1,1,142,False,True
3803,380,2,1,115,True,False
3804,380,1,1,43,False,True
3804,380,2,1,47,False,False
3804,380,2,2,48,True,True
3805,380,1,1,151,False,True
3805,380,2,1,143,False,True
3805,380,3,1,151,False,True
3805,380,4,1,152,False,True
3805,380,5,1,152,False,True
3805,380,6,1,151,False,True
3805,380,7,1,152,True,True
3806,380,1,1,115,False,True
3806,380,2,1,107,False,True
3806,380,3,1,132,True,True
3807,380,1,1,40,False,True
3807,380,2,1,11,False,True
3807,380,3,1,26,True,True
3808,380,1,1,59,False,True
3808,380,2,1,50,True,False
3809,380,1,1,4,False,False
3809,380,1,2,5,True,True
3810,381,1,1,125,True,False
3811,381,1,1,61,False,True
3811,381,2,1,61,True,True
3812,381,1,1,139,True,True
3813,381,1,1,72,True,True
3814,381,1,1,5,True,True
3815,381,1,1,70,True,True
3816,381,1,1,90,False,True
3816,381,2,1,70,False,False
3816,381,2,2,62,False,True
3816,381,3,1,62,True,True
3817,381,1,1,73,True,True
3818,381,1,1,90,False,True
3818,381,2,1,90,True,True
3819,381,1,1,31,True,True
3820,382,1,1,98,False,True
3820,382,2,1,98,False,True
3820,382,3,1,98,False,True
3820,382,4,1,98,False,True
3820,382,5,1,105,True,False
3821,382,1,1,42,False,False
3821,382,1,2,33,False,True
3821,382,2,1,33,False,True
3821,382,3,1,42,True,False
3822,382,1,1,101,True,True
3823,382,1,1,63,False,True
3823,382,2,1,62,False,False
3823,382,2,2,38,True,False
3824,382,1,1,50,False,True
3824,382,2,1,50,False,True
3824,382,3,1,50,True,True
3825,382,1,1,64,True,False
3826,382,1,1,51,False,False
3826,382,1,2,43,True,False
3827,382,1,1,121,False,True
3827,382,2,1,121,True,True
3828,382,1,1,15,True,False
3829,382,1,1,90,True,False
3830,383,1,1,66,True,True
3831,383,1,1,141,True,True
3832,383,1,1,80,False,True
3832,383,2,1,80,True,True
3833,383,1,1,26,True,True
3834,383,1,1,68,False,False
3834,383,1,2,75,False,True
3834,383,2,1,75,False,True
3834,383,3,1,69,True,True
3835,383,1,1,46,False,True
3835,383,2,1,46,False,True
3835,383,3,1,52,True,True
3836,383,1,1,70,True,True
3837,383,1,1,117,False,True
3837,383,2,1,100,False,False
3837,383,2,2,96,False,True
3837,383,3,1,96,False,True
3837,383,4,1,96,False,True
3837,383,5,1,96,False,True
3837,383,6,1,96,False,True
3837,383,7,1,117,True,True
3838,383,1,1,94,True,False
3839,383,1,1,97,False,True
3839,383,2,1,77,True,True
3840,384,1,1,40,True,True
3841,384,1,1,3,False,True
3841,384,2,1,2,True,True
3842,384,1,1,51,False,True
3842,384,2,1,51,False,True
3842,384,3,1,45,False,False
3842,384,3,2,42,False,True
3842,384,4,1,42,False,True
3842,384,5,1,45,False,True
3842,384,6,1,45,True,True
3843,384,1,1,77,True,False
3844,384,1,1,76,False,False
3844,384,1,2,74,True,True
3845,384,1,1,136,True,True
3846,384,1,1,90,True,True
3847,384,1,1,56,False,True
3847,384,2,1,62,True,True
3848,384,1,1,26,False,True
3848,384,2,1,11,True,True
3849,384,1,1,44,True,False
3850,385,1,1,12,True,False
3851,385,1,1,152,False,True
3851,385,2,1,152,True,True
3852,385,1,1,44,False,True
3852,385,2,1,40,True,True
3853,385,1,1,104,False,False
3853,385,1,2,111,False,True
3853,385,2,1,111,False,True
3853,385,3,1,104,False,False
3853,385,3,2,98,False,True
3853,385,4,1,105,True,True
3854,385,1,1,86,True,True
3855,385,1,1,152,False,True
3855,385,2,1,152,False,True
3855,385,3,1,146,False,True
3855,385,4,1,146,False,True
3855,385,5,1,152,True,True
3856,385,1,1,139,True,True
3857,385,1,1,25,False,True
3857,385,2,1,14,True,True
3858,385,1,1,66,False,True
3858,385,2,1,59,True,True
3859,385,1,1,150,True,True
3860,386,1,1,148,False,True
3860,386,2,1,148,False,True
3860,386,3,1,149,False,False
3860,386,3,2,140,False,True
3860,386,4,1,140,False,True
3860,386,5,1,140,True,True
3861,386,1,1,43,False,True
3861,386,2,1,55,False,False
3861,386,2,2,60,True,False
3862,386,1,1,26,False,False
3862,386,1,2,25,False,False
3862,386,1,3,10,True,True
3863,386,1,1,151,False,True
3863,386,2,1,151,False,True
3863,386,3,1,153,True,True
3864,386,1,1,11,True,True
3865,386,1,1,81,False,True
3865,386,2,1,84,True,False
3866,386,1,1,73,True,False
3867,386,1,1,151,True,True
3868,386,1,1,126,False,True
3868,386,2,1,126,True,True
3869,386,1,1,106,True,False
3870,387,1,1,34,False,True
3870,387,2,1,34,True,True
3871,387,1,1,73,False,True
3871,387,2,1,41,True,False
3872,387,1,1,45,True,True
3873,387,1,1,51,True,False
3874,387,1,1,32,False,False
3874,387,1,2,31,True,False
3875,387,1,1,57,False,True
3875,387,2,1,64,False,False
3875,387,2,2,71,False,True
3875,387,3,1,71,False,True
3875,387,4,1,70,False,False
3875,387,4,2,62,True,True
3876,387,1,1,152,False,True
3876,387,2,1,151,False,True
3876,387,3,1,151,True,True
3877,387,1,1,118,True,True
3878,387,1,1,54,True,True
3879,387,1,1,101,True,False
3880,388,1,1,123,False,True
3880,388,2,1,105,False,True
3880,388,3,1,105,True,True
3881,388,1,1,90,True,True
3882,388,1,1,12,True,False
3883,388,1,1,100,False,True
3883,388,2,1,100,False,True
3883,388,3,1,100,True,True
3884,388,1,1,16,True,True
3885,388,1,1,40,True,True
3886,388,1,1,71,True,True
3887,388,1,1,72,False,True
3887,388,2,1,65,False,True
3887,388,3,1,65,True,True
3888,388,1,1,151,False,True
3888,388,2,1,151,False,True
3888,388,3,1,143,False,True
3888,388,4,1,143,False,True
3888,388,5,1,143,False,True
3888,388,6,1,143,True,True
3889,388,1,1,127,False,True
3889,388,2,1,132,True,True
3890,389,1,1,78,False,True
3890,389,2,1,82,True,False
3891,389,1,1,29,True,True
3892,389,1,1,139,True,True
3893,389,1,1,73,True,True
3894,389,1,1,69,True,False
3895,389,1,1,67,False,False
3895,389,1,2,66,True,True
3896,389,1,1,50,True,True
3897,389,1,1,16,True,True
3898,389,1,1,14,False,True
3898,389,2,1,14,False,True
3898,389,3,1,30,True,True
3899,389,1,1,134,False,False
3899,389,1,2,148,False,True
3899,389,2,1,148,False,True
3899,389,3,1,148,False,True
3899,389,4,1,148,False,True
3899,389,5,1,148,False,True
3899,389,6,1,144,False,True
3899,389,7,1,144,True,True
3900,390,1,1,22,True,True
3901,390,1,1,124,False,True
3901,390,2,1,135,True,True
3902,390,1,1,44,True,True
3903,390,1,1,44,True,True
3904,390,1,1,127,False,True
3904,390,2,1,151,False,True
3904,390,3,1,118,True,False
3905,390,1,1,14,True,True
3906,390,1,1,78,True,True
3907,390,1,1,82,True,False
3908,390,1,1,15,True,True
3909,390,1,1,77,True,True
3910,391,1,1,122,True,False
3911,391,1,1,152,False,True
3911,391,2,1,151,True,True
3912,391,1,1,59,True,True
3913,391,1,1,132,True,True
3914,391,1,1,76,True,True
3915,391,1,1,101,False,False
3915,391,1,2,108,True,False
3916,391,1,1,83,False,True
3916,391,2,1,83,True,True
3917,391,1,1,74,False,True
3917,391,2,1,90,False,True
3917,391,3,1,70,True,True
3918,391,1,1,91,False,False
3918,391,1,2,92,False,False
3918,391,1,3,93,False,False
3918,391,1,4,94,True,True
3919,391,1,1,3,True,True
3920,392,1,1,103,False,False
3920,392,1,2,102,True,False
3921,392,1,1,102,False,True
3921,392,2,1,102,False,True
3921,392,3,1,102,False,True
3921,392,4,1,110,True,True
3922,392,1,1,107,True,True
3923,392,1,1,1,True,True
3924,392,1,1,59,False,False
3924,392,1,2,66,False,True
3924,392,2,1,66,False,True
3924,392,3,1,50,True,True
3925,392,1,1,48,False,True
3925,392,2,1,48,True,True
3926,392,1,1,129,True,True
3927,392,1,1,80,False,True
3927,392,2,1,80,True,True
3928,392,1,1,92,True,True
3929,392,1,1,68,False,True
3929,392,2,1,68,True,True
3930,393,1,1,59,True,False
3931,393,1,1,64,True,True
3932,393,1,1,45,False,True
3932,393,2,1,45,False,True
3932,393,3,1,46,True,True
3933,393,1,1,55,True,False
3934,393,1,1,149,True,True
3935,393,1,1,143,True,True
3936,393,1,1,127,False,False
3936,393,1,2,109,True,True
3937,393,1,1,96,False,True
3937,393,2,1,96,False,True
3937,393,3,1,107,False,False
3937,393,3,2,115,True,True
3938,393,1,1,38,False,True
3938,393,2,1,44,True,True
3939,393,1,1,98,True,True
3940,394,1,1,78,False,True
3940,394,2,1,98,True,False
3941,394,1,1,44,True,True
3942,394,1,1,91,False,False
3942,394,1,2,92,True,True
3943,394,1,1,31,False,True
3943,394,2,1,31,False,True
3943,394,3,1,31,True,True
3944,394,1,1,34,True,True
3945,394,1,1,82,True,True
3946,394,1,1,27,True,True
3947,394,1,1,25,False,False
3947,394,1,2,24,False,True
3947,394,2,1,30,False,True
3947,394,3,1,30,False,True
3947,394,4,1,30,False,True
3947,394,5,1,30,True,True
3948,394,1,1,64,False,True
3948,394,2,1,64,True,True
3949,394,1,1,67,False,False
3949,394,1,2,68,True,True
3950,395,1,1,48,False,True
3950,395,2,1,19,True,False
3951,395,1,1,27,True,True
3952,395,1,1,83,True,False
3953,395,1,1,44,False,True
3953,395,2,1,57,False,False
3953,395,2,2,64,False,True
3953,395,3,1,63,True,True
3954,395,1,1,78,True,True
3955,395,1,1,122,False,True
3955,395,2,1,111,False,False
3955,395,2,2,104,True,True
3956,395,1,1,86,True,True
3957,395,1,1,104,True,True
3958,395,1,1,76,False,True
3958,395,2,1,76,False,True
3958,395,3,1,85,True,True
3959,395,1,1,86,False,False
3959,395,1,2,91,True,True
3960,396,1,1,55,True,False
3961,396,1,1,120,False,True
3961,396,2,1,119,False,False
3961,396,2,2,143,False,True
3961,396,3,1,146,False,True
3961,396,4,1,139,False,False
3961,396,4,2,128,True,False
3962,396,1,1,49,False,False
3962,396,1,2,37,True,True
3963,396,1,1,145,True,False
3964,396,1,1,78,False,False
3964,396,1,2,75,False,True
3964,396,2,1,75,False,True
3964,396,3,1,78,True,True
3965,396,1,1,86,True,True
3966,396,1,1,100,True,True
3967,396,1,1,153,False,True
3967,396,2,1,145,True,False
3968,396,1,1,123,True,True
3969,396,1,1,34,False,False
3969,396,1,2,17,True,True
3970,397,1,1,18,False,False
3970,397,1,2,19,False,True
3970,397,2,1,12,True,True
3971,397,1,1,151,False,True
3971,397,2,1,143,False,True
3971,397,3,1,152,False,True
3971,397,4,1,151,False,True
3971,397,5,1,151,True,True
3972,397,1,1,76,False,True
3972,397,2,1,65,False,True
3972,397,3,1,65,True,True
3973,397,1,1,58,False,False
3973,397,1,2,41,False,True
3973,397,2,1,59,False,False
3973,397,2,2,66,False,True
3973,397,3,1,59,True,True
3974,397,1,1,137,False,True
3974,397,2,1,114,False,True
3974,397,3,1,114,False,True
3974,397,4,1,149,False,True
3974,397,5,1,140,False,False
3974,397,5,2,141,False,True
3974,397,6,1,149,False,True
3974,397,7,1,140,False,True
3974,397,8,1,149,False,True
3974,397,9,1,140,False,False
3974,397,9,2,137,True,False
3975,397,1,1,143,False,True
3975,397,2,1,143,False,True
3975,397,3,1,143,False,True
3975,397,4,1,128,True,False
3976,397,1,1,73,False,True
3976,397,2,1,69,True,True
3977,397,1,1,2,False,True
3977,397,2,1,3,False,True
3977,397,3,1,2,True,False
3978,397,1,1,49,False,True
3978,397,2,1,54,True,False
3979,397,1,1,86,False,True
3979,397,2,1,97,True,True
3980,398,1,1,6,True,True
3981,398,1,1,151,True,True
3982,398,1,1,128,False,True
3982,398,2,1,110,False,False
3982,398,2,2,109,False,True
3982,398,3,1,103,False,True
3982,398,4,1,103,False,True
3982,398,5,1,103,False,True
3982,398,6,1,143,True,True
3983,398,1,1,111,False,True
3983,398,2,1,122,False,False
3983,398,2,2,129,True,False
3984,398,1,1,143,False,True
3984,398,2,1,109,False,True
3984,398,3,1,109,False,True
3984,398,4,1,109,True,True
3985,398,1,1,149,False,True
3985,398,2,1,149,False,True
3985,398,3,1,124,False,True
3985,398,4,1,124,False,True
3985,398,5,1,124,True,True
3986,398,1,1,66,False,False
3986,398,1,2,59,True,True
3987,398,1,1,7,False,True
3987,398,2,1,7,False,True
3987,398,3,1,4,True,True
3988,398,1,1,55,True,False
3989,398,1,1,62,True,True
3990,399,1,1,143,False,True
3990,399,2,1,143,False,True
3990,399,3,1,143,False,True
3990,399,4,1,119,True,True
3991,399,1,1,20,True,True
3992,399,1,1,56,False,True
3992,399,2,1,56,False,True
3992,399,3,1,54,True,True
3993,399,1,1,74,False,True
3993,399,2,1,72,False,False
3993,399,2,2,73,False,True
3993,399,3,1,72,False,True
3993,399,4,1,72,False,True
3993,399,5,1,72,True,True
3994,399,1,1,125,True,False
3995,399,1,1,151,True,True
3996,399,1,1,60,False,True
3996,399,2,1,55,True,True
3997,399,1,1,71,False,True
3997,399,2,1,71,False,True
3997,399,3,1,71,False,True
3997,399,4,1,64,False,False
3997,399,4,2,63,True,False
3998,399,1,1,27,False,True
3998,399,2,1,33,False,True
3998,399,3,1,33,False,True
3998,399,4,1,33,False,True
3998,399,5,1,27,True,True
3999,399,1,1,87,True,True
4000,400,1,1,69,True,True
4001,400,1,1,143,False,True
4001,400,2,1,120,False,True
4001,400,3,1,128,True,True
4002,400,1,1,29,True,True
4003,400,1,1,18,False,False
4003,400,1,2,19,True,True
4004,400,1,1,55,True,True
4005,400,1,1,65,False,True
4005,400,2,1,64,True,False
4006,400,1,1,63,False,True
4006,400,2,1,70,False,True
4006,400,3,1,62,False,True
4006,400,4,1,70,False,False
4006,400,4,2,71,False,True
4006,400,5,1,71,False,True
4006,400,6,1,71,True,True
4007,400,1,1,68,True,True
4008,400,1,1,70,False,True
4008,400,2,1,70,False,True
4008,400,3,1,62,True,False
4009,400,1,1,74,True,False
4010,401,1,1,59,True,True
4011,401,1,1,94,True,True
4012,401,1,1,82,True,True
4013,401,1,1,142,False,True
4013,401,2,1,131,True,True
4014,401,1,1,63,False,True
4014,401,2,1,62,True,True
4015,401,1,1,63,True,False
4016,401,1,1,121,True,True
4017,401,1,1,134,True,True
4018,401,1,1,11,True,True
4019,401,1,1,12,False,True
4019,401,2,1,9,False,True
4019,401,3,1,12,False,True
4019,401,4,1,9,True,True
4020,402,1,1,47,True,False
4021,402,1,1,55,False,True
4021,402,2,1,55,True,True
4022,402,1,1,136,True,True
4023,402,1,1,116,False,True
4023,402,2,1,116,False,True
4023,402,3,1,116,False,True
4023,402,4,1,116,False,True
4023,402,5,1,138,True,True
4024,402,1,1,132,True,True
4025,402,1,1,8,True,True
4026,402,1,1,11,True,True
4027,402,1,1,78,True,True
4028,402,1,1,95,False,True
4028,402,2,1,95,False,True
4028,402,3,1,95,True,True
4029,402,1,1,142,True,True
4030,403,1,1,92,True,True
4031,403,1,1,44,True,True
4032,403,1,1,77,False,False
4032,403,1,2,86,True,True
4033,403,1,1,70,True,True
4034,403,1,1,5,True,True
4035,403,1,1,3,True,False
4036,403,1,1,75,False,True
4036,403,2,1,78,True,True
4037,403,1,1,27,False,True
4037,403,2,1,15,False,False
4037,403,2,2,16,False,True
4037,403,3,1,27,False,False
4037,403,3,2,33,True,False
4038,403,1,1,46,False,True
4038,403,2,1,35,False,True
4038,403,3,1,35,False,True
4038,403,4,1,47,False,True
4038,403,5,1,35,False,True
4038,403,6,1,35,False,True
4038,403,7,1,43,False,True
4038,403,8,1,35,False,False
4038,403,8,2,16,False,True
4038,403,9,1,17,False,False
4038,403,9,2,18,False,False
4038,403,9,3,19,False,True
4038,403,10,1,19,False,True
4038,403,11,1,19,True,True
4039,403,1,1,132,True,True
4040,404,1,1,119,False,True
4040,404,2,1,97,True,True
4041,404,1,1,83,False,True
4041,404,2,1,87,False,False
4041,404,2,2,88,True,True
4042,404,1,1,72,True,True
4043,404,1,1,3,False,True
4043,404,2,1,7,False,False
4043,404,2,2,15,True,True
4044,404,1,1,38,False,True
4044,404,2,1,56,False,True
4044,404,3,1,29,False,False
4044,404,3,2,24,False,False
4044,404,3,3,23,True,True
4045,404,1,1,17,False,False
4045,404,1,2,18,True,False
4046,404,1,1,75,False,False
4046,404,1,2,78,False,False
4046,404,1,3,98,False,False
4046,404,1,4,104,True,True
4047,404,1,1,152,False,True
4047,404,2,1,152,True,True
4048,404,1,1,138,True,True
4049,404,1,1,86,True,True
4050,405,1,1,42,False,True
4050,405,2,1,42,False,True
4050,405,3,1,50,False,True
4050,405,4,1,33,False,True
4050,405,5,1,33,True,True
4051,405,1,1,72,True,True
4052,405,1,1,26,True,True
4053,405,1,1,93,True,True
4054,405,1,1,59,True,True
4055,405,1,1,51,True,True
4056,405,1,1,139,False,False
4056,405,1,2,146,False,True
4056,405,2,1,146,False,True
4056,405,3,1,143,False,True
4056,405,4,1,147,True,True
4057,405,1,1,72,True,True
4058,405,1,1,55,False,True
4058,405,2,1,43,False,True
4058,405,3,1,43,False,True
4058,405,4,1,36,False,True
4058,405,5,1,36,False,True
4058,405,6,1,8,False,True
4058,405,7,1,8,False,True
4058,405,8,1,8,False,True
4058,405,9,1,17,False,False
4058,405,9,2,21,False,False
4058,405,9,3,28,True,False
4059,405,1,1,143,True,True
4060,406,1,1,153,True,True
4061,406,1,1,73,True,True
4062,406,1,1,86,False,True
4062,406,2,1,86,False,True
4062,406,3,1,74,True,False
4063,406,1,1,49,False,True
4063,406,2,1,56,False,True
4063,406,3,1,54,False,True
4063,406,4,1,56,True,False
4064,406,1,1,70,True,True
4065,406,1,1,152,False,True
4065,406,2,1,146,True,True
4066,406,1,1,13,False,True
4066,406,2,1,10,False,False
4066,406,2,2,6,False,True
4066,406,3,1,6,True,True
4067,406,1,1,85,True,True
4068,406,1,1,65,False,False
4068,406,1,2,26,True,True
4069,406,1,1,18,True,True
4070,407,1,1,77,False,True
4070,407,2,1,86,True,True
4071,407,1,1,143,True,True
4072,407,1,1,146,True,True
4073,407,1,1,58,False,True
4073,407,2,1,72,True,False
4074,407,1,1,71,True,True
4075,407,1,1,78,True,False
4076,407,1,1,73,True,False
4077,407,1,1,146,False,True
4077,407,2,1,152,False,True
4077,407,3,1,146,False,True
4077,407,4,1,146,False,True
4077,407,5,1,143,True,True
4078,407,1,1,22,True,True
4079,407,1,1,61,True,True
4080,408,1,1,73,False,False
4080,408,1,2,65,False,False
4080,408,1,3,64,False,True
4080,408,2,1,64,False,True
4080,408,3,1,64,False,True
4080,408,4,1,72,True,True
4081,408,1,1,35,False,True
4081,408,2,1,35,False,True
4081,408,3,1,43,False,True
4081,408,4,1,43,False,True
4081,408,5,1,43,False,True
4081,408,6,1,36,False,True
4081,408,7,1,35,True,True
4082,408,1,1,115,True,True
4083,408,1,1,122,False,True
4083,408,2,1,122,False,True
4083,408,3,1,82,True,False
4084,408,1,1,84,False,True
4084,408,2,1,88,False,False
4084,408,2,2,93,False,False
4084,408,2,3,112,False,True
4084,408,3,1,136,False,True
4084,408,4,1,113,False,True
4084,408,5,1,113,False,True
4084,408,6,1,113,True,True
4085,408,1,1,88,True,True
4086,408,1,1,67,True,False
4087,408,1,1,109,True,True
4088,408,1,1,98,True,True
4089,408,1,1,106,False,False
4089,408,1,2,112,True,True
4090,409,1,1,107,False,True
4090,409,2,1,115,False,True
4090,409,3,1,99,True,True
4091,409,1,1,46,True,True
4092,409,1,1,42,False,True
4092,409,2,1,59,False,True
4092,409,3,1,58,True,False
4093,409,1,1,62,False,True
4093,409,2,1,56,True,True
4094,409,1,1,42,False,True
4094,409,2,1,45,False,True
4094,409,3,1,42,False,True
4094,409,4,1,33,True,True
4095,409,1,1,36,False,True
4095,409,2,1,48,True,True
4096,409,1,1,105,True,False
4097,409,1,1,61,False,True
4097,409,2,1,61,True,True
4098,409,1,1,101,False,True
4098,409,2,1,100,False,False
4098,409,2,2,99,False,True
4098,409,3,1,97,True,True
4099,409,1,1,128,True,True
4100,410,1,1,76,False,True
4100,410,2,1,76,False,True
4100,410,3,1,76,True,True
4101,410,1,1,22,False,True
4101,410,2,1,22,False,True
4101,410,3,1,18,True,True
4102,410,1,1,66,False,True
4102,410,2,1,66,False,True
4102,410,3,1,66,True,True
4103,410,1,1,103,True,True
4104,410,1,1,2,True,True
4105,410,1,1,146,True,True
4106,410,1,1,66,False,True
4106,410,2,1,66,True,True
4107,410,1,1,49,False,True
4107,410,2,1,49,True,True
4108,410,1,1,126,False,True
4108,410,2,1,126,False,True
4108,410,3,1,107,False,True
4108,410,4,1,107,False,True
4108,410,5,1,107,False,True
4108,410,6,1,116,False,True
4108,410,7,1,115,True,True
4109,410,1,1,127,False,True
4109,410,2,1,119,True,True
4110,411,1,1,74,False,True
4110,411,2,1,76,False,False
4110,411,2,2,101,False,True
4110,411,3,1,85,True,True
4111,411,1,1,70,False,False
4111,411,1,2,62,True,True
4112,411,1,1,64,False,False
4112,411,1,2,71,False,True
4112,411,2,1,39,True,True
4113,411,1,1,30,False,True
4113,411,2,1,30,True,True
4114,411,1,1,7,True,True
4115,411,1,1,111,False,True
4115,411,2,1,104,True,True
4116,411,1,1,30,False,True
4116,411,2,1,25,False,False
4116,411,2,2,26,True,True
4117,411,1,1,66,True,True
4118,411,1,1,116,True,True
4119,411,1,1,68,True,True
4120,412,1,1,147,True,False
4121,412,1,1,44,False,True
4121,412,2,1,57,False,True
4121,412,3,1,57,False,True
4121,412,4,1,57,False,True
4121,412,5,1,57,True,True
4122,412,1,1,120,True,True
4123,412,1,1,152,True,True
4124,412,1,1,104,True,True
4125,412,1,1,51,True,True
4126,412,1,1,15,True,False
4127,412,1,1,51,False,True
4127,412,2,1,50,True,True
4128,412,1,1,62,False,True
4128,412,2,1,70,True,True
4129,412,1,1,47,True,False
4130,413,1,1,33,False,True
4130,413,2,1,27,True,True
4131,413,1,1,112,False,False
4131,413,1,2,124,True,False
4132,413,1,1,11,True,True
4133,413,1,1,121,False,False
4133,413,1,2,128,True,False
4134,413,1,1,2,True,True
4135,413,1,1,60,True,True
4136,413,1,1,15,False,True
4136,413,2,1,4,False,True
4136,413,3,1,15,True,True
4137,413,1,1,70,True,True
4138,413,1,1,49,False,True
4138,413,2,1,54,False,False
4138,413,2,2,56,False,True
4138,413,3,1,49,False,True
4138,413,4,1,38,False,True
4138,413,5,1,29,True,True
4139,413,1,1,8,False,True
4139,413,2,1,8,True,True
4140,414,1,1,107,False,True
4140,414,2,1,107,False,True
4140,414,3,1,107,True,True
4141,414,1,1,99,False,True
4141,414,2,1,89,True,True
4142,414,1,1,146,True,False
4143,414,1,1,41,True,False
4144,414,1,1,109,True,True
4145,414,1,1,91,False,True
4145,414,2,1,91,True,True
4146,414,1,1,46,False,False
4146,414,1,2,43,False,True
4146,414,2,1,35,False,False
4146,414,2,2,28,False,True
4146,414,3,1,35,False,False
4146,414,3,2,46,True,False
4147,414,1,1,141,False,True
4147,414,2,1,141,False,True
4147,414,3,1,130,False,True
4147,414,4,1,137,True,False
4148,414,1,1,89,True,True
4149,414,1,1,21,True,True
4150,415,1,1,92,True,True
4151,415,1,1,2,True,True
4152,415,1,1,15,False,True
4152,415,2,1,15,True,True
4153,415,1,1,66,False,True
4153,415,2,1,66,False,True
4153,415,3,1,66,False,True
4153,415,4,1,82,True,True
4154,415,1,1,27,True,True
4155,415,1,1,29,True,True
4156,415,1,1,59,True,True
4157,415,1,1,90,True,True
4158,415,1,1,154,True,True
4159,415,1,1,146,True,False
4160,416,1,1,89,False,True
4160,416,2,1,99,True,True
4161,416,1,1,82,False,True
4161,416,2,1,104,True,False
4162,416,1,1,154,False,True
4162,416,2,1,154,True,True
4163,416,1,1,62,True,False
4164,416,1,1,56,False,True
4164,416,2,1,56,False,True
4164,416,3,1,56,True,True
4165,416,1,1,107,False,False
4165,416,1,2,115,True,True
4166,416,1,1,79,True,True
4167,416,1,1,118,True,True
4168,416,1,1,135,True,True
4169,416,1,1,49,False,True
4169,416,2,1,49,True,True
4170,417,1,1,2,False,True
4170,417,2,1,39,False,True
4170,417,3,1,39,False,True
4170,417,4,1,39,False,True
4170,417,5,1,39,False,True
4170,417,6,1,39,True,True
4171,417,1,1,77,True,True
4172,417,1,1,41,True,False
4173,417,1,1,123,False,True
4173,417,2,1,129,False,True
4173,417,3,1,129,True,True
4174,417,1,1,39,True,True
4175,417,1,1,103,True,True
4176,417,1,1,145,True,True
4177,417,1,1,55,True,True
4178,417,1,1,52,True,False
4179,417,1,1,150,False,True
4179,417,2,1,150,True,True
4180,418,1,1,125,False,True
4180,418,2,1,130,False,True
4180,418,3,1,114,True,True
4181,418,1,1,138,True,True
4182,418,1,1,91,True,True
4183,418,1,1,79,False,False
4183,418,1,2,75,True,True
4184,418,1,1,66,False,False
4184,418,1,2,59,False,True
4184,418,2,1,50,False,True
4184,418,3,1,45,False,True
4184,418,4,1,66,False,True
4184,418,5,1,66,False,True
4184,418,6,1,51,True,True
4185,418,1,1,66,False,True
4185,418,2,1,98,False,False
4185,418,2,2,105,False,True
4185,418,3,1,82,False,False
4185,418,3,2,78,False,False
4185,418,3,3,79,False,True
4185,418,4,1,79,False,True
4185,418,5,1,78,True,True
4186,418,1,1,49,False,False
4186,418,1,2,37,False,True
4186,418,2,1,56,True,True
4187,418,1,1,115,False,True
4187,418,2,1,115,True,True
4188,418,1,1,125,False,True
4188,418,2,1,149,True,True
4189,418,1,1,3,True,True
4190,419,1,1,17,True,True
4191,419,1,1,75,True,True
4192,419,1,1,71,False,False
4192,419,1,2,70,True,True
4193,419,1,1,121,True,True
4194,419,1,1,129,True,True
4195,419,1,1,148,False,True
4195,419,2,1,148,False,True
4195,419,3,1,148,False,True
4195,419,4,1,154,True,True
4196,419,1,1,37,False,True
4196,419,2,1,37,True,True
4197,419,1,1,66,False,True
4197,419,2,1,50,False,True
4197,419,3,1,50,True,True
4198,419,1,1,137,True,True
4199,419,1,1,48,True,True
4200,420,1,1,47,True,True
4201,420,1,1,59,False,True
4201,420,2,1,50,True,False
4202,420,1,1,144,True,True
4203,420,1,1,45,True,True
4204,420,1,1,132,False,True
4204,420,2,1,132,False,True
4204,420,3,1,118,True,True
4205,420,1,1,123,True,True
4206,420,1,1,46,True,True
4207,420,1,1,31,False,True
4207,420,2,1,31,False,True
4207,420,3,1,31,False,True
4207,420,4,1,31,True,True
4208,420,1,1,123,True,True
4209,420,1,1,89,True,True
4210,421,1,1,110,False,True
4210,421,2,1,110,False,True
4210,421,3,1,110,False,True
4210,421,4,1,110,False,True
4210,421,5,1,110,False,True
4210,421,6,1,119,True,True
4211,421,1,1,98,False,True
4211,421,2,1,82,False,True
4211,421,3,1,82,True,True
4212,421,1,1,149,True,True
4213,421,1,1,90,False,True
4213,421,2,1,90,True,True
4214,421,1,1,52,False,True
4214,421,2,1,52,True,True
4215,421,1,1,146,True,True
4216,421,1,1,62,False,False
4216,421,1,2,56,False,False
4216,421,1,3,54,False,True
4216,421,2,1,54,False,True
4216,421,3,1,64,False,True
4216,421,4,1,64,False,True
4216,421,5,1,64,True,True
4217,421,1,1,120,False,True
4217,421,2,1,120,False,True
4217,421,3,1,120,True,True
4218,421,1,1,98,False,True
4218,421,2,1,98,False,True
4218,421,3,1,98,False,True
4218,421,4,1,98,False,True
4218,421,5,1,105,True,True
4219,421,1,1,45,True,True
4220,422,1,1,90,True,True
4221,422,1,1,93,False,True
4221,422,2,1,81,True,True
4222,422,1,1,48,False,True
4222,422,2,1,81,True,False
4223,422,1,1,7,True,True
4224,422,1,1,139,True,True
4225,422,1,1,4,False,True
4225,422,2,1,5,True,True
4226,422,1,1,33,True,True
4227,422,1,1,132,True,True
4228,422,1,1,111,False,True
4228,422,2,1,104,True,False
4229,422,1,1,105,True,False
4230,423,1,1,132,True,True
4231,423,1,1,31,True,True
4232,423,1,1,65,True,True
4233,423,1,1,18,True,False
4234,423,1,1,77,True,True
4235,423,1,1,73,True,False
4236,423,1,1,129,False,False
4236,423,1,2,133,True,True
4237,423,1,1,40,True,True
4238,423,1,1,152,False,True
4238,423,2,1,151,False,True
4238,423,3,1,151,False,True
4238,423,4,1,152,False,True
4238,423,5,1,152,False,True
4238,423,6,1,152,False,True
4238,423,7,1,143,False,True
4238,423,8,1,143,True,True
4239,423,1,1,143,False,True
4239,423,2,1,143,False,True
4239,423,3,1,143,False,True
4239,423,4,1,151,True,True
4240,424,1,1,38,False,False
4240,424,1,2,37,True,True
4241,424,1,1,139,False,True
4241,424,2,1,143,True,True
4242,424,1,1,109,True,True
4243,424,1,1,57,False,True
4243,424,2,1,64,False,True
4243,424,3,1,71,False,True
4243,424,4,1,71,False,True
4243,424,5,1,64,False,False
4243,424,5,2,65,True,True
4244,424,1,1,134,False,False
4244,424,1,2,148,True,True
4245,424,1,1,70,False,True
4245,424,2,1,70,True,True
4246,424,1,1,72,True,True
4247,424,1,1,135,True,False
4248,424,1,1,40,False,False
4248,424,1,2,31,True,False
4249,424,1,1,38,True,True
4250,425,1,1,109,False,True
4250,425,2,1,109,False,True
4250,425,3,1,100,True,True
4251,425,1,1,86,True,True
4252,425,1,1,8,False,True
4252,425,2,1,8,False,True
4252,425,3,1,18,True,True
4253,425,1,1,55,False,True
4253,425,2,1,53,False,True
4253,425,3,1,95,True,True
4254,425,1,1,50,True,True
4255,425,1,1,26,True,True
4256,425,1,1,36,False,True
4256,425,2,1,46,False,True
4256,425,3,1,53,False,True
4256,425,4,1,47,True,True
4257,425,1,1,56,True,True
4258,425,1,1,42,False,True
4258,425,2,1,34,False,True
4258,425,3,1,27,True,True
4259,425,1,1,61,False,True
4259,425,2,1,55,False,False
4259,425,2,2,46,True,True
4260,426,1,1,104,True,True
4261,426,1,1,53,True,False
4262,426,1,1,65,False,True
4262,426,2,1,74,False,True
4262,426,3,1,71,False,True
4262,426,4,1,71,False,True
4262,426,5,1,71,True,True
4263,426,1,1,59,False,False
4263,426,1,2,50,False,False
4263,426,1,3,45,False,True
4263,426,2,1,50,False,True
4263,426,3,1,45,True,True
4264,426,1,1,61,False,True
4264,426,2,1,43,False,True
4264,426,3,1,43,True,True
4265,426,1,1,4,True,True
4266,426,1,1,99,False,True
4266,426,2,1,99,False,True
4266,426,3,1,99,True,True
4267,426,1,1,44,True,True
4268,426,1,1,19,False,True
4268,426,2,1,18,False,True
4268,426,3,1,18,True,True
4269,426,1,1,14,True,True
4270,427,1,1,40,True,True
4271,427,1,1,100,False,True
4271,427,2,1,100,False,True
4271,427,3,1,96,False,True
4271,427,4,1,96,False,True
4271,427,5,1,126,True,True
4272,427,1,1,15,True,True
4273,427,1,1,51,True,False
4274,427,1,1,52,True,False
4275,427,1,1,50,True,True
4276,427,1,1,71,False,True
4276,427,2,1,71,True,True
4277,427,1,1,20,False,True
4277,427,2,1,20,False,True
4277,427,3,1,20,True,True
4278,427,1,1,2,True,True
4279,427,1,1,105,False,True
4279,427,2,1,105,False,True
4279,427,3,1,105,False,True
4279,427,4,1,123,True,True
4280,428,1,1,77,False,False
4280,428,1,2,72,False,False
4280,428,1,3,73,False,True
4280,428,2,1,73,True,True
4281,428,1,1,111,True,True
4282,428,1,1,86,True,True
4283,428,1,1,74,True,False
4284,428,1,1,77,False,True
4284,428,2,1,86,False,False
4284,428,2,2,120,True,False
4285,428,1,1,68,True,True
4286,428,1,1,42,False,True
4286,428,2,1,15,False,False
4286,428,2,2,7,True,True
4287,428,1,1,27,True,True
4288,428,1,1,47,False,True
4288,428,2,1,53,True,False
4289,428,1,1,41,True,False
4290,429,1,1,121,False,True
4290,429,2,1,121,False,True
4290,429,3,1,139,True,True
4291,429,1,1,134,False,True
4291,429,2,1,134,False,True
4291,429,3,1,134,True,True
4292,429,1,1,69,False,True
4292,429,2,1,55,False,True
4292,429,3,1,48,True,True
4293,429,1,1,96,True,True
4294,429,1,1,53,True,False
4295,429,1,1,60,True,False
4296,429,1,1,90,True,True
4297,429,1,1,83,True,False
4298,429,1,1,91,True,False
4299,429,1,1,97,False,True
4299,429,2,1,78,True,False
4300,430,1,1,67,True,False
4301,430,1,1,45,True,True
4302,430,1,1,143,False,True
4302,430,2,1,152,False,True
4302,430,3,1,151,False,True
4302,430,4,1,151,False,True
4302,430,5,1,151,False,True
4302,430,6,1,151,False,True
4302,430,7,1,151,False,True
4302,430,8,1,151,True,True
4303,430,1,1,117,False,True
4303,430,2,1,117,False,True
4303,430,3,1,117,False,True
4303,430,4,1,117,False,True
4303,430,5,1,117,False,True
4303,430,6,1,117,False,True
4303,430,7,1,126,False,True
4303,430,8,1,117,False,False
4303,430,8,2,118,True,True
4304,430,1,1,57,False,True
4304,430,2,1,57,False,True
4304,430,3,1,44,True,True
4305,430,1,1,77,True,True
4306,430,1,1,118,True,True
4307,430,1,1,25,False,False
4307,430,1,2,14,False,True
4307,430,2,1,20,True,True
4308,430,1,1,53,False,True
4308,430,2,1,61,True,False
4309,430,1,1,32,True,True
4310,431,1,1,128,False,False
4310,431,1,2,120,True,True
4311,431,1,1,70,False,False
4311,431,1,2,62,False,True
4311,431,2,1,70,True,True
4312,431,1,1,147,True,True
4313,431,1,1,90,False,True
4313,431,2,1,89,True,True
4314,431,1,1,145,True,True
4315,431,1,1,151,True,True
4316,431,1,1,0,True,True
4317,431,1,1,26,True,True
4318,431,1,1,45,False,True
4318,431,2,1,50,False,True
4318,431,3,1,50,True,True
4319,431,1,1,97,False,True
4319,431,2,1,86,True,True
4320,432,1,1,127,False,False
4320,432,1,2,119,True,True
4321,432,1,1,14,True,True
4322,432,1,1,57,False,True
4322,432,2,1,65,False,False
4322,432,2,2,72,False,True
4322,432,3,1,72,True,True
4323,432,1,1,7,False,True
4323,432,2,1,31,True,True
4324,432,1,1,8,False,True
4324,432,2,1,8,True,True
4325,432,1,1,116,True,True
4326,432,1,1,45,False,False
4326,432,1,2,42,False,True
4326,432,2,1,42,True,True
4327,432,1,1,71,True,True
4328,432,1,1,89,True,True
4329,432,1,1,46,True,False
4330,433,1,1,71,True,False
4331,433,1,1,67,True,False
4332,433,1,1,15,True,True
4333,433,1,1,113,True,True
4334,433,1,1,116,False,False
4334,433,1,2,115,True,True
4335,433,1,1,48,True,True
4336,433,1,1,151,True,True
4337,433,1,1,82,True,False
4338,433,1,1,105,True,False
4339,433,1,1,80,True,True
4340,434,1,1,65,True,False
4341,434,1,1,94,False,True
4341,434,2,1,112,False,True
4341,434,3,1,112,True,True
4342,434,1,1,57,False,True
4342,434,2,1,57,False,True
4342,434,3,1,64,False,True
4342,434,4,1,57,True,True
4343,434,1,1,64,False,False
4343,434,1,2,71,True,False
4344,434,1,1,90,True,True
4345,434,1,1,115,False,True
4345,434,2,1,115,True,True
4346,434,1,1,98,False,True
4346,434,2,1,98,False,True
4346,434,3,1,82,True,True
4347,434,1,1,41,True,False
4348,434,1,1,104,True,True
4349,434,1,1,2,True,True
4350,435,1,1,64,False,True
4350,435,2,1,64,False,True
4350,435,3,1,64,False,True
4350,435,4,1,64,False,True
4350,435,5,1,64,False,True
4350,435,6,1,64,False,True
4350,435,7,1,64,False,True
4350,435,8,1,44,True,True
4351,435,1,1,39,True,False
4352,435,1,1,86,False,False
4352,435,1,2,104,False,True
4352,435,2,1,104,True,True
4353,435,1,1,56,False,False
4353,435,1,2,54,False,True
4353,435,2,1,54,True,True
4354,435,1,1,147,True,True
4355,435,1,1,50,True,True
4356,435,1,1,67,True,False
4357,435,1,1,25,False,True
4357,435,2,1,25,False,True
4357,435,3,1,25,False,True
4357,435,4,1,25,False,True
4357,435,5,1,30,False,True
4357,435,6,1,38,True,True
4358,435,1,1,127,False,True
4358,435,2,1,127,True,True
4359,435,1,1,149,False,True
4359,435,2,1,140,True,False
4360,436,1,1,12,True,True
4361,436,1,1,91,False,True
4361,436,2,1,98,False,True
4361,436,3,1,78,False,False
4361,436,3,2,79,True,True
4362,436,1,1,100,True,True
4363,436,1,1,40,False,True
4363,436,2,1,41,True,False
4364,436,1,1,51,False,False
4364,436,1,2,52,False,True
4364,436,2,1,45,False,True
4364,436,3,1,51,False,True
4364,436,4,1,51,False,True
4364,436,5,1,51,True,True
4365,436,1,1,137,True,True
4366,436,1,1,122,False,True
4366,436,2,1,122,False,True
4366,436,3,1,111,False,False
4366,436,3,2,103,True,True
4367,436,1,1,90,False,False
4367,436,1,2,56,False,True
4367,436,2,1,89,False,True
4367,436,3,1,107,False,True
4367,436,4,1,89,True,True
4368,436,1,1,77,True,False
4369,436,1,1,56,True,True
4370,437,1,1,80,False,False
4370,437,1,2,84,False,True
4370,437,2,1,84,False,True
4370,437,3,1,95,False,True
4370,437,4,1,81,True,True
4371,437,1,1,6,False,True
4371,437,2,1,6,True,True
4372,437,1,1,0,False,True
4372,437,2,1,0,True,True
4373,437,1,1,8,False,True
4373,437,2,1,5,False,True
4373,437,3,1,8,False,True
4373,437,4,1,7,False,True
4373,437,5,1,7,False,True
4373,437,6,1,8,True,True
4374,437,1,1,33,False,True
4374,437,2,1,33,False,True
4374,437,3,1,33,False,True
4374,437,4,1,33,True,True
4375,437,1,1,73,True,False
4376,437,1,1,102,False,False
4376,437,1,2,101,True,False
4377,437,1,1,130,True,True
4378,437,1,1,68,True,True
4379,437,1,1,55,False,False
4379,437,1,2,46,False,True
4379,437,2,1,46,False,True
4379,437,3,1,69,True,False
4380,438,1,1,115,False,True
4380,438,2,1,115,True,True
4381,438,1,1,22,False,True
4381,438,2,1,22,False,True
4381,438,3,1,18,False,True
4381,438,4,1,22,True,True
4382,438,1,1,65,True,True
4383,438,1,1,38,True,True
4384,438,1,1,80,True,True
4385,438,1,1,151,True,True
4386,438,1,1,53,False,True
4386,438,2,1,53,True,True
4387,438,1,1,2,True,True
4388,438,1,1,43,False,True
4388,438,2,1,35,False,False
4388,438,2,2,28,False,True
4388,438,3,1,35,True,False
4389,438,1,1,33,False,True
4389,438,2,1,32,False,True
4389,438,3,1,32,True,True
4390,439,1,1,16,False,True
4390,439,2,1,8,False,True
4390,439,3,1,8,False,True
4390,439,4,1,4,True,True
4391,439,1,1,149,False,True
4391,439,2,1,140,False,True
4391,439,3,1,141,False,False
4391,439,3,2,130,True,True
4392,439,1,1,127,False,False
4392,439,1,2,138,False,True
4392,439,2,1,118,False,True
4392,439,3,1,118,True,True
4393,439,1,1,53,True,True
4394,439,1,1,76,False,True
4394,439,2,1,70,True,False
4395,439,1,1,44,True,True
4396,439,1,1,85,True,False
4397,439,1,1,78,True,False
4398,439,1,1,25,False,True
4398,439,2,1,31,True,True
4399,439,1,1,59,True,True
4400,440,1,1,3,False,True
4400,440,2,1,2,False,True
4400,440,3,1,20,False,True
4400,440,4,1,20,False,True
4400,440,5,1,32,False,True
4400,440,6,1,26,False,False
4400,440,6,2,20,False,True
4400,440,7,1,11,True,False
4401,440,1,1,108,False,False
4401,440,1,2,118,False,False
4401,440,1,3,117,True,True
4402,440,1,1,70,True,False
4403,440,1,1,121,False,True
4403,440,2,1,128,False,False
4403,440,2,2,139,False,True
4403,440,3,1,128,True,True
4404,440,1,1,55,False,True
4404,440,2,1,66,True,True
4405,440,1,1,98,False,True
4405,440,2,1,98,False,True
4405,440,3,1,86,False,True
4405,440,4,1,98,False,False
4405,440,4,2,105,True,True
4406,440,1,1,62,False,False
4406,440,1,2,56,False,True
4406,440,2,1,54,False,True
4406,440,3,1,54,False,True
4406,440,4,1,62,False,True
4406,440,5,1,56,False,False
4406,440,5,2,54,True,True
4407,440,1,1,40,False,True
4407,440,2,1,59,False,True
4407,440,3,1,41,False,True
4407,440,4,1,73,False,True
4407,440,5,1,59,False,True
4407,440,6,1,59,True,True
4408,440,1,1,137,False,True
4408,440,2,1,137,True,True
4409,440,1,1,82,True,True
4410,441,1,1,106,False,True
4410,441,2,1,106,True,True
4411,441,1,1,127,False,True
4411,441,2,1,127,True,True
4412,441,1,1,147,False,True
4412,441,2,1,147,False,True
4412,441,3,1,147,False,True
4412,441,4,1,147,False,True
4412,441,5,1,147,True,True
4413,441,1,1,151,False,True
4413,441,2,1,151,True,True
4414,441,1,1,132,True,False
4415,441,1,1,132,True,True
4416,441,1,1,133,False,True
4416,441,2,1,134,False,True
4416,441,3,1,134,False,True
4416,441,4,1,134,False,True
4416,441,5,1,134,True,True
4417,441,1,1,3,False,True
4417,441,2,1,3,False,True
4417,441,3,1,3,False,True
4417,441,4,1,3,True,True
4418,441,1,1,28,True,True
4419,441,1,1,37,False,True
4419,441,2,1,37,False,True
4419,441,3,1,37,True,True
4420,442,1,1,106,False,False
4420,442,1,2,112,True,True
4421,442,1,1,110,False,True
4421,442,2,1,110,False,True
4421,442,3,1,110,False,True
4421,442,4,1,110,False,True
4421,442,5,1,110,True,True
4422,442,1,1,79,True,True
4423,442,1,1,18,True,True
4424,442,1,1,115,True,True
4425,442,1,1,113,False,True
4425,442,2,1,113,False,True
4425,442,3,1,114,False,True
4425,442,4,1,114,False,True
4425,442,5,1,113,False,False
4425,442,5,2,125,False,False
4425,442,5,3,124,True,True
4426,442,1,1,149,False,True
4426,442,2,1,149,False,True
4426,442,3,1,141,True,True
4427,442,1,1,101,True,True
4428,442,1,1,134,False,True
4428,442,2,1,148,False,True
4428,442,3,1,148,True,True
4429,442,1,1,134,False,True
4429,442,2,1,134,True,True
4430,443,1,1,123,True,True
4431,443,1,1,101,True,True
4432,443,1,1,3,False,True
4432,443,2,1,2,True,True
4433,443,1,1,110,False,False
4433,443,1,2,127,True,True
4434,443,1,1,66,False,True
4434,443,2,1,50,True,False
4435,443,1,1,127,False,True
4435,443,2,1,110,True,True
4436,443,1,1,79,True,False
4437,443,1,1,71,True,True
4438,443,1,1,98,True,True
4439,443,1,1,74,False,True
4439,443,2,1,58,False,True
4439,443,3,1,74,True,False
4440,444,1,1,138,True,True
4441,444,1,1,13,False,True
4441,444,2,1,13,True,True
4442,444,1,1,50,True,True
4443,444,1,1,26,False,False
4443,444,1,2,20,False,True
4443,444,2,1,20,False,True
4443,444,3,1,20,True,True
4444,444,1,1,103,False,True
4444,444,2,1,103,False,True
4444,444,3,1,132,True,False
4445,444,1,1,103,False,True
4445,444,2,1,120,True,True
4446,444,1,1,8,False,True
4446,444,2,1,8,True,True
4447,444,1,1,26,True,True
4448,444,1,1,154,False,True
4448,444,2,1,148,False,True
4448,444,3,1,135,False,False
4448,444,3,2,112,False,False
4448,444,3,3,106,False,True
4448,444,4,1,154,False,True
4448,444,5,1,149,False,True
4448,444,6,1,154,True,True
4449,444,1,1,45,True,False
4450,445,1,1,69,True,True
4451,445,1,1,86,True,True
4452,445,1,1,99,False,True
4452,445,2,1,54,False,False
4452,445,2,2,49,False,False
4452,445,2,3,37,False,False
4452,445,2,4,29,True,True
4453,445,1,1,16,False,True
4453,445,2,1,5,False,True
4453,445,3,1,5,True,True
4454,445,1,1,54,False,True
4454,445,2,1,49,False,False
4454,445,2,2,39,True,True
4455,445,1,1,101,True,True
4456,445,1,1,13,True,True
4457,445,1,1,49,True,True
4458,445,1,1,63,True,False
4459,445,1,1,98,True,True
4460,446,1,1,7,False,True
4460,446,2,1,15,False,True
4460,446,3,1,7,False,True
4460,446,4,1,15,True,True
4461,446,1,1,102,True,True
4462,446,1,1,41,True,True
4463,446,1,1,74,True,False
4464,446,1,1,152,False,True
4464,446,2,1,154,False,True
4464,446,3,1,152,True,True
4465,446,1,1,33,False,True
4465,446,2,1,27,False,True
4465,446,3,1,27,True,True
4466,446,1,1,9,False,True
4466,446,2,1,19,False,True
4466,446,3,1,19,False,True
4466,446,4,1,9,True,True
4467,446,1,1,138,True,True
4468,446,1,1,104,True,True
4469,446,1,1,150,False,True
4469,446,2,1,153,True,True
4470,447,1,1,6,True,True
4471,447,1,1,34,False,True
4471,447,2,1,34,False,True
4471,447,3,1,34,True,True
4472,447,1,1,151,True,True
4473,447,1,1,132,True,True
4474,447,1,1,152,True,True
4475,447,1,1,89,False,True
4475,447,2,1,99,False,True
4475,447,3,1,99,True,True
4476,447,1,1,63,False,True
4476,447,2,1,63,False,True
4476,447,3,1,63,True,True
4477,447,1,1,66,False,True
4477,447,2,1,66,True,True
4478,447,1,1,76,True,True
4479,447,1,1,36,False,True
4479,447,2,1,36,False,True
4479,447,3,1,36,True,True
4480,448,1,1,31,True,False
4481,448,1,1,52,False,True
4481,448,2,1,53,True,False
4482,448,1,1,104,True,False
4483,448,1,1,98,True,False
4484,448,1,1,132,True,False
4485,448,1,1,16,True,True
4486,448,1,1,9,False,True
4486,448,2,1,9,True,True
4487,448,1,1,83,False,True
4487,448,2,1,105,True,False
4488,448,1,1,79,True,False
4489,448,1,1,45,False,True
4489,448,2,1,45,True,True
4490,449,1,1,143,False,True
4490,449,2,1,152,True,True
4491,449,1,1,78,True,False
4492,449,1,1,79,True,False
4493,449,1,1,30,True,True
4494,449,1,1,45,True,True
4495,449,1,1,38,True,True
4496,449,1,1,30,False,False
4496,449,1,2,25,True,True
4497,449,1,1,44,True,True
4498,449,1,1,110,False,False
4498,449,1,2,119,True,False
4499,449,1,1,50,True,True
4500,450,1,1,116,False,False
4500,450,1,2,138,False,False
4500,450,1,3,150,True,True
4501,450,1,1,34,False,True
4501,450,2,1,34,True,True
4502,450,1,1,63,True,True
4503,450,1,1,116,False,True
4503,450,2,1,126,False,True
4503,450,3,1,126,True,True
4504,450,1,1,154,True,True
4505,450,1,1,8,False,True
4505,450,2,1,5,True,True
4506,450,1,1,46,True,True
4507,450,1,1,102,False,True
4507,450,2,1,77,False,True
4507,450,3,1,85,False,True
4507,450,4,1,85,True,True
4508,450,1,1,103,False,True
4508,450,2,1,103,False,True
4508,450,3,1,97,False,True
4508,450,4,1,97,False,True
4508,450,5,1,103,True,False
4509,450,1,1,91,False,True
4509,450,2,1,82,True,True
4510,451,1,1,39,True,True
4511,451,1,1,30,True,True
4512,451,1,1,42,False,True
4512,451,2,1,15,True,True
4513,451,1,1,21,False,True
4513,451,2,1,21,False,True
4513,451,3,1,21,False,True
4513,451,4,1,21,False,True
4513,451,5,1,21,False,True
4513,451,6,1,21,False,True
4513,451,7,1,21,False,True
4513,451,8,1,21,False,True
4513,451,9,1,28,False,False
4513,451,9,2,35,True,False
4514,451,1,1,107,False,False
4514,451,1,2,115,False,True
4514,451,2,1,99,False,True
4514,451,3,1,107,False,True
4514,451,4,1,99,True,True
4515,451,1,1,152,False,True
4515,451,2,1,152,False,True
4515,451,3,1,147,False,True
4515,451,4,1,147,True,True
4516,451,1,1,139,False,True
4516,451,2,1,143,False,True
4516,451,3,1,152,False,True
4516,451,4,1,152,False,True
4516,451,5,1,152,False,True
4516,451,6,1,152,True,True
4517,451,1,1,135,True,True
4518,451,1,1,66,False,True
4518,451,2,1,66,False,True
4518,451,3,1,66,True,True
4519,451,1,1,88,False,False
4519,451,1,2,94,True,True
4520,452,1,1,132,True,True
4521,452,1,1,66,False,True
4521,452,2,1,45,True,True
4522,452,1,1,127,False,True
4522,452,2,1,126,True,False
4523,452,1,1,145,False,True
4523,452,2,1,143,True,True
4524,452,1,1,127,False,True
4524,452,2,1,127,True,True
4525,452,1,1,90,False,True
4525,452,2,1,97,False,True
4525,452,3,1,76,True,True
4526,452,1,1,135,True,False
4527,452,1,1,65,True,False
4528,452,1,1,31,True,True
4529,452,1,1,3,True,True
4530,453,1,1,27,True,False
4531,453,1,1,133,True,True
4532,453,1,1,78,False,False
4532,453,1,2,75,True,True
4533,453,1,1,94,False,True
4533,453,2,1,93,False,False
4533,453,2,2,92,False,False
4533,453,2,3,91,False,True
4533,453,3,1,91,True,True
4534,453,1,1,68,True,True
4535,453,1,1,46,True,True
4536,453,1,1,34,False,True
4536,453,2,1,16,False,True
4536,453,3,1,16,True,True
4537,453,1,1,57,False,False
4537,453,1,2,64,True,True
4538,453,1,1,51,True,True
4539,453,1,1,112,False,True
4539,453,2,1,112,False,True
4539,453,3,1,93,True,True
4540,454,1,1,90,False,True
4540,454,2,1,89,True,True
4541,454,1,1,56,False,False
4541,454,1,2,37,False,False
4541,454,1,3,29,True,True
4542,454,1,1,101,True,False
4543,454,1,1,58,False,True
4543,454,2,1,59,False,True
4543,454,3,1,58,True,True
4544,454,1,1,85,True,True
4545,454,1,1,138,False,True
4545,454,2,1,142,False,True
4545,454,3,1,142,True,True
4546,454,1,1,15,False,True
4546,454,2,1,16,True,True
4547,454,1,1,14,True,True
4548,454,1,1,82,True,True
4549,454,1,1,113,False,True
4549,454,2,1,113,False,True
4549,454,3,1,114,False,True
4549,454,4,1,130,True,True
4550,455,1,1,139,False,True
4550,455,2,1,147,True,True
4551,455,1,1,101,True,True
4552,455,1,1,128,True,True
4553,455,1,1,78,True,True
4554,455,1,1,11,True,True
4555,455,1,1,47,False,True
4555,455,2,1,47,False,True
4555,455,3,1,53,True,False
4556,455,1,1,11,False,True
4556,455,2,1,11,False,True
4556,455,3,1,2,True,True
4557,455,1,1,56,True,True
4558,455,1,1,73,False,True
4558,455,2,1,72,True,False
4559,455,1,1,99,True,True
4560,456,1,1,86,False,True
4560,456,2,1,86,False,True
4560,456,3,1,97,True,True
4561,456,1,1,14,True,True
4562,456,1,1,121,False,True
4562,456,2,1,121,False,True
4562,456,3,1,110,False,False
4562,456,3,2,109,True,True
4563,456,1,1,111,False,True
4563,456,2,1,122,False,False
4563,456,2,2,129,True,False
4564,456,1,1,85,True,False
4565,456,1,1,68,False,True
4565,456,2,1,80,False,False
4565,456,2,2,83,False,True
4565,456,3,1,80,True,True
4566,456,1,1,140,False,True
4566,456,2,1,140,True,True
4567,456,1,1,41,True,False
4568,456,1,1,94,True,True
4569,456,1,1,86,True,False
4570,457,1,1,62,False,True
4570,457,2,1,70,True,True
4571,457,1,1,71,False,True
4571,457,2,1,71,True,True
4572,457,1,1,135,False,True
4572,457,2,1,134,False,True
4572,457,3,1,135,False,True
4572,457,4,1,135,False,True
4572,457,5,1,136,False,False
4572,457,5,2,125,True,True
4573,457,1,1,43,True,True
4574,457,1,1,32,False,True
4574,457,2,1,59,True,True
4575,457,1,1,95,False,True
4575,457,2,1,94,True,True
4576,457,1,1,1,True,False
4577,457,1,1,27,True,True
4578,457,1,1,74,True,True
4579,457,1,1,53,True,True
4580,458,1,1,73,True,True
4581,458,1,1,44,True,True
4582,458,1,1,100,False,True
4582,458,2,1,96,True,False
4583,458,1,1,143,True,True
4584,458,1,1,113,False,True
4584,458,2,1,93,False,False
4584,458,2,2,88,True,True
4585,458,1,1,136,False,True
4585,458,2,1,140,False,True
4585,458,3,1,141,False,True
4585,458,4,1,141,False,True
4585,458,5,1,130,False,True
4585,458,6,1,130,False,True
4585,458,7,1,130,True,True
4586,458,1,1,104,True,True
4587,458,1,1,33,True,True
4588,458,1,1,147,False,True
4588,458,2,1,147,True,True
4589,458,1,1,133,False,True
4589,458,2,1,139,False,True
4589,458,3,1,129,False,True
4589,458,4,1,133,False,True
4589,458,5,1,139,False,True
4589,458,6,1,139,True,True
4590,459,1,1,129,False,True
4590,459,2,1,129,True,True
4591,459,1,1,81,True,True
4592,459,1,1,73,False,False
4592,459,1,2,72,True,True
4593,459,1,1,127,False,True
4593,459,2,1,120,True,True
4594,459,1,1,14,True,True
4595,459,1,1,85,False,True
4595,459,2,1,104,True,True
4596,459,1,1,28,True,True
4597,459,1,1,147,True,True
4598,459,1,1,70,True,False
4599,459,1,1,144,True,False
4600,460,1,1,76,False,False
4600,460,1,2,90,False,False
4600,460,1,3,89,True,True
4601,460,1,1,65,True,False
4602,460,1,1,70,True,True
4603,460,1,1,3,True,True
4604,460,1,1,152,False,True
4604,460,2,1,152,False,True
4604,460,3,1,152,True,True
4605,460,1,1,120,True,True
4606,460,1,1,59,True,True
4607,460,1,1,57,False,True
4607,460,2,1,65,False,True
4607,460,3,1,65,False,True
4607,460,4,1,65,True,True
4608,460,1,1,30,True,False
4609,460,1,1,59,True,True
4610,461,1,1,145,True,True
4611,461,1,1,70,True,True
4612,461,1,1,10,True,True
4613,461,1,1,85,False,True
4613,461,2,1,85,True,True
4614,461,1,1,50,True,True
4615,461,1,1,72,False,True
4615,461,2,1,72,True,True
4616,461,1,1,135,True,False
4617,461,1,1,52,False,True
4617,461,2,1,52,False,True
4617,461,3,1,52,True,True
4618,461,1,1,90,False,False
4618,461,1,2,89,True,False
4619,461,1,1,3,True,True
4620,462,1,1,128,False,True
4620,462,2,1,110,False,False
4620,462,2,2,109,False,True
4620,462,3,1,109,True,True
4621,462,1,1,61,False,True
4621,462,2,1,61,True,True
4622,462,1,1,40,True,True
4623,462,1,1,26,True,False
4624,462,1,1,150,True,True
4625,462,1,1,109,False,True
4625,462,2,1,109,False,True
4625,462,3,1,109,True,True
4626,462,1,1,44,True,True
4627,462,1,1,30,False,True
4627,462,2,1,30,True,True
4628,462,1,1,50,False,True
4628,462,2,1,50,True,True
4629,462,1,1,15,True,True
4630,463,1,1,111,False,True
4630,463,2,1,122,False,True
4630,463,3,1,122,False,True
4630,463,4,1,129,True,False
4631,463,1,1,38,False,True
4631,463,2,1,54,False,True
4631,463,3,1,49,False,False
4631,463,3,2,37,False,False
4631,463,3,3,29,True,False
4632,463,1,1,137,True,True
4633,463,1,1,85,False,True
4633,463,2,1,72,False,True
4633,463,3,1,72,True,True
4634,463,1,1,151,True,True
4635,463,1,1,111,True,False
4636,463,1,1,17,False,True
4636,463,2,1,8,False,True
4636,463,3,1,12,True,False
4637,463,1,1,81,True,True
4638,463,1,1,116,False,True
4638,463,2,1,96,False,True
4638,463,3,1,96,False,True
4638,463,4,1,89,True,False
4639,463,1,1,44,True,True
4640,464,1,1,97,True,True
4641,464,1,1,58,True,True
4642,464,1,1,106,True,True
4643,464,1,1,97,False,True
4643,464,2,1,97,False,True
4643,464,3,1,97,True,True
4644,464,1,1,59,False,True
4644,464,2,1,73,False,True
4644,464,3,1,73,True,True
4645,464,1,1,118,False,True
4645,464,2,1,109,True,True
4646,464,1,1,81,True,True
4647,464,1,1,147,True,True
4648,464,1,1,2,True,True
4649,464,1,1,95,True,True
4650,465,1,1,154,True,True
4651,465,1,1,43,False,True
4651,465,2,1,35,False,True
4651,465,3,1,35,False,True
4651,465,4,1,35,False,True
4651,465,5,1,35,False,True
4651,465,6,1,35,False,True
4651,465,7,1,46,False,True
4651,465,8,1,43,False,False
4651,465,8,2,36,False,True
4651,465,9,1,36,True,True
4652,465,1,1,99,True,True
4653,465,1,1,10,True,True
4654,465,1,1,68,True,True
4655,465,1,1,41,True,True
4656,465,1,1,75,False,True
4656,465,2,1,75,True,True
4657,465,1,1,152,False,True
4657,465,2,1,152,True,True
4658,465,1,1,76,True,True
4659,465,1,1,38,True,True
4660,466,1,1,3,False,True
4660,466,2,1,3,False,True
4660,466,3,1,3,False,True
4660,466,4,1,27,True,True
4661,466,1,1,30,False,True
4661,466,2,1,44,True,True
4662,466,1,1,72,False,True
4662,466,2,1,72,False,True
4662,466,3,1,72,False,True
4662,466,4,1,40,True,True
4663,466,1,1,146,False,True
4663,466,2,1,146,True,True
4664,466,1,1,98,False,True
4664,466,2,1,83,True,False
4665,466,1,1,91,False,False
4665,466,1,2,106,False,False
4665,466,1,3,123,True,True
4666,466,1,1,110,True,True
4667,466,1,1,62,True,True
4668,466,1,1,73,True,True
4669,466,1,1,27,False,False
4669,466,1,2,7,False,True
4669,466,2,1,7,False,True
4669,466,3,1,7,False,True
4669,466,4,1,7,False,True
4669,466,5,1,7,False,True
4669,466,6,1,21,False,False
4669,466,6,2,28,True,False
4670,467,1,1,110,False,True
4670,467,2,1,119,True,True
4671,467,1,1,118,True,False
4672,467,1,1,143,False,True
4672,467,2,1,146,True,False
4673,467,1,1,48,False,True
4673,467,2,1,47,True,False
4674,467,1,1,52,False,False
4674,467,1,2,51,False,True
4674,467,2,1,52,True,True
4675,467,1,1,66,False,False
4675,467,1,2,73,False,True
4675,467,2,1,66,True,True
4676,467,1,1,62,True,True
4677,467,1,1,91,True,False
4678,467,1,1,18,False,True
4678,467,2,1,18,False,True
4678,467,3,1,12,False,True
4678,467,4,1,19,False,True
4678,467,5,1,22,True,True
4679,467,1,1,24,False,True
4679,467,2,1,24,False,True
4679,467,3,1,24,True,True
4680,468,1,1,57,True,True
4681,468,1,1,57,True,True
4682,468,1,1,148,False,True
4682,468,2,1,144,True,True
4683,468,1,1,134,True,True
4684,468,1,1,135,False,True
4684,468,2,1,135,True,True
4685,468,1,1,75,False,True
4685,468,2,1,75,False,True
4685,468,3,1,75,False,True
4685,468,4,1,75,True,True
4686,468,1,1,97,False,True
4686,468,2,1,97,False,True
4686,468,3,1,97,True,True
4687,468,1,1,89,False,True
4687,468,2,1,89,True,True
4688,468,1,1,59,True,False
4689,468,1,1,58,True,False
4690,469,1,1,86,False,True
4690,469,2,1,97,True,True
4691,469,1,1,109,False,True
4691,469,2,1,127,False,True
4691,469,3,1,127,False,True
4691,469,4,1,109,False,True
4691,469,5,1,127,False,True
4691,469,6,1,127,False,True
4691,469,7,1,110,False,True
4691,469,8,1,109,False,False
4691,469,8,2,118,True,True
4692,469,1,1,50,True,False
4693,469,1,1,74,True,True
4694,469,1,1,38,False,True
4694,469,2,1,63,True,False
4695,469,1,1,150,True,True
4696,469,1,1,91,False,False
4696,469,1,2,87,False,True
4696,469,2,1,80,True,True
4697,469,1,1,41,False,True
4697,469,2,1,41,True,True
4698,469,1,1,154,False,True
4698,469,2,1,148,False,True
4698,469,3,1,154,False,True
4698,469,4,1,134,True,True
4699,469,1,1,40,True,False
4700,470,1,1,15,False,True
4700,470,2,1,7,False,True
4700,470,3,1,7,False,True
4700,470,4,1,15,False,True
4700,470,5,1,7,False,True
4700,470,6,1,7,False,True
4700,470,7,1,4,True,True
4701,470,1,1,26,False,True
4701,470,2,1,26,True,True
4702,470,1,1,60,True,True
4703,470,1,1,98,False,True
4703,470,2,1,98,True,True
4704,470,1,1,58,False,True
4704,470,2,1,58,True,True
4705,470,1,1,3,False,True
4705,470,2,1,3,False,True
4705,470,3,1,7,False,True
4705,470,4,1,3,True,True
4706,470,1,1,2,True,True
4707,470,1,1,54,False,True
4707,470,2,1,99,True,True
4708,470,1,1,22,True,True
4709,470,1,1,132,True,True
4710,471,1,1,113,False,True
4710,471,2,1,113,False,True
4710,471,3,1,113,True,True
4711,471,1,1,98,False,True
4711,471,2,1,98,True,True
4712,471,1,1,53,True,True
4713,471,1,1,85,False,True
4713,471,2,1,57,False,True
4713,471,3,1,57,False,True
4713,471,4,1,57,False,True
4713,471,5,1,57,False,True
4713,471,6,1,57,False,True
4713,471,7,1,57,False,True
4713,471,8,1,57,False,True
4713,471,9,1,57,False,True
4713,471,10,1,64,False,False
4713,471,10,2,71,False,True
4713,471,11,1,71,False,True
4713,471,12,1,71,False,True
4713,471,13,1,71,False,True
4713,471,14,1,64,True,False
4714,471,1,1,77,True,True
4715,471,1,1,84,False,True
4715,471,2,1,84,False,True
4715,471,3,1,84,False,True
4715,471,4,1,84,False,True
4715,471,5,1,114,False,True
4715,471,6,1,114,False,True
4715,471,7,1,114,False,True
4715,471,8,1,114,True,True
4716,471,1,1,58,True,True
4717,471,1,1,65,True,False
4718,471,1,1,42,False,False
4718,471,1,2,21,False,True
4718,471,2,1,21,False,True
4718,471,3,1,21,False,True
4718,471,4,1,27,False,True
4718,471,5,1,27,True,True
4719,471,1,1,48,True,True
4720,472,1,1,140,False,True
4720,472,2,1,140,True,True
4721,472,1,1,111,True,True
4722,472,1,1,110,True,True
4723,472,1,1,22,False,True
4723,472,2,1,22,False,True
4723,472,3,1,18,False,True
4723,472,4,1,18,False,True
4723,472,5,1,18,True,True
4724,472,1,1,36,True,True
4725,472,1,1,84,True,False
4726,472,1,1,135,True,True
4727,472,1,1,28,True,True
4728,472,1,1,109,True,False
4729,472,1,1,17,False,True
4729,472,2,1,17,True,True
4730,473,1,1,70,True,False
4731,473,1,1,150,True,True
4732,473,1,1,47,True,True
4733,473,1,1,84,False,False
4733,473,1,2,88,True,False
4734,473,1,1,18,False,True
4734,473,2,1,12,True,True
4735,473,1,1,20,True,True
4736,473,1,1,62,True,True
4737,473,1,1,66,False,True
4737,473,2,1,66,False,True
4737,473,3,1,50,False,True
4737,473,4,1,59,False,True
4737,473,5,1,59,True,True
4738,473,1,1,11,True,True
4739,473,1,1,7,True,True
4740,474,1,1,86,True,True
4741,474,1,1,21,False,True
4741,474,2,1,46,True,True
4742,474,1,1,119,False,True
4742,474,2,1,147,True,True
4743,474,1,1,146,True,True
4744,474,1,1,127,False,False
4744,474,1,2,110,False,False
4744,474,1,3,77,False,False
4744,474,1,4,44,True,False
4745,474,1,1,119,True,True
4746,474,1,1,83,False,True
4746,474,2,1,83,False,True
4746,474,3,1,84,False,True
4746,474,4,1,88,False,False
4746,474,4,2,93,False,True
4746,474,5,1,93,False,True
4746,474,6,1,93,False,True
4746,474,7,1,88,False,False
4746,474,7,2,84,False,False
4746,474,7,3,83,True,False
4747,474,1,1,143,False,True
4747,474,2,1,143,False,True
4747,474,3,1,143,False,True
4747,474,4,1,143,False,True
4747,474,5,1,143,True,True
4748,474,1,1,65,True,True
4749,474,1,1,120,True,True
4750,475,1,1,86,True,True
4751,475,1,1,90,False,True
4751,475,2,1,90,False,True
4751,475,3,1,96,False,True
4751,475,4,1,89,True,True
4752,475,1,1,0,True,True
4753,475,1,1,64,False,False
4753,475,1,2,71,False,True
4753,475,2,1,71,False,True
4753,475,3,1,63,False,True
4753,475,4,1,63,True,True
4754,475,1,1,86,True,True
4755,475,1,1,124,False,False
4755,475,1,2,136,True,True
4756,475,1,1,41,True,False
4757,475,1,1,42,False,False
4757,475,1,2,51,False,True
4757,475,2,1,51,True,True
4758,475,1,1,62,True,True
4759,475,1,1,103,False,True
4759,475,2,1,86,True,True
4760,476,1,1,68,True,True
4761,476,1,1,123,True,True
4762,476,1,1,122,False,False
4762,476,1,2,129,True,True
4763,476,1,1,2,False,True
4763,476,2,1,2,True,True
4764,476,1,1,151,False,True
4764,476,2,1,152,True,True
4765,476,1,1,68,False,True
4765,476,2,1,55,True,True
4766,476,1,1,103,True,True
4767,476,1,1,36,False,True
4767,476,2,1,19,False,True
4767,476,3,1,22,True,True
4768,476,1,1,12,True,True
4769,476,1,1,45,False,True
4769,476,2,1,45,False,True
4769,476,3,1,32,False,True
4769,476,4,1,31,False,False
4769,476,4,2,26,True,True
4770,477,1,1,93,False,False
4770,477,1,2,114,True,True
4771,477,1,1,132,True,False
4772,477,1,1,71,False,True
4772,477,2,1,64,False,False
4772,477,2,2,57,False,False
4772,477,2,3,58,True,True
4773,477,1,1,73,False,True
4773,477,2,1,86,False,False
4773,477,2,2,97,True,False
4774,477,1,1,78,True,False
4775,477,1,1,148,False,True
4775,477,2,1,154,True,True
4776,477,1,1,125,False,True
4776,477,2,1,113,False,True
4776,477,3,1,106,False,True
4776,477,4,1,106,False,True
4776,477,5,1,125,True,True
4777,477,1,1,152,True,True
4778,477,1,1,36,False,False
4778,477,1,2,18,False,True
4778,477,2,1,18,False,True
4778,477,3,1,16,False,True
4778,477,4,1,5,True,True
4779,477,1,1,66,True,True
4780,478,1,1,53,False,True
4780,478,2,1,43,True,True
4781,478,1,1,8,False,True
4781,478,2,1,5,True,False
4782,478,1,1,87,False,False
4782,478,1,2,92,True,False
4783,478,1,1,121,False,True
4783,478,2,1,103,False,True
4783,478,3,1,120,True,True
4784,478,1,1,38,True,True
4785,478,1,1,78,False,False
4785,478,1,2,82,True,True
4786,478,1,1,103,True,False
4787,478,1,1,140,False,True
4787,478,2,1,144,False,True
4787,478,3,1,140,False,True
4787,478,4,1,140,False,True
4787,478,5,1,140,False,True
4787,478,6,1,141,False,True
4787,478,7,1,141,False,True
4787,478,8,1,141,False,True
4787,478,9,1,141,False,True
4787,478,10,1,140,False,True
4787,478,11,1,140,False,True
4787,478,12,1,140,False,True
4787,478,13,1,144,True,True
4788,478,1,1,65,True,True
4789,478,1,1,98,True,True
4790,479,1,1,133,False,True
4790,479,2,1,123,True,True
4791,479,1,1,132,False,False
4791,479,1,2,138,True,True
4792,479,1,1,74,True,True
4793,479,1,1,65,True,True
4794,479,1,1,51,False,True
4794,479,2,1,52,True,False
4795,479,1,1,140,False,True
4795,479,2,1,141,False,True
4795,479,3,1,141,True,True
4796,479,1,1,150,False,True
4796,479,2,1,150,True,True
4797,479,1,1,106,False,True
4797,479,2,1,106,True,True
4798,479,1,1,92,False,False
4798,479,1,2,87,True,False
4799,479,1,1,50,True,False
4800,480,1,1,11,True,True
4801,480,1,1,106,False,True
4801,480,2,1,79,True,True
4802,480,1,1,145,True,True
4803,480,1,1,55,False,True
4803,480,2,1,61,True,True
4804,480,1,1,114,True,True
4805,480,1,1,43,False,False
4805,480,1,2,35,True,True
4806,480,1,1,121,False,False
4806,480,1,2,128,True,True
4807,480,1,1,154,False,True
4807,480,2,1,154,False,True
4807,480,3,1,154,True,True
4808,480,1,1,65,False,True
4808,480,2,1,57,True,True
4809,480,1,1,152,False,True
4809,480,2,1,151,True,True
4810,481,1,1,40,True,True
4811,481,1,1,66,False,True
4811,481,2,1,66,False,True
4811,481,3,1,66,False,True
4811,481,4,1,121,True,False
4812,481,1,1,51,False,True
4812,481,2,1,45,True,True
4813,481,1,1,32,True,True
4814,481,1,1,99,False,True
4814,481,2,1,115,False,True
4814,481,3,1,107,False,True
4814,481,4,1,117,True,True
4815,481,1,1,69,True,False
4816,481,1,1,68,False,False
4816,481,1,2,67,False,False
4816,481,1,3,59,True,True
4817,481,1,1,99,True,True
4818,481,1,1,121,True,True
4819,481,1,1,69,True,False
4820,482,1,1,78,True,True
4821,482,1,1,103,True,True
4822,482,1,1,38,True,True
4823,482,1,1,104,False,True
4823,482,2,1,98,True,True
4824,482,1,1,61,False,True
4824,482,2,1,81,True,False
4825,482,1,1,41,True,True
4826,482,1,1,126,False,True
4826,482,2,1,126,False,True
4826,482,3,1,126,True,True
4827,482,1,1,147,True,True
4828,482,1,1,93,False,True
4828,482,2,1,93,True,True
4829,482,1,1,13,False,True
4829,482,2,1,10,True,False
4830,483,1,1,90,True,False
4831,483,1,1,147,True,True
4832,483,1,1,119,False,True
4832,483,2,1,119,False,True
4832,483,3,1,110,False,True
4832,483,4,1,127,False,True
4832,483,5,1,119,True,False
4833,483,1,1,67,False,True
4833,483,2,1,73,False,False
4833,483,2,2,72,True,True
4834,483,1,1,153,True,True
4835,483,1,1,96,False,False
4835,483,1,2,90,False,False
4835,483,1,3,71,False,False
4835,483,1,4,64,False,True
4835,483,2,1,97,True,True
4836,483,1,1,77,True,False
4837,483,1,1,97,False,False
4837,483,1,2,103,True,True
4838,483,1,1,20,True,True
4839,483,1,1,102,True,True
4840,484,1,1,120,True,True
4841,484,1,1,77,False,True
4841,484,2,1,77,False,True
4841,484,3,1,86,False,True
4841,484,4,1,85,True,True
4842,484,1,1,65,True,True
4843,484,1,1,24,False,False
4843,484,1,2,13,True,True
4844,484,1,1,74,False,False
4844,484,1,2,76,True,False
4845,484,1,1,140,False,True
4845,484,2,1,144,True,True
4846,484,1,1,134,True,True
4847,484,1,1,145,False,True
4847,484,2,1,145,False,True
4847,484,3,1,150,False,False
4847,484,3,2,151,False,True
4847,484,4,1,151,True,True
4848,484,1,1,27,True,True
4849,484,1,1,114,False,True
4849,484,2,1,130,True,True
4850,485,1,1,56,True,True
4851,485,1,1,129,False,True
4851,485,2,1,139,True,True
4852,485,1,1,143,True,False
4853,485,1,1,142,True,True
4854,485,1,1,35,False,False
4854,485,1,2,28,True,False
4855,485,1,1,66,False,True
4855,485,2,1,73,True,True
4856,485,1,1,82,True,False
4857,485,1,1,100,False,True
4857,485,2,1,96,True,False
4858,485,1,1,75,False,True
4858,485,2,1,75,False,True
4858,485,3,1,67,False,True
4858,485,4,1,67,True,True
4859,485,1,1,101,True,True
4860,486,1,1,4,True,True
4861,486,1,1,89,True,False
4862,486,1,1,28,True,True
4863,486,1,1,35,False,True
4863,486,2,1,34,True,True
4864,486,1,1,50,True,False
4865,486,1,1,85,True,True
4866,486,1,1,88,True,True
4867,486,1,1,100,False,True
4867,486,2,1,116,False,True
4867,486,3,1,96,False,False
4867,486,3,2,89,True,True
4868,486,1,1,72,True,True
4869,486,1,1,99,False,True
4869,486,2,1,99,False,True
4869,486,3,1,107,False,True
4869,486,4,1,99,True,True
4870,487,1,1,95,False,True
4870,487,2,1,114,False,True
4870,487,3,1,113,False,True
4870,487,4,1,114,True,True
4871,487,1,1,152,True,True
4872,487,1,1,129,True,True
4873,487,1,1,94,True,True
4874,487,1,1,94,True,True
4875,487,1,1,76,True,True
4876,487,1,1,3,True,True
4877,487,1,1,98,True,True
4878,487,1,1,107,True,True
4879,487,1,1,142,True,True
4880,488,1,1,76,False,True
4880,488,2,1,74,True,True
4881,488,1,1,133,False,False
4881,488,1,2,134,True,True
4882,488,1,1,45,False,False
4882,488,1,2,42,False,True
4882,488,2,1,42,False,True
4882,488,3,1,58,True,False
4883,488,1,1,127,False,True
4883,488,2,1,128,True,False
4884,488,1,1,121,True,False
4885,488,1,1,68,True,False
4886,488,1,1,110,False,False
4886,488,1,2,118,True,False
4887,488,1,1,71,False,True
4887,488,2,1,71,True,True
4888,488,1,1,151,False,True
4888,488,2,1,151,False,True
4888,488,3,1,151,True,True
4889,488,1,1,66,True,True
4890,489,1,1,41,True,True
4891,489,1,1,59,False,True
4891,489,2,1,59,False,True
4891,489,3,1,66,False,True
4891,489,4,1,59,False,True
4891,489,5,1,73,True,True
4892,489,1,1,59,False,True
4892,489,2,1,41,False,False
4892,489,2,2,40,False,True
4892,489,3,1,73,True,True
4893,489,1,1,30,True,True
4894,489,1,1,11,False,False
4894,489,1,2,2,False,True
4894,489,2,1,2,False,True
4894,489,3,1,6,False,True
4894,489,4,1,2,True,True
4895,489,1,1,104,False,True
4895,489,2,1,111,False,True
4895,489,3,1,104,False,False
4895,489,3,2,105,True,True
4896,489,1,1,74,False,True
4896,489,2,1,70,True,False
4897,489,1,1,134,True,True
4898,489,1,1,73,False,False
4898,489,1,2,72,False,False
4898,489,1,3,58,True,True
4899,489,1,1,51,True,False
4900,490,1,1,8,False,True
4900,490,2,1,12,True,True
4901,490,1,1,136,False,True
4901,490,2,1,124,False,True
4901,490,3,1,144,True,False
4902,490,1,1,20,False,True
4902,490,2,1,20,False,True
4902,490,3,1,11,True,True
4903,490,1,1,102,True,True
4904,490,1,1,152,False,True
4904,490,2,1,148,False,True
4904,490,3,1,147,True,False
4905,490,1,1,146,False,False
4905,490,1,2,139,False,False
4905,490,1,3,110,False,False
4905,490,1,4,102,True,True
4906,490,1,1,82,True,True
4907,490,1,1,61,False,True
4907,490,2,1,61,True,True
4908,490,1,1,68,True,False
4909,490,1,1,85,True,True
4910,491,1,1,82,True,False
4911,491,1,1,81,False,True
4911,491,2,1,81,True,True
4912,491,1,1,61,False,False
4912,491,1,2,53,True,False
4913,491,1,1,18,False,True
4913,491,2,1,18,False,True
4913,491,3,1,17,True,True
4914,491,1,1,39,True,True
4915,491,1,1,151,True,True
4916,491,1,1,93,False,True
4916,491,2,1,88,True,True
4917,491,1,1,103,True,True
4918,491,1,1,15,False,True
4918,491,2,1,15,True,True
4919,491,1,1,142,False,True
4919,491,2,1,142,False,True
4919,491,3,1,153,True,True
4920,492,1,1,77,False,True
4920,492,2,1,77,True,True
4921,492,1,1,58,False,False
4921,492,1,2,44,False,True
4921,492,2,1,40,False,True
4921,492,3,1,41,False,True
4921,492,4,1,32,True,True
4922,492,1,1,36,False,True
4922,492,2,1,36,True,True
4923,492,1,1,103,True,True
4924,492,1,1,116,False,True
4924,492,2,1,116,False,True
4924,492,3,1,116,False,True
4924,492,4,1,116,False,True
4924,492,5,1,132,True,True
4925,492,1,1,151,False,True
4925,492,2,1,138,True,True
4926,492,1,1,81,True,True
4927,492,1,1,56,False,True
4927,492,2,1,54,False,True
4927,492,3,1,49,False,False
4927,492,3,2,37,True,False
4928,492,1,1,83,True,False
4929,492,1,1,50,True,False
4930,493,1,1,51,False,True
4930,493,2,1,60,True,True
4931,493,1,1,15,True,False
4932,493,1,1,143,True,True
4933,493,1,1,119,True,True
4934,493,1,1,70,True,True
4935,493,1,1,113,False,True
4935,493,2,1,113,False,True
4935,493,3,1,137,True,False
4936,493,1,1,60,True,False
4937,493,1,1,106,True,True
4938,493,1,1,116,False,True
4938,493,2,1,96,False,True
4938,493,3,1,89,False,False
4938,493,3,2,70,True,False
4939,493,1,1,5,True,True
4940,494,1,1,33,True,True
4941,494,1,1,134,True,True
4942,494,1,1,116,False,True
4942,494,2,1,116,False,True
4942,494,3,1,116,False,True
4942,494,4,1,96,True,True
4943,494,1,1,111,True,False
4944,494,1,1,53,True,True
4945,494,1,1,127,False,True
4945,494,2,1,127,False,True
4945,494,3,1,127,False,True
4945,494,4,1,127,False,True
4945,494,5,1,127,False,True
4945,494,6,1,127,False,True
4945,494,7,1,127,False,True
4945,494,8,1,127,False,True
4945,494,9,1,132,True,True
4946,494,1,1,41,False,True
4946,494,2,1,41,True,True
4947,494,1,1,8,True,True
4948,494,1,1,64,True,True
4949,494,1,1,121,True,True
4950,495,1,1,85,True,False
4951,495,1,1,86,True,True
4952,495,1,1,30,False,True
4952,495,2,1,30,True,True
4953,495,1,1,78,False,True
4953,495,2,1,95,True,True
4954,495,1,1,94,True,False
4955,495,1,1,147,True,True
4956,495,1,1,86,True,False
4957,495,1,1,47,False,True
4957,495,2,1,47,False,True
4957,495,3,1,48,True,True
4958,495,1,1,111,False,False
4958,495,1,2,122,False,False
4958,495,1,3,129,False,True
4958,495,2,1,122,False,True
4958,495,3,1,122,False,True
4958,495,4,1,129,False,True
4958,495,5,1,134,False,True
4958,495,6,1,122,False,True
4958,495,7,1,123,False,True
4958,495,8,1,106,False,True
4958,495,9,1,112,False,False
4958,495,9,2,124,False,True
4958,495,10,1,123,True,True
4959,495,1,1,69,True,True
4960,496,1,1,86,True,True
4961,496,1,1,41,False,False
4961,496,1,2,32,True,True
4962,496,1,1,59,True,True
4963,496,1,1,59,False,True
4963,496,2,1,59,False,True
4963,496,3,1,41,True,True
4964,496,1,1,40,True,False
4965,496,1,1,84,True,True
4966,496,1,1,33,False,True
4966,496,2,1,33,False,True
4966,496,3,1,33,True,True
4967,496,1,1,71,False,True
4967,496,2,1,70,True,True
4968,496,1,1,73,False,True
4968,496,2,1,66,False,True
4968,496,3,1,66,False,True
4968,496,4,1,77,True,True
4969,496,1,1,42,True,True
4970,497,1,1,73,True,True
4971,497,1,1,95,False,True
4971,497,2,1,95,False,True
4971,497,3,1,95,True,True
4972,497,1,1,50,False,True
4972,497,2,1,50,False,True
4972,497,3,1,59,False,True
4972,497,4,1,59,True,True
4973,497,1,1,104,False,True
4973,497,2,1,104,True,True
4974,497,1,1,138,True,True
4975,497,1,1,112,True,True
4976,497,1,1,144,True,True
4977,497,1,1,13,True,True
4978,497,1,1,66,True,False
4979,497,1,1,36,True,True
4980,498,1,1,151,False,True
4980,498,2,1,151,False,True
4980,498,3,1,151,True,True
4981,498,1,1,11,True,True
4982,498,1,1,22,False,True
4982,498,2,1,22,False,True
4982,498,3,1,12,True,True
4983,498,1,1,63,False,True
4983,498,2,1,74,True,True
4984,498,1,1,62,True,True
4985,498,1,1,76,True,True
4986,498,1,1,1,True,False
4987,498,1,1,2,True,False
4988,498,1,1,141,False,True
4988,498,2,1,141,False,True
4988,498,3,1,140,False,False
4988,498,3,2,149,False,False
4988,498,3,3,148,False,True
4988,498,4,1,148,False,True
4988,498,5,1,136,False,False
4988,498,5,2,114,False,True
4988,498,6,1,114,True,True
4989,498,1,1,86,False,True
4989,498,2,1,86,True,True
4990,499,1,1,81,False,True
4990,499,2,1,81,True,True
4991,499,1,1,98,False,True
4991,499,2,1,98,True,True
4992,499,1,1,94,True,True
4993,499,1,1,11,False,True
4993,499,2,1,11,False,True
4993,499,3,1,11,False,True
4993,499,4,1,2,False,True
4993,499,5,1,11,True,True
4994,499,1,1,40,True,True
4995,499,1,1,148,False,True
4995,499,2,1,154,False,True
4995,499,3,1,154,False,True
4995,499,4,1,136,False,True
4995,499,5,1,136,True,True
4996,499,1,1,151,True,True
4997,499,1,1,111,False,True
4997,499,2,1,111,True,True
4998,499,1,1,104,True,False
4999,499,1,1,89,True,True
