trip_id,vehicle_id,start_parking_O,destination_I,start_time,end_time,n_trace_points
0,0,47,511,0,17,18
1,0,106,619,47,63,17
2,0,118,360,93,107,15
3,0,73,531,137,148,12
4,0,110,409,178,184,7
5,0,77,3,214,237,24
6,0,1,92,267,290,24
7,0,27,354,320,343,24
8,0,74,288,373,389,17
9,0,51,518,419,433,15
10,1,74,174,0,26,27
11,1,37,733,56,91,36
12,1,146,547,121,138,18
13,1,116,36,168,199,32
14,1,3,17,229,248,20
15,1,22,260,278,294,17
16,1,41,587,324,351,28
17,1,125,613,381,413,33
18,1,115,251,443,451,9
19,1,108,364,481,502,22
20,2,56,340,0,33,34
21,2,81,557,63,73,11
22,2,123,510,103,114,12
23,2,103,432,144,154,11
24,2,96,264,184,212,29
25,2,67,605,242,254,13
26,2,134,706,284,291,8
27,2,146,608,321,335,15
28,2,125,398,365,392,28
29,2,99,229,422,442,21
30,3,65,464,0,10,11
31,3,97,615,40,58,19
32,3,142,386,88,104,17
33,3,146,298,134,166,33
34,3,38,405,196,202,7
35,3,63,233,232,246,15
36,3,40,333,276,282,7
37,3,58,519,312,338,27
38,3,125,43,368,394,27
39,3,5,52,424,443,20
40,4,89,525,0,9,10
41,4,108,337,39,59,21
42,4,79,7,89,114,26
43,4,2,469,144,170,27
44,4,79,306,200,210,11
45,4,73,85,240,262,23
46,4,25,527,292,320,29
47,4,89,539,350,370,21
48,4,123,292,400,412,13
49,4,69,233,442,459,18
50,5,134,309,0,12,13
51,5,67,520,42,54,13
52,5,112,589,84,108,25
53,5,115,668,138,148,11
54,5,138,277,178,198,21
55,5,54,652,228,253,26
56,5,121,61,283,300,18
57,5,41,379,330,342,13
58,5,71,551,372,381,10
59,5,102,350,411,420,10
60,6,84,197,0,31,32
61,6,37,584,61,101,41
62,6,135,638,131,147,17
63,6,132,216,177,213,37
64,6,46,459,243,271,29
65,6,109,543,301,317,17
66,6,113,80,347,385,39
67,6,37,354,415,426,12
68,6,57,582,456,484,29
69,6,135,170,514,537,24
70,7,72,364,0,11,12
71,7,79,14,41,57,17
72,7,4,554,87,114,28
73,7,121,474,144,174,31
74,7,115,538,204,224,21
75,7,123,668,254,280,27
76,7,138,499,310,342,33
77,7,95,297,372,391,20
78,7,61,461,421,446,26
79,7,85,478,476,493,18
80,8,80,398,0,35,36
81,8,90,568,65,71,7
82,8,126,267,101,129,29
83,8,60,281,159,165,7
84,8,59,352,195,208,14
85,8,74,472,238,275,38
86,8,94,283,305,328,24
87,8,41,196,358,377,20
88,8,37,284,407,439,33
89,8,59,380,469,481,13
90,9,144,405,0,28,29
91,9,76,494,58,79,22
92,9,112,397,109,118,10
93,9,95,506,148,175,28
94,9,101,337,205,226,22
95,9,68,679,256,280,25
96,9,146,110,310,334,25
97,9,32,57,364,372,9
98,9,11,112,402,411,10
99,9,41,531,441,463,23
100,10,58,119,0,28,29
101,10,34,316,58,66,9
102,10,61,593,96,128,33
103,10,116,103,158,185,28
104,10,13,343,215,247,33
105,10,53,390,277,290,14
106,10,78,684,320,336,17
107,10,148,353,366,394,29
108,10,76,260,424,440,17
109,10,66,144,470,490,21
110,11,57,282,0,2,3
111,11,58,393,32,50,19
112,11,81,146,80,99,20
113,11,28,533,129,154,26
114,11,121,140,184,202,19
115,11,27,605,232,255,24
116,11,133,473,285,302,18
117,11,95,449,332,333,2
118,11,95,338,363,377,15
119,11,68,373,407,413,7
120,12,113,275,0,39,40
121,12,54,132,69,85,17
122,12,26,293,115,140,26
123,12,47,305,170,201,32
124,12,67,483,231,249,19
125,12,110,466,279,287,9
126,12,105,320,317,337,21
127,12,70,371,367,384,18
128,12,78,318,414,444,31
129,12,83,135,474,499,26
130,13,49,628,0,36,37
131,13,147,211,66,86,21
132,13,45,721,116,151,36
133,13,153,489,181,204,24
134,13,104,296,234,258,25
135,13,48,446,288,301,14
136,13,84,350,331,352,22
137,13,71,26,382,399,18
138,13,6,502,429,450,22
139,13,107,410,480,495,16
140,14,123,237,0,18,19
141,14,50,282,48,51,4
142,14,59,269,81,90,10
143,14,55,625,120,154,35
144,14,143,355,184,196,13
145,14,77,579,226,240,15
146,14,129,13,270,294,25
147,14,7,383,324,344,21
148,14,65,447,374,398,25
149,14,81,309,428,441,14
150,15,75,333,0,2,3
151,15,68,380,32,47,16
152,15,74,451,77,81,5
153,15,85,338,111,124,14
154,15,78,485,154,166,13
155,15,97,574,196,203,8
156,15,110,216,233,252,20
157,15,68,386,282,295,14
158,15,77,364,325,331,7
159,15,86,288,361,376,16
160,16,64,529,0,11,12
161,16,118,734,41,61,21
162,16,154,279,91,128,38
163,16,71,580,158,182,25
164,16,134,66,212,238,27
165,16,7,100,268,290,23
166,16,23,573,320,355,36
167,16,118,33,385,418,34
168,16,11,17,448,462,15
169,16,5,455,492,526,35
170,17,58,359,0,4,5
171,17,72,341,34,43,10
172,17,67,157,73,97,25
173,17,44,629,127,157,31
174,17,133,157,187,216,30
175,17,31,410,246,264,19
176,17,77,672,294,309,16
177,17,151,383,339,357,19
178,17,77,476,387,402,16
179,17,116,512,432,449,18
180,18,12,510,0,47,48
181,18,122,452,77,93,17
182,18,90,602,123,137,15
183,18,105,324,167,185,19
184,18,71,279,215,220,6
185,18,58,534,250,266,17
186,18,121,322,296,315,20
187,18,70,349,345,352,8
188,18,54,219,382,412,31
189,18,22,41,442,448,7
190,19,117,497,0,26,27
191,19,95,253,56,92,37
192,19,57,616,122,140,19
193,19,138,575,170,182,13
194,19,119,317,212,238,27
195,19,53,249,268,298,31
196,19,38,744,328,370,43
197,19,141,390,400,418,19
198,19,78,412,448,457,10
199,19,86,286,487,495,9
200,20,29,477,0,16,17
201,20,90,361,46,70,25
202,20,78,451,100,125,26
203,20,99,538,155,183,29
204,20,123,260,213,229,17
205,20,51,484,259,276,18
206,20,97,188,306,325,20
207,20,52,104,355,374,20
208,20,38,159,404,411,8
209,20,31,287,441,472,32
210,21,46,487,0,26,27
211,21,97,69,56,95,40
212,21,5,120,125,131,7
213,21,34,738,161,190,30
214,21,154,52,220,266,47
215,21,13,318,296,326,31
216,21,47,214,356,363,8
217,21,52,741,393,423,31
218,21,149,656,453,456,4
219,21,148,601,486,498,13
220,22,8,743,0,35,36
221,22,149,653,65,74,10
222,22,147,85,104,132,29
223,22,31,264,162,172,11
224,22,59,173,202,217,16
225,22,38,547,247,265,19
226,22,115,336,295,323,29
227,22,79,420,353,355,3
228,22,80,507,385,400,16
229,22,97,699,430,437,8
230,23,74,153,0,14,15
231,23,29,216,44,71,28
232,23,53,502,101,138,38
233,23,99,487,168,183,16
234,23,119,305,213,237,25
235,23,32,381,267,280,14
236,23,74,141,310,327,18
237,23,27,406,357,376,20
238,23,70,401,406,416,11
239,23,85,545,446,459,14
240,24,6,518,0,48,49
241,24,113,14,78,110,33
242,24,5,390,140,156,17
243,24,78,268,186,195,10
244,24,55,374,225,258,34
245,24,99,97,288,328,41
246,24,17,89,358,379,22
247,24,27,248,409,429,21
248,24,56,417,459,480,22
249,24,78,550,510,523,14
250,25,66,153,0,20,21
251,25,29,383,50,68,19
252,25,77,330,98,105,8
253,25,73,510,135,146,12
254,25,110,188,176,201,26
255,25,34,328,231,252,22
256,25,74,445,282,310,29
257,25,83,78,340,375,36
258,25,10,434,405,427,23
259,25,77,497,457,481,25
260,26,67,118,0,10,11
261,26,16,693,40,82,43
262,26,150,16,112,161,50
263,26,7,48,191,203,13
264,26,9,285,233,261,29
265,26,73,220,291,305,15
266,26,61,419,335,339,5
267,26,81,534,369,373,5
268,26,78,291,403,409,7
269,26,69,347,439,457,19
270,27,112,609,0,7,8
271,27,137,40,37,69,33
272,27,7,521,99,134,36
273,27,94,283,164,182,19
274,27,72,742,212,239,28
275,27,140,708,269,286,18
276,27,147,81,316,344,29
277,27,31,502,374,399,26
278,27,99,179,429,446,18
279,27,57,391,476,493,18
280,28,99,342,0,29,30
281,28,81,732,59,82,24
282,28,152,641,112,130,19
283,28,150,609,160,187,28
284,28,137,533,217,235,19
285,28,128,90,265,291,27
286,28,16,219,321,332,12
287,28,53,503,362,396,35
288,28,96,54,426,444,19
289,28,14,413,474,503,30
290,29,95,38,0,29,30
291,29,27,160,59,68,10
292,29,39,714,98,135,38
293,29,149,705,165,172,8
294,29,154,541,202,212,11
295,29,112,479,242,258,17
296,29,101,93,288,315,28
297,29,15,128,345,363,19
298,29,38,741,393,434,42
299,29,140,678,464,476,13
300,30,146,682,0,1,2
301,30,147,88,31,56,26
302,30,32,539,86,110,25
303,30,123,611,140,153,14
304,30,130,428,183,207,25
305,30,101,170,237,271,35
306,30,36,363,301,317,17
307,30,78,578,347,358,12
308,30,129,489,388,391,4
309,30,111,518,421,430,10
310,31,78,415,0,8,9
311,31,104,498,38,50,13
312,31,94,695,80,111,32
313,31,150,587,141,176,36
314,31,130,642,206,236,31
315,31,145,433,266,276,11
316,31,96,637,306,339,34
317,31,144,395,369,381,13
318,31,81,460,411,424,14
319,31,86,579,454,466,13
320,32,73,78,0,23,24
321,32,1,32,53,61,9
322,32,2,315,91,115,25
323,32,69,25,145,177,33
324,32,6,347,207,230,24
325,32,74,556,260,276,17
326,32,105,704,306,317,12
327,32,152,204,347,379,33
328,32,40,523,409,434,26
329,32,99,496,464,492,29
330,33,97,286,0,11,12
331,33,66,426,41,58,18
332,33,89,549,88,107,20
333,33,126,12,137,185,49
334,33,27,194,215,237,23
335,33,47,399,267,298,32
336,33,90,659,328,361,34
337,33,134,42,391,415,25
338,33,4,204,445,475,31
339,33,31,575,505,527,23
340,34,144,354,0,30,31
341,34,65,253,60,73,14
342,34,58,364,103,118,16
343,34,82,133,148,170,23
344,34,26,261,200,212,13
345,34,59,248,242,256,15
346,34,54,717,286,310,25
347,34,153,331,340,370,31
348,34,66,224,400,420,21
349,34,38,141,450,463,14
350,35,74,383,0,4,5
351,35,77,457,34,48,15
352,35,102,350,78,88,11
353,35,58,452,118,132,15
354,35,96,638,162,169,8
355,35,138,56,199,227,29
356,35,11,357,257,273,17
357,35,77,510,303,315,13
358,35,104,79,345,378,34
359,35,10,659,408,454,47
360,36,64,311,0,9,10
361,36,59,273,39,56,18
362,36,48,215,86,95,10
363,36,52,85,125,142,18
364,36,26,478,172,190,19
365,36,96,433,220,222,3
366,36,90,634,252,276,25
367,36,136,515,306,311,6
368,36,123,613,341,366,26
369,36,142,580,396,425,30
370,37,52,68,0,19,20
371,37,16,15,49,53,5
372,37,4,663,83,114,32
373,37,137,626,144,163,20
374,37,133,34,193,224,32
375,37,2,326,254,273,20
376,37,62,127,303,321,19
377,37,25,484,351,366,16
378,37,89,498,396,421,26
379,37,95,137,451,483,33
380,38,103,507,0,8,9
381,38,103,444,38,50,13
382,38,82,405,80,99,20
383,38,71,391,129,144,16
384,38,75,497,174,182,9
385,38,94,549,212,237,26
386,38,126,510,267,279,13
387,38,121,201,309,336,28
388,38,30,392,366,393,28
389,38,80,394,423,424,2
390,39,20,512,0,33,34
391,39,103,40,63,89,27
392,39,7,353,119,144,26
393,39,70,306,174,180,7
394,39,65,362,210,217,8
395,39,59,261,247,252,6
396,39,50,287,282,293,12
397,39,45,335,323,330,8
398,39,67,35,360,378,19
399,39,26,199,408,420,13
400,40,80,626,0,14,15
401,40,133,323,44,75,32
402,40,54,320,105,106,2
403,40,54,228,136,149,14
404,40,20,537,179,204,26
405,40,104,249,234,243,10
406,40,101,259,273,290,18
407,40,66,271,320,337,18
408,40,36,202,367,404,38
409,40,54,332,434,459,26
410,41,72,335,0,14,15
411,41,52,187,44,50,7
412,41,52,637,80,106,27
413,41,141,508,136,160,25
414,41,109,602,190,194,5
415,41,119,162,224,245,22
416,41,33,133,275,279,5
417,41,41,620,309,330,22
418,41,109,462,360,365,6
419,41,85,370,395,410,16
420,42,134,367,0,14,15
421,42,80,541,44,48,5
422,42,88,342,78,79,2
423,42,84,342,109,116,8
424,42,61,407,146,167,22
425,42,85,692,197,215,19
426,42,145,287,245,274,30
427,42,66,483,304,316,13
428,42,97,198,346,378,33
429,42,49,206,408,415,8
430,43,85,379,0,3,4
431,43,76,596,33,44,12
432,43,127,192,74,112,39
433,43,47,321,142,168,27
434,43,63,653,198,227,30
435,43,147,489,257,270,14
436,43,105,375,300,326,27
437,43,54,336,356,380,25
438,43,82,510,410,436,27
439,43,110,590,466,477,12
440,44,124,580,0,6,7
441,44,134,598,36,47,12
442,44,127,207,77,108,32
443,44,31,662,138,176,39
444,44,137,484,206,225,20
445,44,110,483,255,260,6
446,44,103,659,290,305,16
447,44,135,553,335,351,17
448,44,97,455,381,397,17
449,44,89,344,427,461,35
450,45,0,725,0,41,42
451,45,146,36,71,124,54
452,45,2,467,154,196,43
453,45,89,360,226,235,10
454,45,77,313,265,278,14
455,45,68,744,308,329,22
456,45,140,492,359,378,20
457,45,123,294,408,420,13
458,45,69,392,450,454,5
459,45,81,512,484,497,14
460,46,150,271,0,34,35
461,46,60,712,64,83,20
462,46,137,499,113,128,16
463,46,95,241,158,172,15
464,46,55,26,202,235,34
465,46,6,667,265,292,28
466,46,145,492,322,344,23
467,46,105,691,374,398,25
468,46,153,422,428,462,35
469,46,84,713,492,505,14
470,47,14,267,0,27,28
471,47,78,329,57,67,11
472,47,86,403,97,107,11
473,47,118,425,137,155,19
474,47,54,569,185,239,55
475,47,132,17,269,310,42
476,47,18,314,340,351,12
477,47,61,438,381,398,18
478,47,86,31,428,446,19
479,47,25,15,476,491,16
480,48,7,64,0,2,3
481,48,15,370,32,47,16
482,48,61,15,77,92,16
483,48,4,233,122,136,15
484,48,41,527,166,185,20
485,48,89,275,215,226,12
486,48,54,317,256,277,22
487,48,55,472,307,316,10
488,48,91,217,346,359,14
489,48,43,623,389,415,27
490,49,69,438,0,15,16
491,49,86,282,45,49,5
492,49,73,580,79,100,22
493,49,133,590,130,145,16
494,49,138,71,175,220,46
495,49,8,658,250,273,24
496,49,135,625,303,314,12
497,49,129,583,344,354,11
498,49,135,549,384,407,24
499,49,116,679,437,454,18
500,50,139,142,0,28,29
501,50,28,287,58,72,15
502,50,59,325,102,112,11
503,50,71,551,142,158,17
504,50,119,241,188,215,28
505,50,43,365,245,257,13
506,50,78,674,287,317,31
507,50,146,475,347,367,21
508,50,115,494,397,425,29
509,50,106,337,455,461,7
510,51,103,512,0,11,12
511,51,104,678,41,46,6
512,51,121,302,76,92,17
513,51,58,703,122,137,16
514,51,120,483,167,175,9
515,51,102,49,205,242,38
516,51,12,44,272,281,10
517,51,8,456,311,345,35
518,51,90,280,375,382,8
519,51,64,558,412,446,35
520,52,26,670,0,34,35
521,52,151,11,64,102,39
522,52,4,457,132,160,29
523,52,85,388,190,194,5
524,52,77,10,224,243,20
525,52,2,697,273,308,36
526,52,150,376,338,366,29
527,52,54,652,396,428,33
528,52,147,626,458,461,4
529,52,139,333,491,519,29
530,53,44,400,0,7,8
531,53,76,691,37,54,18
532,53,145,184,84,115,32
533,53,50,441,145,155,11
534,53,78,577,185,199,15
535,53,139,598,229,234,6
536,53,143,732,264,265,2
537,53,143,491,295,305,11
538,53,111,341,335,350,16
539,53,69,540,380,401,22
540,54,39,384,0,8,9
541,54,77,280,38,41,4
542,54,76,636,71,102,32
543,54,149,482,132,156,25
544,54,102,137,186,204,19
545,54,32,545,234,265,32
546,54,131,532,295,311,17
547,54,120,702,341,348,8
548,54,146,475,378,398,21
549,54,115,634,428,456,29
550,55,8,598,0,37,38
551,55,127,290,67,86,20
552,55,59,291,116,125,10
553,55,55,166,155,161,7
554,55,34,266,191,196,6
555,55,60,513,226,231,6
556,55,78,652,261,275,15
557,55,139,602,305,309,5
558,55,128,342,339,358,20
559,55,69,470,388,396,9
560,56,16,724,0,37,38
561,56,151,695,67,68,2
562,56,151,122,98,134,37
563,56,16,730,164,210,47
564,56,118,358,240,251,12
565,56,86,477,281,290,10
566,56,89,221,320,339,20
567,56,10,232,369,387,19
568,56,32,376,417,432,16
569,56,62,425,462,481,20
570,57,70,564,0,16,17
571,57,131,287,46,71,26
572,57,72,630,101,131,31
573,57,133,734,161,165,5
574,57,147,407,195,213,19
575,57,85,1,243,267,25
576,57,6,449,297,343,47
577,57,95,430,373,398,26
578,57,89,378,428,435,8
579,57,62,560,465,500,36
580,58,83,549,0,21,22
581,58,118,598,51,56,6
582,58,127,406,86,97,12
583,58,76,39,127,147,21
584,58,3,82,177,187,11
585,58,14,484,217,249,33
586,58,97,25,279,308,30
587,58,6,437,338,360,23
588,58,72,513,390,403,14
589,58,105,448,433,442,10
590,59,70,349,0,4,5
591,59,56,605,34,62,29
592,59,133,68,92,113,22
593,59,15,324,143,165,23
594,59,63,332,195,203,9
595,59,72,88,233,247,15
596,59,2,71,277,290,14
597,59,8,464,320,339,20
598,59,94,378,369,394,26
599,59,64,159,424,446,23
600,60,151,116,0,65,66
601,60,42,523,95,126,32
602,60,115,370,156,186,31
603,60,81,476,216,237,22
604,60,90,206,267,272,6
605,60,76,362,302,310,9
606,60,97,401,340,345,6
607,60,77,113,375,390,16
608,60,27,333,420,435,16
609,60,75,637,465,489,25
610,61,70,487,0,17,18
611,61,119,727,47,52,6
612,61,143,347,82,103,22
613,61,107,618,133,139,7
614,61,138,126,169,229,61
615,61,19,221,259,293,35
616,61,54,35,323,343,21
617,61,26,627,373,403,31
618,61,147,454,433,454,22
619,61,89,544,484,518,35
620,62,119,118,0,19,20
621,62,33,336,49,66,18
622,62,67,532,96,121,26
623,62,120,33,151,176,26
624,62,11,536,206,239,34
625,62,112,596,269,288,20
626,62,132,675,318,337,20
627,62,143,455,367,382,16
628,62,89,515,412,427,16
629,62,105,321,457,479,23
630,63,150,596,0,6,7
631,63,151,294,36,67,32
632,63,61,731,97,127,31
633,63,139,90,157,181,25
634,63,15,401,211,240,30
635,63,89,576,270,283,14
636,63,120,582,313,324,12
637,63,135,273,354,376,23
638,63,48,463,406,431,26
639,63,86,428,461,471,11
640,64,120,377,0,25,26
641,64,56,461,55,82,28
642,64,110,686,112,131,20
643,64,144,25,161,210,50
644,64,6,556,240,276,37
645,64,122,206,306,327,22
646,64,39,98,357,380,24
647,64,22,737,410,441,32
648,64,154,111,471,502,32
649,64,32,496,532,566,35
650,65,152,497,0,32,33
651,65,113,347,62,93,32
652,65,71,390,123,140,18
653,65,68,620,170,191,22
654,65,127,14,221,263,43
655,65,15,329,293,314,22
656,65,74,397,344,376,33
657,65,88,465,406,419,14
658,65,129,258,449,463,15
659,65,73,214,493,508,16
660,66,85,60,0,15,16
661,66,32,444,45,71,27
662,66,98,611,101,119,19
663,66,140,296,149,182,34
664,66,61,623,212,239,28
665,66,143,650,269,276,8
666,66,120,556,306,312,7
667,66,133,445,342,352,11
668,66,82,312,382,387,6
669,66,68,569,417,447,31
670,67,75,40,0,14,15
671,67,15,177,44,64,21
672,67,29,215,94,127,34
673,67,68,70,157,174,18
674,67,12,454,204,242,39
675,67,90,576,272,284,13
676,67,120,531,314,315,2
677,67,119,415,345,373,29
678,67,86,233,403,414,12
679,67,40,359,444,462,19
680,68,79,214,0,11,12
681,68,52,141,41,44,4
682,68,34,530,74,101,28
683,68,101,93,131,170,40
684,68,15,195,200,216,17
685,68,48,549,246,284,39
686,68,132,648,314,319,6
687,68,127,531,349,353,5
688,68,128,117,383,406,24
689,68,15,381,436,459,24
690,69,54,411,0,23,24
691,69,73,738,53,74,22
692,69,135,463,104,121,18
693,69,86,309,151,162,12
694,69,66,687,192,217,26
695,69,149,494,247,258,12
696,69,106,535,288,299,12
697,69,104,329,329,342,14
698,69,73,51,372,394,23
699,69,10,440,424,457,34
700,70,127,611,0,22,23
701,70,141,120,52,78,27
702,70,34,81,108,126,19
703,70,14,184,156,172,17
704,70,50,173,202,222,21
705,70,23,475,252,267,16
706,70,99,348,297,316,20
707,70,54,366,346,366,21
708,70,60,261,396,404,9
709,70,66,494,434,446,13
710,71,39,415,0,19,20
711,71,104,435,49,60,12
712,71,85,132,90,104,15
713,71,20,41,134,149,16
714,71,7,460,179,203,25
715,71,97,657,233,263,31
716,71,134,31,293,337,45
717,71,11,680,367,401,35
718,71,146,516,431,447,17
719,71,92,653,477,487,11
720,72,117,70,0,39,40
721,72,17,53,69,91,23
722,72,10,111,121,134,14
723,72,30,616,164,184,21
724,72,138,328,214,232,19
725,72,77,554,262,277,16
726,72,121,186,307,335,29
727,72,42,444,365,377,13
728,72,79,341,407,409,3
729,72,80,92,439,463,25
730,73,111,550,0,11,12
731,73,101,568,41,52,12
732,73,107,73,82,133,52
733,73,17,102,163,185,23
734,73,10,423,215,251,37
735,73,87,465,281,290,10
736,73,104,489,320,327,8
737,73,82,344,357,371,15
738,73,53,303,401,424,24
739,73,57,489,454,475,22
740,74,68,174,0,25,26
741,74,29,463,55,79,25
742,74,103,460,109,109,1
743,74,103,206,139,152,14
744,74,40,371,182,202,21
745,74,81,126,232,254,23
746,74,12,636,284,308,25
747,74,141,329,338,365,28
748,74,77,612,395,411,17
749,74,99,328,441,458,18
750,75,99,637,0,37,38
751,75,130,313,67,88,22
752,75,68,699,118,166,49
753,75,143,588,196,230,35
754,75,140,461,260,281,22
755,75,109,569,311,317,7
756,75,132,525,347,355,9
757,75,107,619,385,392,8
758,75,101,317,422,445,24
759,75,69,491,475,482,8
760,76,89,455,0,11,12
761,76,90,561,41,69,29
762,76,140,287,99,123,25
763,76,66,492,153,172,20
764,76,106,257,202,218,17
765,76,59,356,248,253,6
766,76,72,234,283,290,8
767,76,41,243,320,335,16
768,76,53,458,365,390,26
769,76,85,45,420,450,31
770,77,147,177,0,30,31
771,77,44,481,60,72,13
772,77,101,531,102,106,5
773,77,103,723,136,152,17
774,77,151,289,182,208,27
775,77,67,714,238,262,25
776,77,140,418,292,308,17
777,77,82,409,338,348,11
778,77,77,427,378,387,10
779,77,89,66,417,445,29
780,78,98,224,0,31,32
781,78,38,117,61,79,19
782,78,15,375,109,137,29
783,78,54,493,167,198,32
784,78,106,30,228,259,32
785,78,11,29,289,297,9
786,78,1,304,327,349,23
787,78,58,428,379,391,13
788,78,89,105,421,438,18
789,78,14,357,468,485,18
790,79,54,182,0,14,15
791,79,59,680,44,62,19
792,79,147,604,92,101,10
793,79,133,394,131,144,14
794,79,94,181,174,198,25
795,79,40,284,228,243,16
796,79,59,368,273,287,15
797,79,81,116,317,335,19
798,79,27,731,365,392,28
799,79,146,282,422,444,23
800,80,120,408,0,13,14
801,80,76,691,43,57,15
802,80,115,598,87,102,16
803,80,128,187,132,173,42
804,80,45,331,203,234,32
805,80,73,389,264,268,5
806,80,86,384,298,309,12
807,80,64,361,339,349,11
808,80,66,430,379,391,13
809,80,85,332,421,437,17
810,81,39,34,0,7,8
811,81,2,712,37,83,47
812,81,149,660,113,118,6
813,81,136,569,148,178,31
814,81,126,114,208,237,30
815,81,27,440,267,283,17
816,81,82,348,313,337,25
817,81,54,334,367,387,21
818,81,67,707,417,435,19
819,81,147,277,465,497,33
820,82,31,12,0,2,3
821,82,26,113,32,37,6
822,82,32,738,67,99,33
823,82,144,68,129,179,51
824,82,4,245,209,225,17
825,82,53,426,255,280,26
826,82,62,30,310,320,11
827,82,25,430,350,367,18
828,82,89,670,397,405,9
829,82,132,116,435,463,29
830,83,34,573,0,27,28
831,83,127,381,57,69,13
832,83,76,510,99,108,10
833,83,103,426,138,156,19
834,83,115,732,186,207,22
835,83,152,409,237,255,19
836,83,77,692,285,319,35
837,83,150,447,349,384,36
838,83,88,319,414,428,15
839,83,48,277,458,486,29
840,84,119,447,0,16,17
841,84,94,71,46,63,18
842,84,17,435,93,117,25
843,84,77,181,147,155,9
844,84,39,157,185,199,15
845,84,26,140,229,241,13
846,84,15,53,271,287,17
847,84,13,682,317,369,53
848,84,146,542,399,420,22
849,84,125,186,450,468,19
850,85,33,90,0,1,2
851,85,27,469,31,42,12
852,85,73,355,72,74,3
853,85,73,58,104,114,11
854,85,44,692,144,171,28
855,85,153,597,201,210,10
856,85,132,39,240,292,53
857,85,11,9,322,326,5
858,85,2,235,356,386,31
859,85,32,308,416,417,2
860,86,40,306,0,1,2
861,86,41,469,31,57,27
862,86,82,634,87,98,12
863,86,135,127,128,184,57
864,86,54,81,214,221,8
865,86,13,546,251,274,24
866,86,115,51,304,325,22
867,86,10,241,355,395,41
868,86,69,681,425,446,22
869,86,147,585,476,492,17
870,87,81,10,0,28,29
871,87,2,342,58,82,25
872,87,61,263,112,115,4
873,87,60,453,145,167,23
874,87,90,309,197,223,27
875,87,73,68,253,283,31
876,87,16,415,313,327,15
877,87,82,267,357,366,10
878,87,55,493,396,414,19
879,87,92,185,444,474,31
880,88,60,731,0,21,22
881,88,146,279,51,77,27
882,88,63,586,107,137,31
883,88,125,511,167,177,11
884,88,104,330,207,221,15
885,88,72,623,251,266,16
886,88,143,219,296,327,32
887,88,53,583,357,378,22
888,88,125,344,408,423,16
889,88,53,338,453,464,12
890,89,56,522,0,38,39
891,89,130,609,68,77,10
892,89,137,567,107,131,25
893,89,138,417,161,187,27
894,89,82,350,217,237,21
895,89,62,632,267,308,42
896,89,123,102,338,375,38
897,89,24,739,405,448,44
898,89,148,517,478,486,9
899,89,106,71,516,534,19
900,90,61,172,0,9,10
901,90,48,602,39,69,31
902,90,128,554,99,107,9
903,90,129,501,137,163,27
904,90,99,83,193,217,25
905,90,20,706,247,280,34
906,90,146,410,310,323,14
907,90,86,309,353,366,14
908,90,59,109,396,406,11
909,90,31,217,436,457,22
910,91,50,249,0,17,18
911,91,56,307,47,61,15
912,91,66,495,91,115,25
913,91,144,276,145,198,54
914,91,64,165,228,252,25
915,91,34,177,282,300,19
916,91,30,190,330,350,21
917,91,28,385,380,398,19
918,91,73,281,428,434,7
919,91,65,448,464,485,22
920,92,54,436,0,19,20
921,92,86,570,49,63,15
922,92,126,595,93,96,4
923,92,132,574,126,142,17
924,92,143,571,172,181,10
925,92,117,57,211,229,19
926,92,25,286,259,273,15
927,92,50,434,303,318,16
928,92,85,571,348,352,5
929,92,101,500,382,405,24
930,93,106,210,0,21,22
931,93,42,6,51,72,22
932,93,6,440,102,136,35
933,93,104,527,166,199,34
934,93,90,436,229,241,13
935,93,44,2,271,286,16
936,93,1,339,316,346,31
937,93,68,56,376,398,23
938,93,30,261,428,449,22
939,93,60,213,479,495,17
940,94,93,668,0,33,34
941,94,145,497,63,94,32
942,94,94,585,124,128,5
943,94,125,527,158,183,26
944,94,96,327,213,222,10
945,94,71,471,252,277,26
946,94,94,169,307,324,18
947,94,43,219,354,358,5
948,94,47,561,388,407,20
949,94,125,570,437,455,19
950,95,81,279,0,19,20
951,95,71,310,49,68,20
952,95,60,322,98,116,19
953,95,70,373,146,172,27
954,95,81,488,202,218,17
955,95,121,86,248,274,27
956,95,2,602,304,337,34
957,95,134,736,367,373,7
958,95,154,89,403,429,27
959,95,16,676,459,490,32
960,96,68,575,0,18,19
961,96,119,644,48,60,13
962,96,117,622,90,103,14
963,96,143,334,133,152,20
964,96,78,337,182,188,7
965,96,69,62,218,234,17
966,96,32,653,264,281,18
967,96,119,106,311,334,24
968,96,20,82,364,371,8
969,96,20,443,401,435,35
970,97,89,505,0,7,8
971,97,89,284,37,54,18
972,97,39,512,84,103,20
973,97,104,650,133,159,27
974,97,128,677,189,195,7
975,97,143,536,225,236,12
976,97,104,412,266,277,12
977,97,73,391,307,317,11
978,97,78,245,347,363,17
979,97,48,193,393,395,3
980,98,10,64,0,18,19
981,98,27,364,48,66,19
982,98,83,543,96,114,19
983,98,113,531,144,161,18
984,98,103,515,191,215,25
985,98,111,392,245,255,11
986,98,79,296,285,296,12
987,98,53,418,326,352,27
988,98,82,420,382,387,6
989,98,87,503,417,442,26
990,99,31,82,0,8,9
991,99,14,336,38,65,28
992,99,78,593,95,121,27
993,99,138,158,151,180,30
994,99,20,596,210,228,19
995,99,118,164,258,282,25
996,99,45,401,312,333,22
997,99,90,36,363,394,32
998,99,2,67,424,434,11
999,99,15,536,464,484,21
1000,100,118,462,0,12,13
1001,100,86,314,42,61,20
1002,100,46,356,91,100,10
1003,100,50,90,130,134,5
1004,100,27,387,164,169,6
1005,100,41,676,199,217,19
1006,100,127,460,247,253,7
1007,100,101,358,283,294,12
1008,100,72,635,324,353,30
1009,100,136,222,383,420,38
1010,101,128,70,0,26,27
1011,101,16,536,56,76,21
1012,101,105,60,106,133,28
1013,101,11,354,163,176,14
1014,101,74,358,206,212,7
1015,101,73,490,242,254,13
1016,101,105,322,284,304,21
1017,101,70,214,334,354,21
1018,101,52,34,384,403,20
1019,101,2,385,433,448,16
1020,102,54,185,0,19,20
1021,102,42,535,49,68,20
1022,102,128,177,98,131,34
1023,102,44,630,161,189,29
1024,102,134,177,219,247,29
1025,102,44,613,277,303,27
1026,102,131,143,333,372,40
1027,102,34,379,402,430,29
1028,102,89,366,460,481,22
1029,102,80,437,511,524,14
1030,103,76,258,0,11,12
1031,103,66,556,41,56,16
1032,103,123,259,86,114,29
1033,103,57,464,144,162,19
1034,103,104,194,192,217,26
1035,103,48,707,247,276,30
1036,103,154,508,306,325,20
1037,103,103,98,355,385,31
1038,103,22,438,415,444,30
1039,103,97,354,474,484,11
1040,104,111,213,0,16,17
1041,104,52,342,46,57,12
1042,104,47,668,87,130,44
1043,104,150,742,160,178,19
1044,104,154,380,208,237,30
1045,104,65,407,267,272,6
1046,104,85,725,302,315,14
1047,104,151,321,345,372,28
1048,104,49,40,402,416,15
1049,104,32,194,446,460,15
1050,105,66,114,0,18,19
1051,105,33,538,48,64,17
1052,105,105,579,94,108,15
1053,105,133,409,138,154,17
1054,105,77,632,184,208,25
1055,105,135,55,238,276,39
1056,105,14,384,306,322,17
1057,105,72,168,352,371,20
1058,105,28,395,401,411,11
1059,105,80,394,441,442,2
1060,106,37,308,0,12,13
1061,106,58,597,42,61,20
1062,106,127,1,91,123,33
1063,106,0,240,153,180,28
1064,106,35,310,210,223,14
1065,106,66,280,253,264,12
1066,106,64,283,294,298,5
1067,106,58,228,328,333,6
1068,106,44,614,363,384,22
1069,106,138,300,414,429,16
1070,107,91,339,0,10,11
1071,107,68,540,40,51,12
1072,107,112,649,81,91,11
1073,107,120,494,121,134,14
1074,107,92,132,164,191,28
1075,107,26,621,221,240,20
1076,107,109,652,270,280,11
1077,107,139,452,310,331,22
1078,107,99,235,361,388,28
1079,107,50,334,418,425,8
1080,108,50,206,0,7,8
1081,108,39,143,37,54,18
1082,108,5,388,84,102,19
1083,108,59,505,132,156,25
1084,108,99,628,186,208,23
1085,108,139,193,238,265,28
1086,108,43,646,295,323,29
1087,108,102,399,353,363,11
1088,108,99,648,393,404,12
1089,108,132,349,434,449,16
1090,109,127,294,0,25,26
1091,109,61,271,55,62,8
1092,109,53,19,92,103,12
1093,109,8,343,133,148,16
1094,109,81,525,178,229,52
1095,109,116,74,259,305,47
1096,109,9,540,335,361,27
1097,109,124,281,391,423,33
1098,109,74,341,453,473,21
1099,109,61,634,503,516,14
1100,110,72,303,0,14,15
1101,110,63,143,44,66,23
1102,110,34,712,96,124,29
1103,110,144,336,154,174,21
1104,110,67,741,204,225,22
1105,110,149,483,255,279,25
1106,110,102,652,309,323,15
1107,110,146,128,353,393,41
1108,110,24,217,423,448,26
1109,110,46,128,478,504,27
1110,111,40,90,0,10,11
1111,111,15,118,40,40,1
1112,111,15,516,70,93,24
1113,111,112,321,123,152,30
1114,111,62,63,182,205,24
1115,111,15,577,235,257,23
1116,111,121,254,287,305,19
1117,111,57,533,335,354,20
1118,111,128,191,384,416,33
1119,111,22,657,446,476,31
1120,112,11,209,0,16,17
1121,112,50,240,46,51,6
1122,112,52,15,81,91,11
1123,112,4,356,121,145,25
1124,112,77,408,175,178,4
1125,112,76,481,208,213,6
1126,112,101,161,243,263,21
1127,112,41,605,293,317,25
1128,112,134,33,347,380,34
1129,112,2,440,410,436,27
1130,113,111,315,0,15,16
1131,113,69,319,45,47,3
1132,113,61,453,77,115,39
1133,113,116,268,145,181,37
1134,113,43,332,211,232,22
1135,113,75,202,262,286,25
1136,113,38,358,316,333,18
1137,113,77,529,363,373,11
1138,113,108,581,403,417,15
1139,113,123,437,447,460,14
1140,114,154,703,0,7,8
1141,114,152,368,37,61,25
1142,114,69,312,91,99,9
1143,114,51,382,129,145,17
1144,114,74,3,175,201,27
1145,114,1,282,231,254,24
1146,114,73,270,284,306,23
1147,114,53,15,336,351,16
1148,114,4,319,381,398,18
1149,114,48,160,428,446,19
1150,115,65,178,0,16,17
1151,115,14,649,46,75,30
1152,115,143,164,105,135,31
1153,115,34,110,165,176,12
1154,115,39,196,206,219,14
1155,115,23,86,249,265,17
1156,115,40,362,295,304,10
1157,115,66,318,334,338,5
1158,115,67,316,368,373,6
1159,115,61,185,403,413,11
1160,116,94,120,0,19,20
1161,116,16,106,49,66,18
1162,116,20,534,96,121,26
1163,116,121,460,151,161,11
1164,116,97,256,191,204,14
1165,116,41,245,234,253,20
1166,116,48,468,283,299,17
1167,116,92,371,329,330,2
1168,116,87,434,360,374,15
1169,116,85,471,404,422,19
1170,117,95,402,0,24,25
1171,117,89,488,54,71,18
1172,117,98,177,101,128,28
1173,117,38,141,158,172,15
1174,117,27,484,202,227,26
1175,117,97,415,257,268,12
1176,117,82,389,298,298,1
1177,117,82,737,328,355,28
1178,117,154,431,385,419,35
1179,117,90,512,449,463,15
1180,118,102,571,0,3,4
1181,118,118,557,33,45,13
1182,118,129,66,75,104,30
1183,118,15,232,134,143,10
1184,118,41,727,173,197,25
1185,118,151,414,227,249,23
1186,118,82,654,279,293,15
1187,118,147,330,323,342,20
1188,118,72,85,372,386,15
1189,118,11,283,416,433,18
1190,119,53,169,0,4,5
1191,119,43,410,34,55,22
1192,119,77,56,85,99,15
1193,119,25,203,129,133,5
1194,119,44,20,163,189,27
1195,119,12,361,219,245,27
1196,119,73,173,275,296,22
1197,119,23,339,326,356,31
1198,119,69,596,386,407,22
1199,119,119,448,437,457,21
1200,120,45,228,0,9,10
1201,120,44,177,39,43,5
1202,120,39,252,73,84,12
1203,120,63,262,114,128,15
1204,120,50,595,158,180,23
1205,120,117,101,210,231,22
1206,120,29,42,261,283,23
1207,120,7,546,313,351,39
1208,120,115,510,381,399,19
1209,120,86,290,429,443,15
1210,121,63,635,0,34,35
1211,121,144,406,64,92,29
1212,121,76,695,122,141,20
1213,121,153,720,171,175,5
1214,121,153,272,205,244,40
1215,121,55,538,274,291,18
1216,121,134,465,321,335,15
1217,121,86,653,365,380,16
1218,121,122,628,410,417,8
1219,121,133,207,447,471,25
1220,122,68,661,0,26,27
1221,122,140,655,56,57,2
1222,122,137,736,87,98,12
1223,122,154,367,128,144,17
1224,122,80,307,174,193,20
1225,122,40,312,223,236,14
1226,122,67,439,266,274,9
1227,122,91,579,304,310,7
1228,122,105,381,340,355,16
1229,122,76,444,385,404,20
1230,123,103,316,0,21,22
1231,123,61,743,51,68,18
1232,123,140,669,98,125,28
1233,123,150,423,155,191,37
1234,123,80,346,221,237,17
1235,123,74,37,267,287,21
1236,123,3,165,317,353,37
1237,123,34,179,383,403,21
1238,123,64,666,433,462,30
1239,123,145,308,492,527,36
1240,124,7,357,0,18,19
1241,124,72,486,48,60,13
1242,124,120,268,90,117,28
1243,124,61,276,147,168,22
1244,124,56,443,198,219,22
1245,124,78,642,249,278,30
1246,124,145,530,308,319,12
1247,124,108,84,349,359,11
1248,124,57,356,389,396,8
1249,124,77,702,426,445,20
1250,125,149,566,0,30,31
1251,125,107,600,60,74,15
1252,125,120,651,104,112,9
1253,125,146,351,142,167,26
1254,125,70,556,197,234,38
1255,125,123,186,264,279,16
1256,125,51,403,309,332,24
1257,125,90,620,362,368,7
1258,125,118,612,398,408,11
1259,125,131,289,438,470,33
1260,126,85,159,0,12,13
1261,126,39,178,42,54,13
1262,126,44,268,84,107,24
1263,126,81,533,137,153,17
1264,126,121,455,183,200,18
1265,126,89,44,230,261,32
1266,126,16,44,291,295,5
1267,126,17,112,325,338,14
1268,126,32,262,368,377,10
1269,126,51,621,407,425,19
1270,127,91,106,0,37,38
1271,127,10,347,67,81,15
1272,127,70,459,111,116,6
1273,127,89,43,146,177,32
1274,127,16,260,207,221,15
1275,127,66,533,251,261,11
1276,127,111,199,291,315,25
1277,127,56,425,345,355,11
1278,127,96,510,385,397,13
1279,127,120,291,427,446,20
1280,128,105,325,0,16,17
1281,128,74,55,46,64,19
1282,128,10,615,94,119,26
1283,128,138,705,149,163,15
1284,128,146,239,193,217,25
1285,128,55,730,247,273,27
1286,128,152,106,303,332,30
1287,128,26,416,362,383,22
1288,128,78,195,413,425,13
1289,128,53,384,455,476,22
1290,129,60,412,0,11,12
1291,129,73,477,41,62,22
1292,129,116,521,92,118,27
1293,129,114,50,148,193,46
1294,129,6,212,223,242,20
1295,129,33,656,272,294,23
1296,129,134,573,324,342,19
1297,129,127,174,372,402,31
1298,129,23,216,432,458,27
1299,129,43,530,488,521,34
1300,130,57,626,0,25,26
1301,130,128,674,55,70,16
1302,130,86,477,100,110,11
1303,130,100,396,140,188,49
1304,130,81,519,218,227,10
1305,130,113,295,257,295,39
1306,130,81,738,325,333,9
1307,130,125,266,363,392,30
1308,130,60,590,422,458,37
1309,130,145,159,488,516,29
1310,131,59,180,0,6,7
1311,131,41,340,36,65,30
1312,131,61,674,95,126,32
1313,131,151,158,156,178,23
1314,131,31,309,208,218,11
1315,131,59,382,248,256,9
1316,131,77,36,286,309,24
1317,131,7,484,339,364,26
1318,131,103,707,394,418,25
1319,131,147,547,448,469,22
1320,132,7,713,0,39,40
1321,132,141,463,69,96,28
1322,132,86,289,126,138,13
1323,132,67,437,168,176,9
1324,132,73,644,206,223,18
1325,132,132,740,253,273,21
1326,132,144,617,303,324,22
1327,132,118,726,354,362,9
1328,132,151,157,392,414,23
1329,132,44,661,444,479,36
1330,133,26,429,0,17,18
1331,133,89,548,47,57,11
1332,133,116,327,87,102,16
1333,133,65,337,132,145,14
1334,133,68,564,175,205,31
1335,133,115,372,235,267,33
1336,133,95,337,297,311,15
1337,133,68,280,341,360,20
1338,133,71,627,390,411,22
1339,133,139,260,441,458,18
1340,134,68,502,0,48,49
1341,134,99,406,78,94,17
1342,134,76,6,124,140,17
1343,134,32,657,170,195,26
1344,134,134,159,225,253,29
1345,134,39,531,283,300,18
1346,134,108,624,330,345,16
1347,134,146,379,375,395,21
1348,134,76,35,425,446,22
1349,134,3,197,476,497,22
1350,135,88,83,0,23,24
1351,135,39,88,53,56,4
1352,135,32,89,86,87,2
1353,135,32,287,117,124,8
1354,135,59,310,154,157,4
1355,135,50,627,187,200,14
1356,135,111,413,230,232,3
1357,135,111,386,262,274,13
1358,135,73,649,304,321,18
1359,135,143,465,351,361,11
1360,136,132,393,0,28,29
1361,136,69,705,58,79,22
1362,136,147,202,109,137,29
1363,136,44,342,167,189,23
1364,136,80,209,219,241,23
1365,136,33,222,271,290,20
1366,136,54,129,320,324,5
1367,136,29,324,354,362,9
1368,136,62,260,392,421,30
1369,136,59,373,451,460,10
1370,137,66,198,0,20,21
1371,137,29,651,50,84,35
1372,137,139,547,114,131,18
1373,137,131,146,161,200,40
1374,137,46,250,230,253,24
1375,137,64,72,283,310,28
1376,137,22,596,340,379,40
1377,137,132,397,409,434,26
1378,137,80,650,464,484,21
1379,137,120,507,514,519,6
1380,138,52,534,0,19,20
1381,138,121,484,49,59,11
1382,138,97,261,89,101,13
1383,138,59,212,131,136,6
1384,138,45,490,166,178,13
1385,138,104,695,208,243,36
1386,138,150,411,273,293,21
1387,138,77,183,323,337,15
1388,138,33,93,367,372,6
1389,138,15,26,402,424,23
1390,139,149,610,0,8,9
1391,139,137,4,38,81,44
1392,139,14,3,111,119,9
1393,139,1,555,149,183,35
1394,139,121,259,213,224,12
1395,139,59,649,254,281,28
1396,139,143,585,311,325,15
1397,139,136,449,355,375,21
1398,139,88,245,405,419,15
1399,139,48,407,449,478,30
1400,140,139,621,0,5,6
1401,140,143,62,35,60,26
1402,140,27,198,90,119,30
1403,140,38,604,149,180,32
1404,140,133,287,210,229,20
1405,140,50,577,259,279,21
1406,140,109,580,309,329,21
1407,140,105,123,359,389,31
1408,140,22,386,419,454,36
1409,140,78,35,484,500,17
1410,141,45,731,0,22,23
1411,141,152,205,52,79,28
1412,141,44,324,109,117,9
1413,141,70,68,147,174,28
1414,141,16,446,204,222,19
1415,141,81,717,252,285,34
1416,141,145,652,315,328,14
1417,141,146,79,358,401,44
1418,141,1,331,431,463,33
1419,141,73,338,493,502,10
1420,142,77,544,0,26,27
1421,142,130,159,56,92,37
1422,142,44,628,122,148,27
1423,142,133,180,178,201,24
1424,142,40,291,231,247,17
1425,142,61,1,277,308,32
1426,142,10,362,338,370,33
1427,142,78,358,400,409,10
1428,142,73,665,439,466,28
1429,142,138,581,496,521,26
1430,143,14,733,0,35,36
1431,143,152,478,65,85,21
1432,143,89,447,115,135,21
1433,143,75,566,165,192,28
1434,143,126,382,222,233,12
1435,143,76,132,263,276,14
1436,143,26,202,306,310,5
1437,143,44,653,340,368,29
1438,143,147,412,398,416,19
1439,143,59,101,446,467,22
1440,144,64,714,0,33,34
1441,144,140,572,63,87,25
1442,144,102,487,117,124,8
1443,144,86,397,154,166,13
1444,144,87,174,196,231,36
1445,144,23,553,261,295,35
1446,144,103,19,325,345,21
1447,144,52,165,375,378,4
1448,144,34,548,408,439,32
1449,144,108,4,469,503,35
1450,145,74,703,0,21,22
1451,145,146,163,51,81,31
1452,145,27,4,111,123,13
1453,145,14,173,153,160,8
1454,145,0,737,190,242,53
1455,145,148,256,272,296,25
1456,145,77,339,326,341,16
1457,145,69,311,371,371,1
1458,145,69,304,401,403,3
1459,145,68,453,433,456,24
1460,146,106,176,0,36,37
1461,146,24,50,66,69,4
1462,146,10,555,99,134,36
1463,146,122,359,164,178,15
1464,146,97,330,208,213,6
1465,146,77,334,243,255,13
1466,146,67,175,285,306,22
1467,146,38,59,336,346,11
1468,146,11,51,376,385,10
1469,146,10,282,415,440,26
1470,147,150,286,0,28,29
1471,147,59,479,58,81,24
1472,147,132,483,111,117,7
1473,147,109,189,147,175,29
1474,147,34,139,205,212,8
1475,147,45,380,242,258,17
1476,147,76,235,288,311,24
1477,147,59,88,341,349,9
1478,147,39,646,379,401,23
1479,147,126,575,431,446,16
1480,148,108,438,0,5,6
1481,148,103,125,35,61,27
1482,148,28,259,91,107,17
1483,148,59,435,137,153,17
1484,148,85,521,183,209,27
1485,148,130,41,239,271,33
1486,148,5,396,301,319,19
1487,148,80,311,349,355,7
1488,148,67,564,385,414,30
1489,148,115,384,444,461,18
1490,149,99,459,0,11,12
1491,149,109,413,41,53,13
1492,149,73,232,83,89,7
1493,149,41,702,119,155,37
1494,149,151,352,185,206,22
1495,149,63,371,236,258,23
1496,149,83,513,288,297,10
1497,149,105,412,327,339,13
1498,149,85,244,369,391,23
1499,149,55,59,421,451,31
1500,150,132,393,0,29,30
1501,150,87,726,59,83,25
1502,150,151,17,113,153,41
1503,150,8,250,183,212,30
1504,150,63,375,242,243,2
1505,150,70,531,273,286,14
1506,150,109,45,316,357,42
1507,150,8,515,387,410,24
1508,150,123,306,440,462,23
1509,150,58,348,492,502,11
1510,151,73,447,0,14,15
1511,151,87,743,44,61,18
1512,151,149,199,91,133,43
1513,151,38,548,163,180,18
1514,151,126,528,210,219,10
1515,151,118,39,249,286,38
1516,151,3,293,316,338,23
1517,151,61,381,368,389,22
1518,151,74,150,419,446,28
1519,151,36,266,476,485,10
1520,152,75,132,0,23,24
1521,152,25,71,53,77,25
1522,152,28,362,107,128,22
1523,152,104,539,158,159,2
1524,152,105,365,189,207,19
1525,152,68,193,237,260,24
1526,152,22,442,290,306,17
1527,152,87,493,336,338,3
1528,152,91,41,368,391,24
1529,152,7,493,421,442,22
1530,153,144,156,0,35,36
1531,153,31,306,65,74,10
1532,153,72,33,104,127,24
1533,153,1,123,157,192,36
1534,153,22,241,222,231,10
1535,153,61,267,261,279,19
1536,153,46,173,309,344,36
1537,153,107,332,374,393,20
1538,153,73,514,423,434,12
1539,153,104,79,464,497,34
1540,154,80,448,0,3,4
1541,154,78,410,33,34,2
1542,154,82,139,64,79,16
1543,154,33,592,109,139,31
1544,154,126,480,169,173,5
1545,154,118,718,203,215,13
1546,154,153,281,245,269,25
1547,154,57,143,299,320,22
1548,154,16,111,350,361,12
1549,154,32,543,391,420,30
1550,155,80,181,0,28,29
1551,155,38,491,58,93,36
1552,155,105,156,123,150,28
1553,155,30,175,180,182,3
1554,155,38,76,212,245,34
1555,155,9,161,275,298,24
1556,155,41,334,328,346,19
1557,155,82,421,376,381,6
1558,155,92,100,411,447,37
1559,155,23,308,477,508,32
1560,156,15,17,0,7,8
1561,156,8,533,37,68,32
1562,156,119,472,98,118,21
1563,156,95,86,148,185,38
1564,156,11,251,215,230,16
1565,156,56,410,260,275,16
1566,156,77,321,305,315,11
1567,156,62,226,345,346,2
1568,156,63,604,376,399,24
1569,156,129,185,429,444,16
1570,157,139,251,0,22,23
1571,157,64,56,52,64,13
1572,157,11,259,94,109,16
1573,157,59,399,139,148,10
1574,157,64,145,178,203,26
1575,157,28,330,233,247,15
1576,157,59,491,277,294,18
1577,157,123,739,324,328,5
1578,157,135,389,358,377,20
1579,157,66,524,407,433,27
1580,158,115,248,0,17,18
1581,158,62,476,47,83,37
1582,158,107,316,113,143,31
1583,158,69,440,173,189,17
1584,158,111,61,219,250,32
1585,158,11,445,280,310,31
1586,158,84,257,340,361,22
1587,158,40,633,391,416,26
1588,158,112,6,446,479,34
1589,158,11,167,509,525,17
1590,159,58,200,0,9,10
1591,159,54,677,39,76,38
1592,159,119,266,106,125,20
1593,159,60,40,155,168,14
1594,159,4,97,198,208,11
1595,159,22,194,238,241,4
1596,159,36,465,271,282,12
1597,159,33,228,312,323,12
1598,159,58,260,353,365,13
1599,159,68,169,395,407,13
1600,160,147,471,0,15,16
1601,160,113,370,45,49,5
1602,160,94,396,79,83,5
1603,160,95,63,113,147,35
1604,160,3,312,177,196,20
1605,160,67,528,226,261,36
1606,160,117,726,291,300,10
1607,160,151,356,330,348,19
1608,160,77,649,378,399,22
1609,160,143,653,429,437,9
1610,161,115,627,0,17,18
1611,161,129,213,47,63,17
1612,161,60,89,93,106,14
1613,161,32,483,136,151,16
1614,161,85,672,181,205,25
1615,161,118,285,235,253,19
1616,161,59,135,283,298,16
1617,161,2,19,328,341,14
1618,161,8,435,371,400,30
1619,161,72,312,430,444,15
1620,162,113,208,0,27,28
1621,162,41,459,57,71,15
1622,162,85,68,101,130,30
1623,162,5,29,160,179,20
1624,162,14,30,209,225,17
1625,162,2,277,255,276,22
1626,162,62,14,306,334,29
1627,162,4,325,364,392,29
1628,162,74,268,422,438,17
1629,162,60,381,468,485,18
1630,163,138,183,0,27,28
1631,163,41,270,57,74,18
1632,163,47,646,104,144,41
1633,163,138,260,174,199,26
1634,163,59,390,229,241,13
1635,163,67,351,271,287,17
1636,163,70,453,317,334,18
1637,163,89,521,364,391,28
1638,163,114,610,421,425,5
1639,163,130,88,455,494,40
1640,164,33,326,0,16,17
1641,164,71,362,46,56,11
1642,164,66,324,86,99,14
1643,164,70,618,129,150,22
1644,164,151,653,180,189,10
1645,164,110,171,219,250,32
1646,164,36,500,280,294,15
1647,164,94,117,324,343,20
1648,164,16,686,373,405,33
1649,164,144,471,435,443,9
1650,165,130,272,0,13,14
1651,165,81,406,43,60,18
1652,165,74,629,90,109,20
1653,165,139,352,139,160,22
1654,165,71,188,190,208,19
1655,165,60,423,238,247,10
1656,165,92,580,277,282,6
1657,165,124,459,312,332,21
1658,165,85,223,362,377,16
1659,165,38,173,407,409,3
1660,166,59,459,0,16,17
1661,166,101,310,46,93,48
1662,166,58,121,123,146,24
1663,166,17,53,176,198,23
1664,166,13,469,228,267,40
1665,166,92,423,297,305,9
1666,166,114,312,335,349,15
1667,166,78,160,379,394,16
1668,166,41,268,424,447,24
1669,166,34,319,477,487,11
1670,167,57,515,0,23,24
1671,167,106,592,53,77,25
1672,167,138,358,107,128,22
1673,167,73,95,158,180,23
1674,167,8,147,210,219,10
1675,167,36,469,249,271,23
1676,167,91,262,301,316,16
1677,167,45,557,346,366,21
1678,167,123,133,396,424,29
1679,167,31,675,454,477,24
1680,168,71,688,0,31,32
1681,168,137,131,61,100,40
1682,168,25,703,130,161,32
1683,168,146,491,191,216,26
1684,168,67,125,246,261,16
1685,168,22,673,291,353,63
1686,168,151,487,383,396,14
1687,168,97,451,426,456,31
1688,168,99,192,486,528,43
1689,168,36,198,558,585,28
1690,169,138,314,0,30,31
1691,169,81,12,60,75,16
1692,169,16,639,105,158,54
1693,169,145,477,188,198,11
1694,169,96,169,228,259,32
1695,169,53,532,289,313,25
1696,169,97,538,343,358,16
1697,169,123,222,388,420,33
1698,169,49,447,450,479,30
1699,169,87,201,509,538,30
1700,170,37,209,0,7,8
1701,170,44,743,37,74,38
1702,170,141,350,104,141,38
1703,170,62,622,171,193,23
1704,170,143,41,223,254,32
1705,170,7,494,284,311,28
1706,170,91,222,341,372,32
1707,170,37,307,402,418,17
1708,170,72,310,448,457,10
1709,170,67,399,487,503,17
1710,171,39,182,0,8,9
1711,171,73,303,38,43,6
1712,171,65,681,73,97,25
1713,171,146,307,127,144,18
1714,171,73,685,174,205,32
1715,171,144,363,235,250,16
1716,171,82,203,280,300,21
1717,171,44,439,330,351,22
1718,171,104,304,381,398,18
1719,171,65,305,428,433,6
1720,172,76,111,0,18,19
1721,172,2,539,48,80,33
1722,172,123,186,110,125,16
1723,172,51,359,155,166,12
1724,172,72,595,196,210,15
1725,172,118,331,240,261,22
1726,172,66,536,291,301,11
1727,172,105,74,331,364,34
1728,172,9,223,394,430,37
1729,172,56,80,460,472,13
1730,173,33,40,0,13,14
1731,173,7,179,43,56,14
1732,173,39,465,86,115,30
1733,173,119,134,145,166,22
1734,173,26,451,196,224,29
1735,173,131,553,254,266,13
1736,173,127,146,296,325,30
1737,173,43,215,355,360,6
1738,173,52,410,390,403,14
1739,173,72,429,433,449,17
1740,174,142,208,0,31,32
1741,174,41,257,61,62,2
1742,174,40,341,92,112,21
1743,174,81,625,142,161,20
1744,174,120,336,191,204,14
1745,174,78,164,234,245,12
1746,174,42,14,275,286,12
1747,174,4,381,316,344,29
1748,174,76,338,374,392,19
1749,174,69,62,422,449,28
1750,175,141,442,0,17,18
1751,175,82,104,47,81,35
1752,175,38,359,111,129,19
1753,175,66,418,159,167,9
1754,175,82,313,197,198,2
1755,175,78,321,228,251,24
1756,175,54,657,281,322,42
1757,175,144,224,352,398,47
1758,175,37,571,428,449,22
1759,175,118,139,479,507,29
1760,176,93,354,0,20,21
1761,176,74,18,50,80,31
1762,176,18,597,110,145,36
1763,176,109,96,175,203,29
1764,176,53,160,233,249,17
1765,176,40,685,279,314,36
1766,176,136,471,344,351,8
1767,176,88,359,381,405,25
1768,176,72,87,435,439,5
1769,176,58,518,469,503,35
1770,177,23,347,0,11,12
1771,177,62,736,41,63,23
1772,177,98,6,93,119,27
1773,177,20,493,149,180,32
1774,177,123,75,210,235,26
1775,177,18,574,265,305,41
1776,177,128,251,335,351,17
1777,177,74,171,381,408,28
1778,177,48,192,438,451,14
1779,177,17,160,481,494,14
1780,178,2,355,0,15,16
1781,178,73,70,45,63,19
1782,178,16,259,93,104,12
1783,178,50,416,134,147,14
1784,178,105,306,177,197,21
1785,178,73,190,227,249,23
1786,178,46,623,279,308,30
1787,178,143,38,338,385,48
1788,178,7,677,415,443,29
1789,178,146,521,473,499,27
1790,179,61,412,0,18,19
1791,179,86,230,48,57,10
1792,179,58,297,87,110,24
1793,179,48,706,140,181,42
1794,179,154,367,211,227,17
1795,179,80,257,257,277,21
1796,179,39,353,307,317,11
1797,179,71,376,347,349,3
1798,179,70,40,379,404,26
1799,179,7,629,434,457,24
1800,180,95,410,0,21,22
1801,180,77,546,51,68,18
1802,180,115,390,98,123,26
1803,180,82,540,153,165,13
1804,180,113,674,195,218,24
1805,180,151,697,248,248,1
1806,180,151,37,278,310,33
1807,180,3,411,340,359,20
1808,180,86,377,389,399,11
1809,180,89,120,429,460,32
1810,181,67,483,0,19,20
1811,181,102,480,49,59,11
1812,181,90,213,89,105,17
1813,181,59,263,135,140,6
1814,181,58,281,170,177,8
1815,181,57,319,207,227,21
1816,181,43,63,257,266,10
1817,181,33,360,296,306,11
1818,181,73,125,336,358,23
1819,181,22,63,388,397,10
1820,182,99,262,0,29,30
1821,182,45,15,59,71,13
1822,182,5,484,101,129,29
1823,182,97,625,159,166,8
1824,182,128,310,196,211,16
1825,182,50,230,241,255,15
1826,182,39,580,285,311,27
1827,182,134,141,341,367,27
1828,182,34,44,397,405,9
1829,182,8,579,435,468,34
1830,183,121,544,0,16,17
1831,183,141,571,46,69,24
1832,183,118,314,99,130,32
1833,183,68,384,160,173,14
1834,183,77,734,203,227,25
1835,183,154,202,257,289,33
1836,183,70,21,319,353,35
1837,183,12,704,383,430,48
1838,183,147,501,460,481,22
1839,183,115,5,511,547,37
1840,184,49,291,0,21,22
1841,184,60,680,51,71,21
1842,184,134,549,101,124,24
1843,184,118,41,154,188,35
1844,184,4,92,218,234,17
1845,184,33,410,264,270,7
1846,184,39,513,300,322,23
1847,184,91,56,352,383,32
1848,184,14,117,413,431,19
1849,184,27,297,461,475,15
1850,185,121,189,0,26,27
1851,185,21,179,56,71,16
1852,185,39,91,101,108,8
1853,185,27,107,138,150,13
1854,185,14,207,180,191,12
1855,185,41,577,221,239,19
1856,185,128,554,269,272,4
1857,185,121,480,302,316,15
1858,185,76,54,346,366,21
1859,185,10,635,396,443,48
1860,186,100,488,0,11,12
1861,186,104,430,41,54,14
1862,186,90,439,84,98,15
1863,186,97,608,128,149,22
1864,186,137,377,179,208,30
1865,186,74,396,238,254,17
1866,186,80,247,284,312,29
1867,186,54,151,342,350,9
1868,186,23,510,380,406,27
1869,186,97,441,436,442,7
1870,187,43,221,0,28,29
1871,187,37,596,58,75,18
1872,187,116,369,105,132,28
1873,187,81,584,162,172,11
1874,187,124,697,202,229,28
1875,187,132,556,259,271,13
1876,187,122,191,301,325,25
1877,187,35,114,355,375,21
1878,187,15,361,405,417,13
1879,187,59,743,447,474,28
1880,188,153,478,0,12,13
1881,188,96,44,42,78,37
1882,188,8,110,108,126,19
1883,188,26,558,156,196,41
1884,188,130,125,226,248,23
1885,188,12,128,278,312,35
1886,188,29,414,342,360,19
1887,188,73,499,390,410,21
1888,188,124,344,440,447,8
1889,188,81,394,477,479,3
1890,189,141,474,0,39,40
1891,189,131,36,69,112,44
1892,189,16,739,142,168,27
1893,189,154,389,198,210,13
1894,189,111,305,240,256,17
1895,189,74,75,286,320,35
1896,189,18,82,350,372,23
1897,189,25,254,402,411,10
1898,189,65,425,441,458,18
1899,189,99,333,488,516,29
1900,190,18,5,0,21,22
1901,190,20,259,51,73,23
1902,190,41,377,103,117,15
1903,190,70,287,147,173,27
1904,190,42,148,203,217,15
1905,190,22,178,247,266,20
1906,190,26,734,296,362,67
1907,190,139,431,392,412,21
1908,190,90,439,442,450,9
1909,190,97,275,480,503,24
1910,191,113,405,0,33,34
1911,191,76,560,63,91,29
1912,191,137,371,121,129,9
1913,191,94,566,159,205,47
1914,191,107,144,235,272,38
1915,191,16,166,302,310,9
1916,191,28,200,340,361,22
1917,191,38,599,391,428,38
1918,191,118,189,458,484,27
1919,191,52,577,514,537,24
1920,192,70,31,0,18,19
1921,192,20,241,48,75,28
1922,192,43,423,105,121,17
1923,192,95,312,151,166,16
1924,192,67,640,196,232,37
1925,192,142,483,262,278,17
1926,192,109,139,308,331,24
1927,192,33,291,361,371,11
1928,192,60,153,401,425,25
1929,192,29,521,455,498,44
1930,193,50,545,0,28,29
1931,193,115,598,58,67,10
1932,193,101,434,97,102,6
1933,193,76,422,132,152,21
1934,193,94,655,182,195,14
1935,193,133,487,225,229,5
1936,193,128,484,259,274,16
1937,193,102,359,304,307,4
1938,193,85,263,337,352,16
1939,193,50,716,382,417,36
1940,194,103,220,0,25,26
1941,194,53,306,55,74,20
1942,194,72,594,104,120,17
1943,194,132,698,150,161,12
1944,194,143,565,191,206,16
1945,194,107,156,236,259,24
1946,194,26,354,289,299,11
1947,194,74,398,329,347,19
1948,194,115,327,377,390,14
1949,194,85,54,420,432,13
1950,195,113,416,0,16,17
1951,195,91,526,46,71,26
1952,195,63,487,101,121,21
1953,195,104,391,151,159,9
1954,195,78,606,189,201,13
1955,195,135,383,231,252,22
1956,195,85,436,282,286,5
1957,195,74,552,316,323,8
1958,195,102,218,353,378,26
1959,195,55,220,408,412,5
1960,196,136,53,0,33,34
1961,196,44,553,63,82,20
1962,196,119,653,112,116,5
1963,196,128,131,146,176,31
1964,196,14,61,206,216,11
1965,196,3,429,246,272,27
1966,196,90,11,302,323,22
1967,196,32,510,353,370,18
1968,196,120,561,400,420,21
1969,196,125,304,450,471,22
1970,197,126,445,0,23,24
1971,197,92,338,53,56,4
1972,197,80,600,86,102,17
1973,197,120,246,132,157,26
1974,197,54,630,187,238,52
1975,197,133,145,268,292,25
1976,197,28,179,322,373,52
1977,197,31,607,403,440,38
1978,197,133,397,470,483,14
1979,197,88,575,513,529,17
1980,198,129,663,0,11,12
1981,198,144,246,41,83,43
1982,198,49,400,113,116,4
1983,198,56,418,146,177,32
1984,198,88,659,207,218,12
1985,198,148,570,248,268,21
1986,198,132,447,298,320,23
1987,198,92,152,350,382,33
1988,198,38,30,412,434,23
1989,198,11,264,464,485,22
1990,199,33,309,0,9,10
1991,199,59,476,39,65,27
1992,199,115,148,95,139,45
1993,199,36,548,169,205,37
1994,199,117,387,235,246,12
1995,199,77,292,276,290,15
1996,199,51,148,320,331,12
1997,199,36,387,361,378,18
1998,199,59,83,408,423,16
1999,199,11,726,453,487,35
2000,200,121,700,0,12,13
2001,200,146,313,42,59,18
2002,200,92,42,89,109,21
2003,200,5,467,139,154,16
2004,200,79,166,184,204,21
2005,200,42,371,234,249,16
2006,200,81,429,279,302,24
2007,200,62,511,332,342,11
2008,200,85,276,372,386,15
2009,200,54,242,416,441,26
2010,201,74,83,0,17,18
2011,201,11,508,47,68,22
2012,201,103,319,98,135,38
2013,201,95,338,165,178,14
2014,201,75,312,208,211,4
2015,201,67,309,241,247,7
2016,201,59,201,277,292,16
2017,201,38,87,322,336,15
2018,201,2,620,366,394,29
2019,201,132,226,424,441,18
2020,202,134,594,0,15,16
2021,202,132,623,45,58,14
2022,202,127,210,88,106,19
2023,202,41,703,136,169,34
2024,202,146,391,199,214,16
2025,202,82,113,244,259,16
2026,202,27,396,289,315,27
2027,202,95,463,345,366,22
2028,202,77,487,396,409,14
2029,202,128,322,439,466,28
2030,203,68,546,0,30,31
2031,203,115,406,60,76,17
2032,203,74,611,106,136,31
2033,203,130,281,166,198,33
2034,203,58,558,228,250,23
2035,203,123,292,280,292,13
2036,203,69,155,322,349,28
2037,203,25,725,379,406,28
2038,203,151,118,436,472,37
2039,203,16,261,502,513,12
2040,204,103,113,0,17,18
2041,204,32,493,47,69,23
2042,204,92,284,99,114,16
2043,204,73,343,144,158,15
2044,204,80,382,188,206,19
2045,204,85,74,236,270,35
2046,204,18,417,300,320,21
2047,204,82,416,350,350,1
2048,204,82,626,380,418,39
2049,204,128,404,448,463,16
2050,205,40,47,0,17,18
2051,205,22,264,47,57,11
2052,205,52,418,87,100,14
2053,205,75,330,130,139,10
2054,205,73,421,169,186,18
2055,205,88,587,216,224,9
2056,205,125,704,254,267,14
2057,205,147,150,297,332,36
2058,205,36,722,362,410,49
2059,205,138,657,440,461,22
2060,206,67,141,0,16,17
2061,206,15,711,46,82,37
2062,206,144,722,112,138,27
2063,206,153,304,168,193,26
2064,206,58,667,223,247,25
2065,206,142,478,277,301,25
2066,206,89,364,331,359,29
2067,206,75,69,389,413,25
2068,206,5,605,443,470,28
2069,206,133,261,500,517,18
2070,207,26,612,0,28,29
2071,207,131,683,58,78,21
2072,207,122,410,108,117,10
2073,207,86,258,147,159,13
2074,207,41,178,189,203,15
2075,207,20,456,233,250,18
2076,207,89,279,280,286,7
2077,207,76,512,316,334,19
2078,207,98,521,364,375,12
2079,207,113,288,405,426,22
2080,208,8,171,0,15,16
2081,208,18,39,45,62,18
2082,208,3,232,92,102,11
2083,208,31,503,132,149,18
2084,208,89,676,179,200,22
2085,208,143,230,230,268,39
2086,208,39,304,298,303,6
2087,208,58,190,333,354,22
2088,208,28,331,384,398,15
2089,208,59,310,428,430,3
2090,209,72,288,0,9,10
2091,209,67,417,39,43,5
2092,209,79,262,73,87,15
2093,209,50,374,117,154,38
2094,209,89,344,184,222,39
2095,209,53,360,252,269,18
2096,209,73,345,299,320,22
2097,209,95,723,350,398,49
2098,209,151,672,428,428,1
2099,209,151,61,458,494,37
2100,210,59,733,0,19,20
2101,210,147,367,49,67,19
2102,210,80,632,97,107,11
2103,210,135,331,137,158,22
2104,210,59,295,188,201,14
2105,210,53,672,231,274,44
2106,210,118,722,304,316,13
2107,210,153,270,346,395,50
2108,210,43,708,425,456,32
2109,210,148,162,486,518,33
2110,211,60,40,0,14,15
2111,211,7,359,44,65,22
2112,211,73,509,95,111,17
2113,211,103,246,141,162,22
2114,211,49,499,192,221,30
2115,211,91,642,251,286,36
2116,211,132,511,316,330,15
2117,211,104,325,360,380,21
2118,211,70,478,410,416,7
2119,211,89,90,446,470,25
2120,212,101,327,0,5,6
2121,212,76,418,35,48,14
2122,212,82,416,78,79,2
2123,212,78,241,109,123,15
2124,212,46,294,153,157,5
2125,212,61,699,187,225,39
2126,212,150,351,255,275,21
2127,212,71,264,305,322,18
2128,212,51,411,352,372,21
2129,212,72,187,402,418,17
2130,213,20,341,0,41,42
2131,213,53,495,71,80,10
2132,213,84,668,110,142,33
2133,213,150,698,172,179,8
2134,213,151,550,209,218,10
2135,213,102,95,248,277,30
2136,213,16,538,307,342,36
2137,213,105,581,372,381,10
2138,213,123,367,411,422,12
2139,213,91,240,452,467,16
2140,214,32,345,0,19,20
2141,214,80,437,49,62,14
2142,214,86,731,92,102,11
2143,214,143,437,132,138,7
2144,214,120,59,168,186,19
2145,214,39,8,216,225,10
2146,214,3,653,255,286,32
2147,214,147,647,316,331,16
2148,214,150,305,361,382,22
2149,214,74,672,412,435,24
2150,215,51,329,0,11,12
2151,215,58,488,41,57,17
2152,215,98,154,87,113,27
2153,215,38,672,143,161,19
2154,215,108,606,191,217,27
2155,215,136,696,247,274,28
2156,215,138,442,304,329,26
2157,215,82,140,359,374,16
2158,215,15,465,404,434,31
2159,215,104,184,464,492,29
2160,216,143,405,0,12,13
2161,216,85,315,42,63,22
2162,216,55,63,93,106,14
2163,216,4,622,136,160,25
2164,216,77,535,190,202,13
2165,216,98,609,232,242,11
2166,216,113,586,272,278,7
2167,216,124,418,308,318,11
2168,216,79,586,348,363,16
2169,216,144,182,393,435,43
2170,217,139,72,0,27,28
2171,217,16,562,57,93,37
2172,217,136,549,123,151,29
2173,217,117,101,181,205,25
2174,217,13,22,235,266,32
2175,217,12,425,296,342,47
2176,217,99,113,372,407,36
2177,217,15,141,437,447,11
2178,217,34,209,477,486,10
2179,217,41,692,516,550,35
2180,218,16,339,0,11,12
2181,218,61,338,41,46,6
2182,218,80,436,76,80,5
2183,218,93,561,110,122,13
2184,218,93,414,152,160,9
2185,218,79,396,190,194,5
2186,218,87,738,224,237,14
2187,218,149,368,267,285,19
2188,218,80,445,315,320,6
2189,218,82,371,350,357,8
2190,219,111,540,0,6,7
2191,219,112,561,36,44,9
2192,219,144,261,74,99,26
2193,219,66,552,129,153,25
2194,219,118,14,183,220,38
2195,219,5,335,250,263,14
2196,219,67,444,293,297,5
2197,219,79,177,327,353,27
2198,219,30,628,383,414,32
2199,219,133,149,444,476,33
2200,220,139,393,0,19,20
2201,220,80,179,49,73,25
2202,220,26,305,103,110,8
2203,220,58,183,140,151,12
2204,220,33,44,181,193,13
2205,220,8,226,223,268,46
2206,220,44,627,298,324,27
2207,220,133,569,354,378,25
2208,220,102,548,408,412,5
2209,220,117,186,442,480,39
2210,221,113,358,0,26,27
2211,221,86,284,56,69,14
2212,221,58,538,99,122,24
2213,221,91,592,152,162,11
2214,221,129,218,192,209,18
2215,221,69,652,239,269,31
2216,221,146,449,299,321,23
2217,221,95,566,351,383,33
2218,221,138,242,413,455,43
2219,221,55,38,485,508,24
2220,222,32,451,0,27,28
2221,222,99,597,57,75,19
2222,222,128,194,105,134,30
2223,222,48,670,164,212,49
2224,222,145,492,242,274,33
2225,222,82,278,304,326,23
2226,222,63,63,356,382,27
2227,222,27,219,412,420,9
2228,222,35,258,450,461,12
2229,222,41,308,491,497,7
2230,223,34,557,0,17,18
2231,223,123,220,47,91,45
2232,223,48,506,121,158,38
2233,223,100,488,188,210,23
2234,223,104,162,240,258,19
2235,223,27,571,288,313,26
2236,223,118,713,343,368,26
2237,223,144,675,398,408,11
2238,223,146,214,438,461,24
2239,223,51,556,491,510,20
2240,224,76,679,0,20,21
2241,224,152,507,50,64,15
2242,224,109,287,94,113,20
2243,224,67,647,143,184,42
2244,224,143,346,214,231,18
2245,224,74,203,261,267,7
2246,224,44,81,297,306,10
2247,224,14,483,336,356,21
2248,224,102,505,386,395,10
2249,224,96,448,425,446,22
2250,225,4,504,0,34,35
2251,225,96,732,64,84,21
2252,225,147,528,114,137,24
2253,225,116,207,167,189,23
2254,225,39,604,219,241,23
2255,225,129,13,271,297,27
2256,225,7,510,327,352,26
2257,225,97,569,382,403,22
2258,225,132,13,433,470,38
2259,225,7,467,500,522,23
2260,226,110,308,0,10,11
2261,226,73,329,40,41,2
2262,226,72,323,71,79,9
2263,226,63,535,109,133,25
2264,226,122,183,163,184,22
2265,226,42,602,214,232,19
2266,226,128,373,262,278,17
2267,226,84,97,308,322,15
2268,226,22,332,352,374,23
2269,226,73,736,404,428,25
2270,227,4,443,0,15,16
2271,227,78,199,45,65,21
2272,227,62,290,95,122,28
2273,227,60,323,152,163,12
2274,227,72,410,193,199,7
2275,227,76,300,229,260,32
2276,227,54,285,290,304,15
2277,227,59,546,334,359,26
2278,227,115,488,389,407,19
2279,227,104,519,437,455,19
2280,228,40,215,0,12,13
2281,228,46,263,42,58,17
2282,228,45,552,88,108,21
2283,228,102,323,138,156,19
2284,228,56,405,186,195,10
2285,228,89,379,225,230,6
2286,228,70,79,260,273,14
2287,228,13,238,303,331,29
2288,228,52,501,361,394,34
2289,228,115,427,424,427,4
2290,229,111,383,0,8,9
2291,229,97,411,38,42,5
2292,229,86,488,72,84,13
2293,229,104,511,114,115,2
2294,229,111,100,145,181,37
2295,229,0,323,211,226,16
2296,229,63,628,256,281,26
2297,229,133,708,311,319,9
2298,229,154,390,349,364,16
2299,229,78,1,394,425,32
2300,230,103,572,0,5,6
2301,230,108,183,35,54,20
2302,230,41,504,84,115,32
2303,230,89,651,145,160,16
2304,230,128,285,190,207,18
2305,230,58,52,237,259,23
2306,230,10,409,289,311,23
2307,230,77,489,341,353,13
2308,230,105,511,383,388,6
2309,230,121,162,418,436,19
2310,231,68,632,0,14,15
2311,231,135,464,44,61,18
2312,231,86,103,91,117,27
2313,231,10,662,147,196,50
2314,231,130,197,226,267,42
2315,231,38,661,297,339,43
2316,231,149,310,369,390,22
2317,231,67,617,420,445,26
2318,231,132,92,475,499,25
2319,231,50,470,529,540,12
2320,232,79,565,0,30,31
2321,232,131,635,60,89,30
2322,232,149,97,119,142,24
2323,232,22,26,172,199,28
2324,232,1,215,229,259,31
2325,232,46,275,289,314,26
2326,232,49,231,344,354,11
2327,232,58,265,384,395,12
2328,232,60,630,425,440,16
2329,232,134,386,470,489,20
2330,233,153,728,0,12,13
2331,233,143,324,42,60,19
2332,233,71,270,90,117,28
2333,233,55,433,147,164,18
2334,233,77,179,194,204,11
2335,233,44,734,234,262,29
2336,233,147,676,292,298,7
2337,233,143,581,328,341,14
2338,233,123,58,371,403,33
2339,233,11,421,433,472,40
2340,234,132,278,0,18,19
2341,234,56,361,48,62,15
2342,234,66,512,92,101,10
2343,234,104,226,131,148,18
2344,234,71,297,178,229,52
2345,234,48,312,259,272,14
2346,234,67,387,302,305,4
2347,234,78,233,335,352,18
2348,234,40,330,382,388,7
2349,234,72,573,418,428,11
2350,235,67,485,0,18,19
2351,235,97,437,48,53,6
2352,235,85,692,83,102,20
2353,235,153,477,132,141,10
2354,235,107,229,171,194,24
2355,235,39,699,224,246,23
2356,235,151,288,276,302,27
2357,235,67,536,332,346,15
2358,235,105,66,376,411,36
2359,235,15,20,441,462,22
2360,236,18,627,0,31,32
2361,236,121,449,61,74,14
2362,236,87,269,104,112,9
2363,236,55,258,142,156,15
2364,236,72,415,186,206,21
2365,236,78,285,236,247,12
2366,236,50,338,277,284,8
2367,236,67,597,314,331,18
2368,236,119,433,361,368,8
2369,236,101,47,398,432,35
2370,237,39,287,0,19,20
2371,237,65,174,49,66,18
2372,237,13,44,96,119,24
2373,237,8,165,149,162,14
2374,237,45,385,192,202,11
2375,237,72,625,232,250,19
2376,237,139,271,280,310,31
2377,237,53,278,340,368,29
2378,237,63,262,398,414,17
2379,237,45,621,444,464,21
2380,238,46,303,0,21,22
2381,238,64,531,51,67,17
2382,238,119,279,97,122,26
2383,238,71,473,152,181,30
2384,238,95,349,211,240,30
2385,238,70,678,270,296,27
2386,238,146,182,326,349,24
2387,238,41,298,379,392,14
2388,238,49,246,422,424,3
2389,238,54,499,454,496,43
2390,239,118,418,0,29,30
2391,239,78,294,59,71,13
2392,239,53,162,101,116,16
2393,239,41,516,146,176,31
2394,239,154,82,206,253,48
2395,239,23,84,283,292,10
2396,239,20,508,322,339,18
2397,239,102,552,369,386,18
2398,239,118,620,416,424,9
2399,239,127,479,454,471,18
2400,240,41,337,0,18,19
2401,240,68,326,48,60,13
2402,240,65,605,90,113,24
2403,240,134,204,143,166,24
2404,240,65,243,196,218,23
2405,240,47,247,248,267,20
2406,240,31,363,297,318,22
2407,240,104,418,348,356,9
2408,240,78,648,386,405,20
2409,240,143,417,435,448,14
2410,241,94,232,0,24,25
2411,241,40,656,54,100,47
2412,241,129,441,130,132,3
2413,241,111,344,162,177,16
2414,241,69,532,207,227,21
2415,241,119,238,257,278,22
2416,241,52,483,308,327,20
2417,241,97,653,357,370,14
2418,241,146,90,400,426,27
2419,241,15,397,456,473,18
2420,242,48,683,0,29,30
2421,242,154,568,59,81,23
2422,242,126,240,111,142,32
2423,242,55,8,172,194,23
2424,242,2,404,224,254,31
2425,242,108,7,284,308,25
2426,242,2,508,338,366,29
2427,242,102,242,396,420,25
2428,242,61,401,450,471,22
2429,242,62,574,501,517,17
2430,243,40,322,0,13,14
2431,243,62,455,43,45,3
2432,243,70,107,75,87,13
2433,243,20,575,117,140,24
2434,243,119,411,170,175,6
2435,243,86,149,205,231,27
2436,243,22,242,261,268,8
2437,243,43,30,298,318,21
2438,243,11,477,348,368,21
2439,243,89,603,398,417,20
2440,244,27,106,0,10,11
2441,244,20,685,40,82,43
2442,244,148,240,112,129,18
2443,244,55,246,159,180,22
2444,244,54,522,210,261,52
2445,244,95,155,291,327,37
2446,244,30,412,357,390,34
2447,244,78,331,420,433,14
2448,244,59,216,463,474,12
2449,244,46,285,504,520,17
2450,245,14,356,0,17,18
2451,245,77,225,47,56,10
2452,245,63,77,86,99,14
2453,245,10,326,129,146,18
2454,245,58,621,176,193,18
2455,245,143,3,223,252,30
2456,245,14,400,282,304,23
2457,245,89,81,334,361,28
2458,245,13,443,391,423,33
2459,245,78,527,453,476,24
2460,246,95,411,0,21,22
2461,246,85,559,51,77,27
2462,246,125,710,107,120,14
2463,246,154,710,150,172,23
2464,246,154,305,202,227,26
2465,246,72,412,257,262,6
2466,246,86,551,292,299,8
2467,246,109,571,329,333,5
2468,246,118,174,363,383,21
2469,246,38,10,413,429,17
2470,247,44,460,0,6,7
2471,247,74,265,36,42,7
2472,247,73,17,72,97,26
2473,247,5,41,127,128,2
2474,247,4,500,158,185,28
2475,247,95,622,215,240,26
2476,247,143,367,270,293,24
2477,247,81,55,323,357,35
2478,247,11,69,387,400,14
2479,247,4,338,430,443,14
2480,248,45,98,0,13,14
2481,248,22,729,43,76,34
2482,248,146,14,106,139,34
2483,248,5,139,169,183,15
2484,248,27,211,213,222,10
2485,248,42,335,252,263,12
2486,248,78,144,293,303,11
2487,248,34,129,333,349,17
2488,248,30,198,379,389,11
2489,248,49,435,419,434,16
2490,249,146,366,0,18,19
2491,249,75,533,48,62,15
2492,249,121,464,92,92,1
2493,249,121,396,122,137,16
2494,249,84,151,167,202,36
2495,249,23,154,232,239,8
2496,249,30,688,269,313,45
2497,249,149,287,343,371,29
2498,249,72,674,401,425,25
2499,249,119,246,455,478,24
2500,250,102,645,0,1,2
2501,250,101,540,31,46,16
2502,250,123,588,76,89,14
2503,250,136,117,119,147,29
2504,250,4,585,177,213,37
2505,250,124,440,243,252,10
2506,250,104,5,282,315,34
2507,250,10,496,345,383,39
2508,250,93,533,413,430,18
2509,250,109,327,460,463,4
2510,251,70,358,0,10,11
2511,251,77,325,40,49,10
2512,251,70,743,79,118,40
2513,251,149,648,148,179,32
2514,251,151,220,209,242,34
2515,251,46,286,272,280,9
2516,251,50,125,310,325,16
2517,251,22,448,355,378,24
2518,251,88,205,408,433,26
2519,251,44,632,463,502,40
2520,252,104,136,0,21,22
2521,252,31,312,51,71,21
2522,252,79,109,101,121,21
2523,252,31,501,151,176,26
2524,252,99,732,206,229,24
2525,252,146,545,259,282,24
2526,252,99,174,312,327,16
2527,252,23,270,357,387,31
2528,252,61,261,417,426,10
2529,252,66,631,456,478,23
2530,253,52,74,0,17,18
2531,253,18,386,47,71,25
2532,253,73,288,101,108,8
2533,253,50,561,138,148,11
2534,253,69,632,178,191,14
2535,253,135,496,221,235,15
2536,253,88,238,265,286,22
2537,253,52,701,316,351,36
2538,253,152,612,381,400,20
2539,253,131,437,430,445,16
2540,254,144,470,0,11,12
2541,254,91,483,41,55,15
2542,254,85,432,85,99,15
2543,254,101,382,129,134,6
2544,254,76,677,164,204,41
2545,254,151,667,234,242,9
2546,254,145,680,272,289,18
2547,254,146,596,319,332,14
2548,254,127,390,362,379,18
2549,254,78,528,409,429,21
2550,255,17,335,0,13,14
2551,255,67,466,43,58,16
2552,255,129,113,88,117,30
2553,255,32,288,147,154,8
2554,255,59,490,184,195,12
2555,255,98,551,225,232,8
2556,255,120,66,262,285,24
2557,255,15,505,315,343,29
2558,255,89,356,373,386,14
2559,255,73,663,416,444,29
2560,256,45,465,0,14,15
2561,256,98,403,44,57,14
2562,256,90,455,87,88,2
2563,256,89,177,118,130,13
2564,256,38,671,160,180,21
2565,256,132,187,210,241,32
2566,256,52,389,271,279,9
2567,256,78,356,309,318,10
2568,256,77,302,348,358,11
2569,256,63,157,388,399,12
2570,257,103,215,0,23,24
2571,257,34,681,53,77,25
2572,257,154,730,107,113,7
2573,257,147,723,143,159,17
2574,257,153,116,189,225,37
2575,257,42,360,255,264,10
2576,257,59,83,294,312,19
2577,257,14,304,342,354,13
2578,257,65,308,384,391,8
2579,257,66,44,421,437,17
2580,258,4,166,0,19,20
2581,258,27,729,49,91,43
2582,258,152,336,121,141,21
2583,258,75,739,171,186,16
2584,258,154,414,216,246,31
2585,258,77,38,276,314,39
2586,258,16,577,344,372,29
2587,258,121,533,402,403,2
2588,258,120,206,433,451,19
2589,258,39,414,481,499,19
2590,259,90,565,0,6,7
2591,259,126,433,36,42,7
2592,259,101,74,72,106,35
2593,259,22,433,136,166,31
2594,259,85,675,196,212,17
2595,259,151,705,242,249,8
2596,259,146,131,279,313,35
2597,259,14,353,343,354,12
2598,259,64,654,384,409,26
2599,259,147,663,439,452,14
2600,260,71,649,0,18,19
2601,260,143,276,48,72,25
2602,260,56,331,102,108,7
2603,260,71,647,138,160,23
2604,260,143,405,190,205,16
2605,260,76,507,235,251,17
2606,260,108,136,281,305,25
2607,260,27,274,335,360,26
2608,260,56,620,390,406,17
2609,260,118,441,436,454,19
2610,261,55,232,0,13,14
2611,261,73,171,43,67,25
2612,261,18,368,97,108,12
2613,261,61,267,138,140,3
2614,261,69,441,170,192,23
2615,261,68,661,222,241,20
2616,261,144,305,271,301,31
2617,261,65,191,331,360,30
2618,261,28,519,390,403,14
2619,261,88,328,433,461,29
2620,262,79,407,0,17,18
2621,262,76,462,47,56,10
2622,262,103,243,86,124,39
2623,262,53,299,154,179,26
2624,262,62,136,209,224,16
2625,262,32,649,254,275,22
2626,262,143,535,305,316,12
2627,262,111,503,346,356,11
2628,262,101,480,386,391,6
2629,262,89,691,421,450,30
2630,263,34,680,0,29,30
2631,263,133,735,59,67,9
2632,263,154,572,97,116,20
2633,263,132,625,146,155,10
2634,263,120,599,185,187,3
2635,263,128,195,217,260,44
2636,263,47,519,290,306,17
2637,263,137,656,336,349,14
2638,263,148,256,379,410,32
2639,263,40,432,440,453,14
2640,264,116,439,0,11,12
2641,264,97,514,41,49,9
2642,264,105,308,79,91,13
2643,264,59,498,121,136,16
2644,264,88,347,166,204,39
2645,264,6,285,234,250,17
2646,264,40,12,280,288,9
2647,264,3,31,318,328,11
2648,264,39,410,358,365,8
2649,264,65,125,395,420,26
2650,265,62,346,0,19,20
2651,265,37,601,49,83,35
2652,265,146,489,113,122,10
2653,265,104,548,152,166,15
2654,265,89,114,196,209,14
2655,265,73,418,239,248,10
2656,265,75,694,278,309,32
2657,265,150,351,339,342,4
2658,265,138,224,372,401,30
2659,265,38,655,431,464,34
2660,266,72,331,0,26,27
2661,266,50,734,56,79,24
2662,266,133,374,109,133,25
2663,266,70,379,163,163,1
2664,266,70,514,193,210,18
2665,266,78,432,240,262,23
2666,266,90,112,292,334,43
2667,266,33,459,364,386,23
2668,266,90,381,416,424,9
2669,266,77,327,454,458,5
2670,267,96,321,0,12,13
2671,267,54,721,42,63,22
2672,267,153,84,93,128,36
2673,267,11,737,158,205,48
2674,267,154,85,235,265,31
2675,267,41,640,295,330,36
2676,267,138,409,360,383,24
2677,267,77,2,413,437,25
2678,267,0,538,467,510,44
2679,267,134,464,540,544,5
2680,268,3,476,0,34,35
2681,268,99,492,64,90,27
2682,268,79,534,120,133,14
2683,268,121,646,163,180,18
2684,268,152,422,210,234,25
2685,268,95,311,264,276,13
2686,268,78,110,306,323,18
2687,268,39,407,353,365,13
2688,268,85,55,395,418,24
2689,268,10,430,448,470,23
2690,269,12,213,0,14,15
2691,269,52,70,44,61,18
2692,269,21,40,91,120,30
2693,269,3,519,150,181,32
2694,269,112,388,211,229,19
2695,269,73,344,259,270,12
2696,269,69,250,300,325,26
2697,269,54,22,355,387,33
2698,269,18,164,417,423,7
2699,269,28,188,453,453,1
2700,270,108,118,0,24,25
2701,270,27,652,54,74,21
2702,270,139,97,104,132,29
2703,270,21,451,162,205,44
2704,270,107,162,235,260,26
2705,270,41,650,290,325,36
2706,270,152,312,355,384,30
2707,270,67,666,414,452,39
2708,270,150,378,482,498,17
2709,270,85,729,528,546,19
2710,271,87,390,0,5,6
2711,271,75,309,35,44,10
2712,271,59,495,74,96,23
2713,271,112,460,126,147,22
2714,271,72,212,177,186,10
2715,271,67,301,216,237,22
2716,271,62,374,267,268,2
2717,271,63,489,298,324,27
2718,271,111,84,354,375,22
2719,271,39,323,405,417,13
2720,272,136,469,0,9,10
2721,272,81,325,39,66,28
2722,272,70,689,96,132,37
2723,272,141,495,162,172,11
2724,272,94,417,202,205,4
2725,272,91,386,235,258,24
2726,272,72,101,288,311,24
2727,272,6,686,341,396,56
2728,272,148,509,426,453,28
2729,272,76,500,483,507,25
2730,273,55,326,0,14,15
2731,273,58,391,44,62,19
2732,273,78,185,92,115,24
2733,273,42,390,145,146,2
2734,273,45,480,176,200,25
2735,273,117,443,230,255,26
2736,273,79,68,285,289,5
2737,273,67,264,319,326,8
2738,273,50,502,356,384,29
2739,273,138,105,414,435,22
2740,274,78,420,0,5,6
2741,274,84,447,35,36,2
2742,274,83,50,66,101,36
2743,274,10,519,131,174,44
2744,274,95,262,204,226,23
2745,274,45,606,256,275,20
2746,274,134,352,305,326,22
2747,274,89,466,356,371,16
2748,274,105,233,401,425,25
2749,274,59,468,455,476,22
2750,275,96,407,0,10,11
2751,275,85,340,40,61,22
2752,275,55,567,91,125,35
2753,275,115,518,155,184,30
2754,275,123,259,214,240,27
2755,275,40,0,270,287,18
2756,275,0,429,317,331,15
2757,275,62,160,361,376,16
2758,275,32,439,406,418,13
2759,275,86,156,448,467,20
2760,276,85,355,0,4,5
2761,276,74,603,34,56,23
2762,276,128,656,86,115,30
2763,276,139,507,145,158,14
2764,276,101,692,188,198,11
2765,276,151,79,228,267,40
2766,276,37,32,297,306,10
2767,276,20,103,336,339,4
2768,276,14,554,369,397,29
2769,276,121,644,427,437,11
2770,277,138,407,0,13,14
2771,277,85,325,43,51,9
2772,277,70,369,81,98,18
2773,277,75,206,128,147,20
2774,277,31,211,177,192,16
2775,277,27,339,222,236,15
2776,277,61,655,266,285,20
2777,277,129,728,315,327,13
2778,277,151,21,357,403,47
2779,277,9,183,433,456,24
2780,278,133,394,0,14,15
2781,278,80,310,44,58,15
2782,278,50,385,88,95,8
2783,278,73,156,125,172,48
2784,278,25,13,202,217,16
2785,278,7,145,247,257,11
2786,278,35,40,287,297,11
2787,278,7,594,327,361,35
2788,278,132,118,391,423,33
2789,278,15,690,453,496,44
2790,279,144,407,0,30,31
2791,279,76,95,60,95,36
2792,279,17,239,125,130,6
2793,279,46,430,160,188,29
2794,279,89,155,218,235,18
2795,279,44,194,265,286,22
2796,279,48,485,316,344,29
2797,279,121,578,374,377,4
2798,279,129,285,407,421,15
2799,279,59,542,451,469,19
2800,280,76,101,0,20,21
2801,280,24,606,50,90,41
2802,280,135,650,120,138,19
2803,280,143,260,168,187,20
2804,280,59,121,217,235,19
2805,280,28,234,265,276,12
2806,280,50,216,306,325,20
2807,280,55,102,355,385,31
2808,280,10,352,415,434,20
2809,280,70,459,464,478,15
2810,281,7,346,0,25,26
2811,281,56,678,55,85,31
2812,281,146,346,115,140,26
2813,281,70,492,170,192,23
2814,281,91,370,222,227,6
2815,281,81,583,257,264,8
2816,281,124,485,294,311,18
2817,281,103,227,341,354,14
2818,281,71,479,384,390,7
2819,281,90,184,420,444,25
2820,282,72,697,0,17,18
2821,282,151,370,47,80,34
2822,282,81,119,110,128,19
2823,282,34,29,158,176,19
2824,282,14,674,206,235,30
2825,282,151,245,265,301,37
2826,282,53,353,331,354,24
2827,282,71,242,384,409,26
2828,282,47,200,439,469,31
2829,282,38,576,499,530,32
2830,283,86,285,0,11,12
2831,283,50,445,41,59,19
2832,283,83,245,89,111,23
2833,283,61,89,141,157,17
2834,283,32,539,187,208,22
2835,283,122,426,238,258,21
2836,283,89,228,288,295,8
2837,283,71,404,325,331,7
2838,283,90,162,361,383,23
2839,283,33,448,413,434,22
2840,284,105,656,0,26,27
2841,284,144,135,56,88,33
2842,284,32,430,118,138,21
2843,284,89,397,168,189,22
2844,284,80,333,219,225,7
2845,284,67,485,255,271,17
2846,284,103,289,301,317,17
2847,284,67,628,347,363,17
2848,284,129,733,393,398,6
2849,284,146,356,428,450,23
2850,285,74,161,0,11,12
2851,285,40,395,41,63,23
2852,285,92,685,93,106,14
2853,285,149,90,136,167,32
2854,285,33,200,197,202,6
2855,285,15,138,232,237,6
2856,285,33,108,267,277,11
2857,285,20,527,307,325,19
2858,285,96,513,355,376,22
2859,285,88,390,406,416,11
2860,286,42,204,0,21,22
2861,286,57,493,51,73,23
2862,286,91,426,103,125,23
2863,286,116,450,155,187,33
2864,286,95,638,217,253,37
2865,286,142,393,283,313,31
2866,286,78,85,343,358,16
2867,286,41,626,388,403,16
2868,286,119,30,433,457,25
2869,286,20,402,487,504,18
2870,287,22,337,0,12,13
2871,287,60,58,42,63,22
2872,287,2,664,93,134,42
2873,287,130,231,164,197,34
2874,287,40,415,227,252,26
2875,287,105,619,282,297,16
2876,287,132,542,327,354,28
2877,287,125,538,384,388,5
2878,287,123,414,418,452,35
2879,287,121,525,482,501,20
2880,288,108,160,0,23,24
2881,288,33,239,53,61,9
2882,288,52,22,91,105,15
2883,288,12,342,135,144,10
2884,288,53,244,174,178,5
2885,288,47,703,208,240,33
2886,288,152,309,270,290,21
2887,288,59,633,320,345,26
2888,288,136,706,375,383,9
2889,288,154,707,413,421,9
2890,289,142,576,0,20,21
2891,289,139,156,50,72,23
2892,289,40,606,102,127,26
2893,289,112,48,157,183,27
2894,289,9,416,213,236,24
2895,289,78,557,266,289,24
2896,289,122,295,319,337,19
2897,289,61,326,367,383,17
2898,289,65,459,413,418,6
2899,289,85,172,448,477,30
2900,290,148,500,0,15,16
2901,290,95,742,45,51,7
2902,290,114,383,81,103,23
2903,290,77,577,133,144,12
2904,290,121,528,174,188,15
2905,290,100,693,218,228,11
2906,290,150,221,258,289,32
2907,290,49,386,319,344,26
2908,290,79,325,374,402,29
2909,290,65,374,432,456,25
2910,291,66,187,0,14,15
2911,291,52,188,44,47,4
2912,291,34,694,77,117,41
2913,291,150,334,147,175,29
2914,291,66,193,205,226,22
2915,291,36,179,256,281,26
2916,291,25,147,311,332,22
2917,291,22,176,362,387,26
2918,291,38,364,417,442,26
2919,291,79,390,472,474,3
2920,292,154,438,0,28,29
2921,292,121,686,58,72,15
2922,292,144,254,102,132,31
2923,292,65,375,162,179,18
2924,292,99,400,209,221,13
2925,292,56,191,251,277,27
2926,292,28,673,307,343,37
2927,292,151,324,373,392,20
2928,292,71,438,422,462,41
2929,292,66,311,492,512,21
2930,293,53,74,0,9,10
2931,293,17,417,39,52,14
2932,293,75,315,82,86,5
2933,293,69,613,116,160,45
2934,293,131,246,190,206,17
2935,293,56,488,236,260,25
2936,293,111,651,290,298,9
2937,293,146,36,328,358,31
2938,293,3,454,388,414,27
2939,293,89,514,444,465,22
2940,294,40,42,0,14,15
2941,294,15,285,44,58,15
2942,294,69,628,88,105,18
2943,294,112,622,135,150,16
2944,294,127,678,180,192,13
2945,294,146,294,222,250,29
2946,294,53,419,280,294,15
2947,294,69,613,324,359,36
2948,294,131,191,389,421,33
2949,294,80,182,451,471,21
2950,295,51,245,0,11,12
2951,295,48,534,41,72,32
2952,295,121,439,102,106,5
2953,295,104,485,136,143,8
2954,295,97,148,173,207,35
2955,295,19,360,237,262,26
2956,295,59,228,292,297,6
2957,295,58,157,327,341,15
2958,295,37,348,371,376,6
2959,295,56,89,406,421,16
2960,296,101,287,0,22,23
2961,296,60,538,52,57,6
2962,296,78,237,87,93,7
2963,296,69,422,123,129,7
2964,296,88,42,159,180,22
2965,296,4,431,210,243,34
2966,296,89,365,273,303,31
2967,296,75,393,333,336,4
2968,296,80,404,366,393,28
2969,296,102,358,423,423,1
2970,297,34,169,0,13,14
2971,297,43,131,43,62,20
2972,297,25,218,92,113,22
2973,297,55,236,143,151,9
2974,297,50,367,181,199,19
2975,297,87,22,229,249,21
2976,297,12,43,279,287,9
2977,297,16,672,317,349,33
2978,297,118,116,379,408,30
2979,297,15,310,438,449,12
2980,298,36,363,0,15,16
2981,298,75,327,45,61,17
2982,298,65,55,91,102,12
2983,298,11,451,132,152,21
2984,298,89,228,182,196,15
2985,298,44,541,226,258,33
2986,298,113,209,288,309,22
2987,298,59,419,339,348,10
2988,298,78,701,378,396,19
2989,298,152,613,426,445,20
2990,299,65,461,0,5,6
2991,299,77,208,35,46,12
2992,299,32,295,76,92,17
2993,299,53,553,122,152,31
2994,299,127,173,182,207,26
2995,299,37,229,237,248,12
2996,299,64,13,278,299,22
2997,299,15,256,329,347,19
2998,299,65,369,377,394,18
2999,299,80,363,424,427,4
3000,300,84,387,0,1,2
3001,300,83,241,31,41,11
3002,300,53,250,71,95,25
3003,300,63,329,125,133,9
3004,300,72,94,163,184,22
3005,300,17,726,214,252,39
3006,300,151,90,282,309,28
3007,300,11,507,339,361,23
3008,300,102,179,391,408,18
3009,300,58,330,438,445,8
3010,301,59,238,0,8,9
3011,301,52,502,38,71,34
3012,301,115,549,101,111,11
3013,301,90,698,141,155,15
3014,301,151,631,185,204,20
3015,301,139,250,234,259,26
3016,301,62,448,289,314,26
3017,301,88,642,344,376,33
3018,301,150,694,406,406,1
3019,301,150,677,436,447,12
3020,302,42,265,0,1,2
3021,302,45,174,31,48,18
3022,302,37,255,78,88,11
3023,302,40,436,118,129,12
3024,302,86,519,159,176,18
3025,302,113,448,206,215,10
3026,302,83,206,245,264,20
3027,302,33,498,294,315,22
3028,302,94,635,345,359,15
3029,302,137,212,389,415,27
3030,303,118,372,0,33,34
3031,303,95,734,63,92,30
3032,303,154,661,122,129,8
3033,303,144,519,159,166,8
3034,303,113,743,196,202,7
3035,303,141,123,232,261,30
3036,303,21,673,291,336,46
3037,303,132,351,366,380,15
3038,303,71,596,410,421,12
3039,303,132,344,451,477,27
3040,304,82,323,0,34,35
3041,304,70,250,64,72,9
3042,304,44,439,102,126,25
3043,304,105,396,156,169,14
3044,304,95,31,199,255,57
3045,304,20,212,285,299,15
3046,304,59,417,329,339,11
3047,304,82,56,369,393,25
3048,304,25,273,423,442,20
3049,304,43,369,472,480,9
3050,305,126,361,0,22,23
3051,305,66,67,52,72,21
3052,305,7,572,102,130,29
3053,305,102,22,160,197,38
3054,305,12,609,227,255,29
3055,305,144,594,285,307,23
3056,305,117,287,337,368,32
3057,305,67,449,398,413,16
3058,305,95,414,443,457,15
3059,305,104,159,487,512,26
3060,306,87,304,0,19,20
3061,306,58,232,49,54,6
3062,306,59,150,84,107,24
3063,306,19,466,137,169,33
3064,306,122,501,199,218,20
3065,306,99,385,248,268,21
3066,306,73,164,298,309,12
3067,306,27,149,339,356,18
3068,306,18,443,386,403,18
3069,306,75,239,433,438,6
3070,307,111,501,0,17,18
3071,307,115,435,47,57,11
3072,307,102,6,87,114,28
3073,307,0,283,144,163,20
3074,307,58,700,193,230,38
3075,307,143,607,260,270,11
3076,307,134,613,300,328,29
3077,307,131,631,358,378,21
3078,307,134,540,408,414,7
3079,307,106,637,444,455,12
3080,308,33,486,0,28,29
3081,308,103,582,58,69,12
3082,308,123,290,99,113,15
3083,308,61,381,143,164,22
3084,308,74,510,194,209,16
3085,308,104,0,239,273,35
3086,308,10,308,303,318,16
3087,308,32,712,348,384,37
3088,308,144,558,414,426,13
3089,308,122,610,456,464,9
3090,309,33,480,0,28,29
3091,309,101,708,58,88,31
3092,309,148,57,118,157,40
3093,309,11,655,187,226,40
3094,309,154,511,256,269,14
3095,309,128,557,299,312,14
3096,309,133,404,342,360,19
3097,309,90,365,390,406,17
3098,309,82,406,436,449,14
3099,309,76,489,479,496,18
3100,310,77,180,0,12,13
3101,310,26,547,42,65,24
3102,310,107,592,95,105,11
3103,310,138,328,135,159,25
3104,310,73,690,189,213,25
3105,310,150,438,243,272,30
3106,310,59,271,302,317,16
3107,310,47,707,347,387,41
3108,310,154,461,417,438,22
3109,310,86,276,468,484,17
3110,311,68,519,0,15,16
3111,311,114,374,45,73,29
3112,311,99,265,103,139,37
3113,311,60,433,169,191,23
3114,311,101,296,221,254,34
3115,311,36,456,284,318,35
3116,311,90,45,348,386,39
3117,311,8,534,416,442,27
3118,311,104,183,472,489,18
3119,311,41,249,519,533,15
3120,312,41,509,0,13,14
3121,312,97,190,43,70,28
3122,312,43,561,100,122,23
3123,312,130,504,152,181,30
3124,312,107,148,211,240,30
3125,312,50,528,270,289,20
3126,312,90,387,319,331,13
3127,312,73,304,361,367,7
3128,312,65,222,397,417,21
3129,312,37,0,447,451,5
3130,313,51,453,0,23,24
3131,313,89,129,53,65,13
3132,313,30,736,95,137,43
3133,313,154,475,167,197,31
3134,313,99,609,227,259,33
3135,313,137,457,289,312,24
3136,313,101,94,342,372,31
3137,313,28,443,402,415,14
3138,313,92,389,445,453,9
3139,313,104,598,483,500,18
3140,314,96,576,0,15,16
3141,314,128,285,45,57,13
3142,314,59,71,87,105,19
3143,314,8,442,135,154,20
3144,314,82,693,184,212,29
3145,314,145,473,242,277,36
3146,314,95,553,307,326,20
3147,314,103,334,356,372,17
3148,314,67,309,402,408,7
3149,314,59,488,438,452,15
3150,315,27,320,0,19,20
3151,315,62,230,49,61,13
3152,315,31,505,91,110,20
3153,315,89,580,140,162,23
3154,315,134,552,192,214,23
3155,315,102,334,244,259,16
3156,315,82,598,289,307,19
3157,315,118,148,337,373,37
3158,315,22,415,403,427,25
3159,315,98,531,457,466,10
3160,316,31,8,0,7,8
3161,316,2,624,37,64,28
3162,316,127,655,94,115,22
3163,316,147,207,145,171,27
3164,316,41,393,201,226,26
3165,316,81,475,256,286,31
3166,316,115,36,316,350,35
3167,316,3,340,380,406,27
3168,316,81,35,436,464,29
3169,316,2,233,494,510,17
3170,317,44,504,0,13,14
3171,317,101,156,43,60,18
3172,317,30,640,90,110,21
3173,317,107,657,140,193,54
3174,317,112,337,223,232,10
3175,317,75,515,262,267,6
3176,317,91,251,297,318,22
3177,317,57,525,348,357,10
3178,317,90,629,387,401,15
3179,317,128,353,431,449,19
3180,318,142,438,0,21,22
3181,318,86,614,51,73,23
3182,318,138,624,103,112,10
3183,318,143,285,142,160,19
3184,318,59,416,190,200,11
3185,318,78,697,230,253,24
3186,318,151,325,283,302,20
3187,318,57,268,332,348,17
3188,318,61,225,378,417,40
3189,318,38,71,447,475,29
3190,319,0,422,0,40,41
3191,319,93,285,70,87,18
3192,319,50,312,117,126,10
3193,319,67,404,156,176,21
3194,319,90,109,206,222,17
3195,319,20,206,252,260,9
3196,319,39,87,290,291,2
3197,319,40,566,321,346,26
3198,319,126,387,376,385,10
3199,319,119,375,415,435,21
3200,320,49,6,0,12,13
3201,320,20,260,42,55,14
3202,320,50,384,85,96,12
3203,320,77,232,126,134,9
3204,320,39,153,164,174,11
3205,320,29,528,204,224,21
3206,320,126,22,254,300,47
3207,320,12,36,330,360,31
3208,320,3,16,390,398,9
3209,320,5,323,428,469,42
3210,321,40,39,0,14,15
3211,321,15,626,44,68,25
3212,321,139,368,98,118,21
3213,321,69,428,148,174,27
3214,321,96,274,204,216,13
3215,321,54,266,246,266,21
3216,321,60,566,296,332,37
3217,321,115,543,362,392,31
3218,321,113,275,422,460,39
3219,321,37,267,490,515,26
3220,322,63,377,0,1,2
3221,322,70,264,31,53,23
3222,322,60,308,83,89,7
3223,322,59,450,119,145,27
3224,322,114,305,175,198,24
3225,322,50,476,228,248,21
3226,322,89,155,278,290,13
3227,322,38,324,320,327,8
3228,322,70,659,357,393,37
3229,322,136,657,423,424,2
3230,323,7,370,0,17,18
3231,323,61,395,47,53,7
3232,323,81,104,83,117,35
3233,323,13,251,147,162,16
3234,323,64,262,192,215,24
3235,323,45,36,245,261,17
3236,323,2,278,291,310,20
3237,323,63,523,340,356,17
3238,323,107,394,386,413,28
3239,323,80,219,443,455,13
3240,324,75,335,0,4,5
3241,324,78,464,34,43,10
3242,324,86,672,73,83,11
3243,324,108,437,113,114,2
3244,324,101,538,144,158,15
3245,324,98,456,188,199,12
3246,324,85,286,229,241,13
3247,324,66,217,271,295,25
3248,324,28,263,325,342,18
3249,324,27,529,372,397,26
3250,325,26,558,0,30,31
3251,325,112,307,60,79,20
3252,325,50,36,109,127,19
3253,325,2,606,157,210,54
3254,325,148,41,240,269,30
3255,325,15,356,299,314,16
3256,325,73,115,344,359,16
3257,325,15,480,389,424,36
3258,325,101,541,454,455,2
3259,325,102,553,485,489,5
3260,326,134,452,0,21,22
3261,326,89,79,51,70,20
3262,326,13,440,100,121,22
3263,326,77,436,151,155,5
3264,326,85,520,185,209,25
3265,326,114,664,239,242,4
3266,326,137,343,272,288,17
3267,326,47,390,318,331,14
3268,326,79,310,361,366,6
3269,326,79,206,396,413,18
3270,327,53,277,0,25,26
3271,327,62,63,55,70,16
3272,327,11,114,100,110,11
3273,327,27,620,140,170,31
3274,327,132,476,200,219,20
3275,327,99,370,249,274,26
3276,327,78,188,304,314,11
3277,327,52,102,344,371,28
3278,327,24,93,401,424,24
3279,327,28,306,454,475,22
3280,328,40,302,0,12,13
3281,328,63,694,42,61,20
3282,328,153,470,91,121,31
3283,328,91,146,151,167,17
3284,328,17,261,197,217,21
3285,328,50,107,247,260,14
3286,328,25,196,290,299,10
3287,328,49,201,329,337,9
3288,328,30,460,367,389,23
3289,328,103,316,419,440,22
3290,329,41,142,0,12,13
3291,329,28,726,42,87,46
3292,329,151,39,117,155,39
3293,329,4,118,185,188,4
3294,329,7,123,218,233,16
3295,329,17,262,263,274,12
3296,329,45,332,304,309,6
3297,329,66,134,339,350,12
3298,329,39,356,380,387,8
3299,329,72,539,417,436,20
3300,330,77,333,0,8,9
3301,330,59,564,38,63,26
3302,330,115,190,93,129,37
3303,330,46,444,159,175,17
3304,330,83,627,205,217,13
3305,330,122,666,247,267,21
3306,330,142,20,297,344,48
3307,330,22,145,374,379,6
3308,330,28,597,409,441,33
3309,330,118,532,471,484,14
3310,331,143,110,0,20,21
3311,331,39,222,50,69,20
3312,331,54,264,99,119,21
3313,331,60,536,149,160,12
3314,331,98,338,190,200,11
3315,331,81,241,230,236,7
3316,331,55,677,266,299,34
3317,331,146,444,329,346,18
3318,331,79,311,376,377,2
3319,331,75,710,407,434,28
3320,332,136,324,0,32,33
3321,332,62,368,62,86,25
3322,332,84,36,116,145,30
3323,332,2,343,175,202,28
3324,332,80,379,232,255,24
3325,332,63,490,285,312,28
3326,332,105,526,342,364,23
3327,332,90,475,394,404,11
3328,332,115,238,434,465,32
3329,332,51,88,495,522,28
3330,333,106,469,0,3,4
3331,333,92,155,33,67,35
3332,333,30,357,97,111,15
3333,333,72,605,141,159,19
3334,333,123,579,189,193,5
3335,333,135,340,223,230,8
3336,333,87,467,260,267,8
3337,333,98,233,297,309,13
3338,333,50,27,339,361,23
3339,333,1,434,391,415,25
3340,334,94,306,0,17,18
3341,334,73,12,47,66,20
3342,334,15,333,96,113,18
3343,334,72,316,143,161,19
3344,334,53,634,191,206,16
3345,334,124,253,236,262,27
3346,334,71,382,292,294,3
3347,334,74,188,324,352,29
3348,334,52,292,382,387,6
3349,334,61,99,417,430,14
3350,335,87,233,0,14,15
3351,335,73,265,44,56,13
3352,335,52,572,86,110,25
3353,335,127,496,140,171,32
3354,335,94,453,201,229,29
3355,335,115,39,259,297,39
3356,335,7,33,327,333,7
3357,335,3,438,363,380,18
3358,335,86,531,410,419,10
3359,335,103,96,449,477,29
3360,336,29,227,0,8,9
3361,336,44,214,38,57,20
3362,336,60,208,87,99,13
3363,336,41,561,129,158,30
3364,336,113,265,188,203,16
3365,336,67,268,233,245,13
3366,336,55,518,275,299,25
3367,336,113,511,329,339,11
3368,336,122,417,369,380,12
3369,336,79,484,410,426,17
3370,337,145,208,0,30,31
3371,337,41,519,60,87,28
3372,337,113,52,117,160,44
3373,337,10,418,190,228,39
3374,337,79,66,258,277,20
3375,337,15,211,307,312,6
3376,337,42,354,342,356,15
3377,337,65,182,386,394,9
3378,337,40,10,424,433,10
3379,337,3,531,463,487,25
3380,338,58,586,0,27,28
3381,338,136,264,57,80,24
3382,338,52,444,110,118,9
3383,338,80,574,148,165,18
3384,338,119,437,195,211,17
3385,338,86,720,241,255,15
3386,338,151,268,285,333,49
3387,338,48,214,363,375,13
3388,338,51,305,405,418,14
3389,338,65,504,448,480,33
3390,339,119,123,0,35,36
3391,339,28,311,65,73,9
3392,339,51,372,103,114,12
3393,339,81,509,144,157,14
3394,339,86,7,187,206,20
3395,339,2,100,236,255,20
3396,339,24,733,285,326,42
3397,339,146,295,356,390,35
3398,339,47,431,420,454,35
3399,339,89,322,484,493,10
3400,340,28,680,0,28,29
3401,340,147,512,58,70,13
3402,340,104,95,100,123,24
3403,340,17,338,153,162,10
3404,340,69,7,192,216,25
3405,340,11,386,246,261,16
3406,340,73,107,291,311,21
3407,340,25,720,341,369,29
3408,340,153,566,399,407,9
3409,340,131,493,437,470,34
3410,341,87,360,0,14,15
3411,341,73,164,44,50,7
3412,341,41,76,80,100,21
3413,341,12,247,130,164,35
3414,341,54,114,194,213,20
3415,341,27,347,243,262,20
3416,341,56,205,292,304,13
3417,341,39,497,334,355,22
3418,341,83,307,385,396,12
3419,341,66,357,426,445,20
3420,342,80,156,0,27,28
3421,342,30,198,57,64,8
3422,342,49,37,94,116,23
3423,342,2,218,146,171,26
3424,342,53,207,201,217,17
3425,342,40,147,247,272,26
3426,342,34,424,302,331,30
3427,342,80,503,361,393,33
3428,342,115,292,423,457,35
3429,342,55,487,487,503,17
3430,343,76,561,0,36,37
3431,343,125,438,66,84,19
3432,343,86,600,114,123,10
3433,343,127,732,153,165,13
3434,343,152,593,195,214,20
3435,343,132,68,244,307,64
3436,343,5,205,337,354,18
3437,343,39,384,384,394,11
3438,343,77,225,424,440,17
3439,343,30,89,470,478,9
3440,344,65,335,0,16,17
3441,344,75,257,46,64,19
3442,344,40,377,94,107,14
3443,344,70,121,137,164,28
3444,344,21,42,194,209,16
3445,344,4,282,239,260,22
3446,344,58,396,290,316,27
3447,344,95,160,346,374,29
3448,344,32,650,404,428,25
3449,344,152,503,458,475,18
3450,345,25,364,0,23,24
3451,345,78,566,53,85,33
3452,345,115,208,115,142,28
3453,345,41,735,172,202,31
3454,345,154,558,232,239,8
3455,345,123,217,269,289,21
3456,345,46,300,319,341,23
3457,345,63,168,371,403,33
3458,345,35,67,433,445,13
3459,345,15,736,475,522,48
3460,346,88,179,0,25,26
3461,346,44,80,55,62,8
3462,346,14,189,92,110,19
3463,346,34,549,140,167,28
3464,346,101,224,197,219,23
3465,346,62,699,249,271,23
3466,346,151,637,301,337,37
3467,346,130,672,367,391,25
3468,346,151,200,421,443,23
3469,346,62,261,473,502,30
3470,347,81,59,0,32,33
3471,347,2,409,62,81,20
3472,347,86,703,111,124,14
3473,347,146,251,154,180,27
3474,347,63,677,210,236,27
3475,347,146,672,266,273,8
3476,347,151,408,303,337,35
3477,347,76,358,367,368,2
3478,347,74,359,398,403,6
3479,347,72,110,433,448,16
3480,348,52,428,0,30,31
3481,348,70,366,60,78,19
3482,348,79,340,108,113,6
3483,348,69,287,143,152,10
3484,348,59,6,182,196,15
3485,348,20,172,226,246,21
3486,348,46,576,276,303,28
3487,348,127,327,333,349,17
3488,348,70,633,379,403,25
3489,348,106,306,433,450,18
3490,349,108,139,0,23,24
3491,349,42,255,53,64,12
3492,349,58,155,94,103,10
3493,349,25,228,133,137,5
3494,349,44,656,167,203,37
3495,349,154,100,233,279,47
3496,349,10,676,309,344,36
3497,349,151,523,374,393,20
3498,349,99,612,423,427,5
3499,349,131,398,457,461,5
3500,350,97,354,0,13,14
3501,350,74,240,43,64,22
3502,350,46,7,94,112,19
3503,350,3,288,142,162,21
3504,350,55,698,192,231,40
3505,350,118,621,261,262,2
3506,350,108,142,292,344,53
3507,350,52,559,374,393,20
3508,350,123,329,423,445,23
3509,350,65,187,475,500,26
3510,351,18,34,0,19,20
3511,351,2,519,49,79,31
3512,351,88,624,109,137,29
3513,351,120,356,167,178,12
3514,351,72,281,208,217,10
3515,351,57,525,247,266,20
3516,351,116,606,296,319,24
3517,351,136,84,349,388,40
3518,351,14,119,418,437,20
3519,351,28,195,467,476,10
3520,352,40,333,0,18,19
3521,352,68,353,48,64,17
3522,352,76,341,94,114,21
3523,352,61,287,144,157,14
3524,352,67,429,187,209,23
3525,352,89,318,239,269,31
3526,352,53,241,299,303,5
3527,352,61,215,333,338,6
3528,352,43,84,368,390,23
3529,352,11,363,420,445,26
3530,353,2,364,0,24,25
3531,353,78,479,54,79,26
3532,353,101,207,109,127,19
3533,353,41,260,157,163,7
3534,353,59,552,193,208,16
3535,353,122,328,238,255,18
3536,353,77,590,285,302,18
3537,353,115,699,332,356,25
3538,353,143,366,386,409,24
3539,353,68,676,439,465,27
3540,354,107,337,0,28,29
3541,354,67,171,58,73,16
3542,354,36,225,103,132,30
3543,354,63,562,162,196,35
3544,354,137,575,226,242,17
3545,354,119,460,272,279,8
3546,354,101,66,309,344,36
3547,354,7,350,374,399,26
3548,354,62,585,429,463,35
3549,354,124,735,493,504,12
3550,355,144,418,0,9,10
3551,355,106,420,39,45,7
3552,355,88,340,75,82,8
3553,355,78,688,112,131,20
3554,355,149,303,161,200,40
3555,355,64,71,230,255,26
3556,355,17,182,285,299,15
3557,355,32,347,329,342,14
3558,355,74,370,372,385,14
3559,355,75,278,415,434,20
3560,356,79,467,0,2,3
3561,356,82,568,32,56,25
3562,356,126,502,86,92,7
3563,356,107,314,122,152,31
3564,356,69,736,182,216,35
3565,356,154,659,246,253,8
3566,356,148,549,283,305,23
3567,356,117,635,335,354,20
3568,356,136,172,384,407,24
3569,356,36,183,437,458,22
3570,357,146,447,0,17,18
3571,357,93,235,47,64,18
3572,357,50,288,94,101,8
3573,357,67,114,131,160,30
3574,357,33,180,190,196,7
3575,357,39,5,226,230,5
3576,357,26,283,260,267,8
3577,357,58,343,297,319,23
3578,357,47,354,349,375,27
3579,357,74,531,405,417,13
3580,358,115,702,0,15,16
3581,358,151,408,45,57,13
3582,358,85,298,87,97,11
3583,358,62,664,127,168,42
3584,358,144,127,198,242,45
3585,358,24,339,272,303,32
3586,358,80,513,333,343,11
3587,358,105,74,373,397,25
3588,358,22,436,427,453,27
3589,358,86,654,483,497,15
3590,359,59,384,0,12,13
3591,359,85,485,42,48,7
3592,359,110,246,78,102,25
3593,359,29,398,132,140,9
3594,359,62,273,170,199,30
3595,359,48,241,229,235,7
3596,359,46,267,265,268,4
3597,359,52,288,298,313,16
3598,359,87,342,343,351,9
3599,359,80,359,381,393,13
3600,360,133,102,0,34,35
3601,360,29,529,64,85,22
3602,360,101,700,115,130,16
3603,360,152,463,160,165,6
3604,360,128,362,195,215,21
3605,360,82,742,245,272,28
3606,360,154,552,302,321,20
3607,360,110,262,351,368,18
3608,360,50,291,398,411,14
3609,360,60,457,441,463,23
3610,361,2,97,0,25,26
3611,361,17,354,55,78,24
3612,361,65,227,108,110,3
3613,361,64,86,140,150,11
3614,361,40,291,180,195,16
3615,361,60,442,225,232,8
3616,361,82,40,262,281,20
3617,361,15,504,311,340,30
3618,361,96,306,370,381,12
3619,361,65,369,411,436,26
3620,362,41,200,0,10,11
3621,362,38,130,40,40,1
3622,362,38,295,70,94,25
3623,362,61,733,124,147,24
3624,362,147,479,177,195,19
3625,362,100,463,225,232,8
3626,362,97,655,262,283,22
3627,362,134,556,313,317,5
3628,362,129,215,347,370,24
3629,362,46,405,400,423,24
3630,363,39,463,0,8,9
3631,363,59,651,38,65,28
3632,363,139,145,95,134,40
3633,363,28,462,164,190,27
3634,363,103,249,220,238,19
3635,363,56,336,268,286,19
3636,363,67,72,316,326,11
3637,363,28,577,356,381,26
3638,363,122,140,411,429,19
3639,363,27,282,459,473,15
3640,364,52,71,0,5,6
3641,364,35,440,35,56,22
3642,364,86,223,86,101,16
3643,364,62,366,131,152,22
3644,364,75,345,182,196,15
3645,364,48,696,226,272,47
3646,364,146,621,302,320,19
3647,364,127,510,350,354,5
3648,364,120,90,384,403,20
3649,364,27,130,433,446,14
3650,365,61,309,0,17,18
3651,365,66,709,47,69,23
3652,365,154,451,99,129,31
3653,365,99,485,159,171,13
3654,365,103,410,201,207,7
3655,365,77,583,237,257,21
3656,365,124,678,287,300,14
3657,365,146,60,330,354,25
3658,365,32,532,384,400,17
3659,365,119,301,430,449,20
3660,366,107,357,0,12,13
3661,366,76,455,42,43,2
3662,366,74,286,73,83,11
3663,366,66,322,113,121,9
3664,366,77,309,151,159,9
3665,366,66,332,189,189,1
3666,366,66,311,219,223,5
3667,366,67,444,253,256,4
3668,366,78,236,286,296,11
3669,366,50,233,326,331,6
3670,367,105,407,0,12,13
3671,367,85,133,42,60,19
3672,367,26,285,90,101,12
3673,367,50,603,131,147,17
3674,367,139,283,177,197,21
3675,367,58,612,227,250,24
3676,367,131,652,280,300,21
3677,367,147,486,330,343,14
3678,367,97,606,373,388,16
3679,367,133,186,418,452,35
3680,368,56,211,0,20,21
3681,368,33,561,50,80,31
3682,368,130,90,110,141,32
3683,368,27,231,171,178,8
3684,368,39,379,208,220,13
3685,368,70,720,250,266,17
3686,368,150,201,296,322,27
3687,368,38,695,352,376,25
3688,368,138,286,406,431,26
3689,368,59,551,461,474,14
3690,369,60,3,0,30,31
3691,369,0,238,60,83,24
3692,369,50,190,113,121,9
3693,369,34,504,151,187,37
3694,369,138,326,217,232,16
3695,369,74,400,262,275,14
3696,369,107,509,305,319,15
3697,369,119,35,349,373,25
3698,369,2,137,403,411,9
3699,369,32,550,441,463,23
3700,370,51,496,0,15,16
3701,370,94,310,45,70,26
3702,370,66,528,100,122,23
3703,370,118,313,152,178,27
3704,370,52,663,208,235,28
3705,370,149,251,265,302,38
3706,370,62,386,332,344,13
3707,370,73,395,374,389,16
3708,370,81,451,419,456,38
3709,370,99,636,486,524,39
3710,371,135,656,0,5,6
3711,371,133,207,35,59,25
3712,371,39,209,89,101,13
3713,371,41,366,131,149,19
3714,371,80,540,179,188,10
3715,371,112,322,218,244,27
3716,371,70,55,274,291,18
3717,371,10,362,321,345,25
3718,371,66,165,375,387,13
3719,371,34,94,417,426,10
3720,372,58,440,0,7,8
3721,372,66,358,37,45,9
3722,372,86,200,75,102,28
3723,372,44,470,132,158,27
3724,372,93,303,188,220,33
3725,372,65,716,250,282,33
3726,372,149,353,312,349,38
3727,372,74,574,379,394,16
3728,372,119,144,424,448,25
3729,372,46,200,478,498,21
3730,373,54,733,0,33,34
3731,373,152,415,63,75,13
3732,373,98,207,105,123,19
3733,373,40,25,153,169,17
3734,373,6,99,199,226,28
3735,373,12,604,256,288,33
3736,373,134,578,318,324,7
3737,373,111,469,354,372,19
3738,373,104,591,402,420,19
3739,373,138,460,450,467,18
3740,374,114,605,0,12,13
3741,374,133,482,42,56,15
3742,374,102,265,86,106,21
3743,374,68,402,136,163,28
3744,374,116,196,193,212,20
3745,374,49,651,242,275,34
3746,374,152,46,305,342,38
3747,374,18,437,372,404,33
3748,374,120,441,434,442,9
3749,374,98,523,472,490,19
3750,375,14,247,0,13,14
3751,375,54,262,43,62,20
3752,375,42,520,92,116,25
3753,375,114,390,146,162,17
3754,375,67,578,192,206,15
3755,375,133,688,236,251,16
3756,375,144,594,281,301,21
3757,375,132,279,331,345,15
3758,375,57,468,375,392,18
3759,375,82,437,422,441,20
3760,376,141,247,0,45,46
3761,376,29,58,75,81,7
3762,376,25,206,111,120,10
3763,376,65,287,150,164,15
3764,376,45,557,194,212,19
3765,376,139,133,242,275,34
3766,376,26,460,305,321,17
3767,376,90,307,351,367,17
3768,376,66,582,397,415,19
3769,376,124,81,445,488,44
3770,377,67,79,0,27,28
3771,377,13,575,57,87,31
3772,377,119,386,117,127,11
3773,377,72,567,157,184,28
3774,377,99,730,214,249,36
3775,377,152,482,279,293,15
3776,377,102,621,323,332,10
3777,377,151,411,362,387,26
3778,377,73,531,417,431,15
3779,377,119,337,461,477,17
3780,378,151,632,0,20,21
3781,378,135,575,50,61,12
3782,378,104,659,91,107,17
3783,378,149,44,137,181,45
3784,378,5,113,211,228,18
3785,378,26,630,258,286,29
3786,378,129,357,316,335,20
3787,378,86,739,365,379,15
3788,378,112,203,409,432,24
3789,378,58,380,462,469,8
3790,379,139,193,0,30,31
3791,379,48,390,60,78,19
3792,379,82,109,108,130,23
3793,379,26,601,160,185,26
3794,379,119,335,215,232,18
3795,379,67,424,262,272,11
3796,379,80,110,302,322,21
3797,379,39,361,352,360,9
3798,379,59,192,390,409,20
3799,379,22,388,439,457,19
3800,380,44,303,0,8,9
3801,380,64,275,38,45,8
3802,380,54,9,75,99,25
3803,380,11,614,129,165,37
3804,380,115,169,195,239,45
3805,380,48,700,269,332,64
3806,380,152,565,362,392,31
3807,380,132,87,422,455,34
3808,380,26,210,485,500,16
3809,380,50,15,530,544,15
3810,381,148,518,0,7,8
3811,381,125,294,37,50,14
3812,381,61,625,80,102,23
3813,381,139,329,132,148,17
3814,381,72,69,178,200,23
3815,381,5,379,230,259,30
3816,381,70,378,289,304,16
3817,381,62,358,334,344,11
3818,381,73,429,374,387,14
3819,381,90,158,417,433,17
3820,382,123,489,0,10,11
3821,382,105,163,40,59,20
3822,382,42,507,89,111,23
3823,382,101,300,141,158,18
3824,382,38,332,188,204,17
3825,382,50,352,234,246,13
3826,382,64,143,276,298,23
3827,382,43,488,328,353,26
3828,382,121,94,383,405,23
3829,382,15,477,435,462,28
3830,383,48,234,0,17,18
3831,383,66,689,47,72,26
3832,383,141,369,102,118,17
3833,383,80,132,148,172,25
3834,383,26,338,202,228,27
3835,383,69,216,258,266,9
3836,383,52,378,296,316,21
3837,383,70,529,346,371,26
3838,383,117,472,401,423,23
3839,383,94,460,453,472,20
3840,384,21,205,0,14,15
3841,384,40,9,44,54,11
3842,384,2,212,84,109,26
3843,384,45,381,139,152,14
3844,384,77,432,182,186,5
3845,384,74,520,216,242,27
3846,384,136,400,272,296,25
3847,384,90,249,326,338,13
3848,384,62,110,368,383,16
3849,384,11,278,413,420,8
3850,385,85,76,0,34,35
3851,385,12,729,64,104,41
3852,385,152,207,134,166,33
3853,385,40,466,196,220,25
3854,385,105,385,250,258,9
3855,385,86,702,288,307,20
3856,385,152,624,337,341,5
3857,385,139,131,371,403,33
3858,385,14,333,433,454,22
3859,385,59,721,484,512,29
3860,386,121,738,0,22,23
3861,386,140,166,52,80,29
3862,386,60,31,110,138,29
3863,386,10,724,168,211,44
3864,386,153,63,241,274,34
3865,386,11,469,304,333,30
3866,386,84,282,363,377,15
3867,386,73,699,407,425,19
3868,386,151,565,455,466,12
3869,386,126,516,496,516,21
3870,387,24,189,0,21,22
3871,387,34,330,51,72,22
3872,387,41,215,102,107,6
3873,387,45,358,137,140,4
3874,387,51,137,170,182,13
3875,387,31,303,212,227,16
3876,387,62,675,257,290,34
3877,387,151,529,320,328,9
3878,387,118,246,358,376,19
3879,387,54,509,406,422,17
3880,388,98,537,0,12,13
3881,388,105,429,42,56,15
3882,388,90,76,86,124,39
3883,388,12,503,154,196,43
3884,388,100,68,226,258,33
3885,388,16,231,288,301,14
3886,388,40,326,331,342,12
3887,388,71,329,372,382,11
3888,388,65,726,412,437,26
3889,388,143,597,467,476,10
3890,389,37,413,0,27,28
3891,389,82,102,57,85,29
3892,389,29,604,115,148,34
3893,389,139,329,178,193,16
3894,389,73,315,223,234,12
3895,389,69,390,264,271,8
3896,389,66,361,301,304,4
3897,389,50,95,334,345,12
3898,389,16,176,375,395,21
3899,389,30,657,425,472,48
3900,390,18,125,0,2,3
3901,390,22,583,32,55,24
3902,390,135,222,85,116,32
3903,390,44,250,146,146,1
3904,390,44,725,176,208,33
3905,390,118,29,238,259,22
3906,390,14,364,289,315,27
3907,390,78,489,345,346,2
3908,390,82,141,376,391,16
3909,390,15,384,421,440,20
3910,391,152,416,0,8,9
3911,391,122,726,38,51,14
3912,391,151,210,81,103,23
3913,391,59,698,133,154,22
3914,391,132,306,184,194,11
3915,391,76,456,224,230,7
3916,391,108,338,260,281,22
3917,391,83,377,311,340,30
3918,391,70,515,370,395,26
3919,391,94,9,425,455,31
3920,392,83,506,0,18,19
3921,392,102,484,48,53,6
3922,392,110,503,83,92,10
3923,392,107,4,122,144,23
3924,392,1,235,174,203,30
3925,392,50,172,233,248,16
3926,392,48,626,278,305,28
3927,392,129,396,335,350,16
3928,392,80,470,380,383,4
3929,392,92,266,413,422,10
3930,393,51,331,0,6,7
3931,393,59,350,36,45,10
3932,393,64,213,75,96,22
3933,393,46,295,126,128,3
3934,393,55,710,158,178,21
3935,393,149,622,208,223,16
3936,393,143,573,253,260,8
3937,393,109,476,290,305,16
3938,393,115,202,335,358,24
3939,393,44,389,388,409,22
3940,394,72,364,0,16,17
3941,394,98,180,46,67,22
3942,394,44,445,97,122,26
3943,394,92,158,152,179,28
3944,394,31,149,209,220,12
3945,394,34,417,250,261,12
3946,394,82,136,291,306,16
3947,394,27,105,336,357,22
3948,394,30,226,387,396,10
3949,394,64,289,426,440,15
3950,395,66,172,0,22,23
3951,395,19,184,52,67,16
3952,395,27,445,97,115,19
3953,395,83,252,145,175,31
3954,395,63,388,205,223,19
3955,395,78,535,253,265,13
3956,395,104,410,295,302,8
3957,395,86,511,332,339,8
3958,395,104,406,369,387,19
3959,395,85,441,417,431,15
3960,396,134,244,0,17,18
3961,396,55,601,47,84,38
3962,396,128,200,114,143,30
3963,396,37,615,173,194,22
3964,396,145,336,224,258,35
3965,396,78,409,288,297,10
3966,396,86,721,327,337,11
3967,396,100,696,367,381,15
3968,396,145,582,411,434,24
3969,396,123,120,464,485,22
3970,397,104,22,0,31,32
3971,397,12,727,61,120,60
3972,397,151,355,150,170,21
3973,397,65,309,200,219,20
3974,397,59,687,249,303,55
3975,397,137,650,333,358,26
3976,397,128,359,388,411,24
3977,397,69,7,441,469,29
3978,397,2,224,499,518,20
3979,397,54,412,548,569,22
3980,398,119,102,0,32,33
3981,398,6,646,62,97,36
3982,398,151,462,127,155,29
3983,398,143,488,185,197,13
3984,398,129,483,227,244,18
3985,398,109,686,274,306,33
3986,398,124,331,336,356,21
3987,398,59,41,386,403,18
3988,398,4,339,433,446,14
3989,398,55,320,476,497,22
3990,399,76,623,0,22,23
3991,399,119,83,52,75,24
3992,399,20,298,105,120,16
3993,399,54,355,150,169,20
3994,399,72,562,199,221,23
3995,399,125,697,251,272,22
3996,399,151,267,302,333,32
3997,399,55,352,363,387,25
3998,399,63,115,417,439,23
3999,399,27,444,469,488,20
4000,400,26,292,0,21,22
4001,400,69,625,51,84,34
4002,400,128,151,114,144,31
4003,400,29,149,174,204,31
4004,400,19,315,234,247,14
4005,400,55,251,277,295,19
4006,400,64,321,325,336,12
4007,400,71,373,366,381,16
4008,400,68,320,411,431,21
4009,400,62,355,461,467,7
4010,401,138,263,0,25,26
4011,401,59,471,55,72,18
4012,401,94,442,102,109,8
4013,401,82,613,139,171,33
4014,401,131,302,201,219,19
4015,401,62,375,249,250,2
4016,401,63,533,280,300,21
4017,401,121,682,330,337,8
4018,401,134,84,367,400,34
4019,401,11,49,430,455,26
4020,402,48,166,0,2,3
4021,402,47,267,32,39,8
4022,402,55,636,69,84,16
4023,402,136,641,114,142,29
4024,402,138,598,172,176,5
4025,402,132,44,206,245,40
4026,402,8,35,275,290,16
4027,402,11,388,320,344,25
4028,402,78,544,374,388,15
4029,402,95,720,418,454,37
4030,403,107,495,0,24,25
4031,403,92,177,54,79,26
4032,403,44,434,109,123,15
4033,403,86,351,153,165,13
4034,403,70,69,195,224,30
4035,403,5,111,254,262,9
4036,403,3,366,292,316,25
4037,403,78,115,346,375,30
4038,403,33,191,405,449,45
4039,403,19,671,479,522,44
4040,404,134,436,0,13,14
4041,404,97,367,43,59,17
4042,404,88,247,89,105,17
4043,404,72,37,135,157,23
4044,404,15,224,187,219,33
4045,404,23,20,249,278,30
4046,404,18,386,308,335,28
4047,404,104,679,365,376,12
4048,404,152,690,406,420,15
4049,404,138,358,450,467,18
4050,405,101,184,0,30,31
4051,405,33,364,60,71,12
4052,405,72,110,101,112,12
4053,405,26,519,142,170,29
4054,405,93,207,200,216,17
4055,405,59,238,246,252,7
4056,405,51,650,282,315,34
4057,405,147,407,345,364,20
4058,405,72,189,394,433,40
4059,405,28,650,463,495,33
4060,406,143,667,0,12,13
4061,406,153,359,42,68,27
4062,406,73,462,98,111,14
4063,406,74,346,141,159,19
4064,406,56,351,189,193,5
4065,406,70,679,223,250,28
4066,406,146,52,280,321,42
4067,406,6,458,351,374,24
4068,406,85,227,404,416,13
4069,406,26,48,446,466,21
4070,407,59,409,0,12,13
4071,407,86,701,42,52,11
4072,407,143,706,82,87,6
4073,407,146,283,117,143,27
4074,407,72,302,173,178,6
4075,407,71,416,208,223,16
4076,407,78,387,253,262,10
4077,407,73,678,292,319,28
4078,407,143,146,349,385,37
4079,407,22,296,415,424,10
4080,408,94,307,0,32,33
4081,408,72,146,62,93,32
4082,408,35,475,123,161,39
4083,408,115,442,191,217,27
4084,408,82,499,247,268,22
4085,408,113,443,298,304,7
4086,408,88,287,334,343,10
4087,408,67,551,373,392,20
4088,408,109,468,422,432,11
4089,408,98,446,462,469,8
4090,409,68,399,0,33,34
4091,409,99,344,63,98,36
4092,409,46,285,128,146,19
4093,409,58,347,176,185,10
4094,409,56,212,215,237,23
4095,409,33,245,267,282,16
4096,409,48,510,312,335,24
4097,409,105,241,365,381,17
4098,409,61,482,411,457,47
4099,409,97,581,487,494,8
4100,410,36,382,0,30,31
4101,410,76,97,60,92,33
4102,410,18,388,122,144,23
4103,410,66,552,174,186,13
4104,410,103,33,216,237,22
4105,410,2,702,267,299,33
4106,410,146,309,329,345,17
4107,410,66,221,375,393,19
4108,410,49,525,423,454,32
4109,410,115,574,484,498,15
4110,411,43,433,0,33,34
4111,411,85,375,63,73,11
4112,411,62,284,103,117,15
4113,411,39,177,147,155,9
4114,411,30,66,185,203,19
4115,411,7,536,233,255,23
4116,411,104,130,285,316,32
4117,411,26,336,346,360,15
4118,411,66,593,390,412,23
4119,411,116,266,442,469,28
4120,412,151,707,0,8,9
4121,412,147,229,38,72,35
4122,412,57,533,102,119,18
4123,412,120,730,149,156,8
4124,412,152,512,186,196,11
4125,412,104,209,226,239,14
4126,412,51,90,269,276,8
4127,412,15,261,306,316,11
4128,412,50,377,346,363,18
4129,412,70,220,393,420,28
4130,413,67,89,0,11,12
4131,413,27,559,41,66,26
4132,413,124,4,96,131,36
4133,413,11,625,161,188,28
4134,413,128,60,218,245,28
4135,413,2,264,275,296,22
4136,413,60,67,326,347,22
4137,413,15,401,377,400,24
4138,413,70,223,430,450,21
4139,413,29,42,480,507,28
4140,414,66,474,0,25,26
4141,414,107,425,55,65,11
4142,414,89,679,95,115,21
4143,414,146,210,145,168,24
4144,414,41,551,198,215,18
4145,414,109,494,245,261,17
4146,414,91,189,291,310,20
4147,414,46,664,340,369,30
4148,414,137,526,399,427,29
4149,414,89,142,457,489,33
4150,415,143,519,0,19,20
4151,415,92,3,49,79,31
4152,415,2,63,109,120,12
4153,415,15,466,150,171,22
4154,415,82,113,201,216,16
4155,415,27,175,246,261,16
4156,415,29,359,291,309,19
4157,415,59,527,339,355,17
4158,415,90,735,385,411,27
4159,415,154,730,441,448,8
4160,416,76,374,0,13,14
4161,416,99,415,43,74,32
4162,416,104,706,104,118,15
4163,416,154,377,148,182,35
4164,416,62,348,212,216,5
4165,416,56,590,246,259,14
4166,416,115,392,289,316,28
4167,416,79,550,346,366,21
4168,416,118,583,396,413,18
4169,416,135,223,443,480,38
4170,417,34,9,0,27,28
4171,417,39,381,57,65,9
4172,417,77,208,95,105,11
4173,417,41,582,135,164,30
4174,417,129,186,194,216,23
4175,417,39,509,246,260,15
4176,417,103,719,290,306,17
4177,417,145,264,336,373,38
4178,417,55,316,403,406,4
4179,417,52,722,436,473,38
4180,418,90,563,0,32,33
4181,418,114,616,62,89,28
4182,418,138,540,119,144,26
4183,418,91,396,174,179,6
4184,418,75,262,209,235,27
4185,418,51,389,265,291,27
4186,418,78,274,321,352,32
4187,418,56,589,382,396,15
4188,418,115,519,426,456,31
4189,418,149,37,486,526,41
4190,419,82,47,0,16,17
4191,419,17,364,46,59,14
4192,419,75,380,89,106,18
4193,419,70,651,136,155,20
4194,419,121,555,185,188,4
4195,419,129,710,218,234,17
4196,419,154,198,264,306,43
4197,419,37,361,336,359,24
4198,419,50,586,389,415,27
4199,419,137,220,445,463,19
4200,420,77,243,0,23,24
4201,420,47,183,53,71,19
4202,420,50,737,101,127,27
4203,420,144,212,157,183,27
4204,420,45,595,213,243,31
4205,420,118,557,273,286,14
4206,420,123,95,316,332,17
4207,420,46,231,362,380,19
4208,420,31,557,410,437,28
4209,420,123,403,467,487,21
4210,421,40,552,0,22,23
4211,421,119,441,52,66,15
4212,421,82,713,96,113,18
4213,421,149,404,143,173,31
4214,421,90,239,203,228,26
4215,421,52,680,258,281,24
4216,421,146,251,311,352,42
4217,421,64,601,382,401,20
4218,421,120,490,431,442,12
4219,421,105,213,472,485,14
4220,422,101,251,0,4,5
4221,422,90,369,34,55,22
4222,422,81,450,85,109,25
4223,422,81,67,139,159,21
4224,422,7,625,189,215,27
4225,422,139,64,245,275,31
4226,422,5,184,305,316,12
4227,422,33,618,346,373,28
4228,422,132,489,403,417,15
4229,422,104,514,447,448,2
4230,423,107,671,0,8,9
4231,423,132,230,38,59,22
4232,423,31,250,89,96,8
4233,423,65,48,126,153,28
4234,423,18,384,183,211,29
4235,423,77,388,241,245,5
4236,423,73,604,275,291,17
4237,423,133,179,321,344,24
4238,423,40,701,374,417,44
4239,423,143,700,447,453,7
4240,424,70,177,0,9,10
4241,424,37,650,39,76,38
4242,424,143,551,106,113,8
4243,424,109,280,143,162,20
4244,424,65,682,192,221,30
4245,424,148,323,251,284,34
4246,424,70,306,314,321,8
4247,424,72,658,351,373,23
4248,424,135,136,403,434,32
4249,424,31,199,464,471,8
4250,425,125,527,0,22,23
4251,425,100,413,52,62,11
4252,425,86,47,92,125,34
4253,425,18,345,155,182,28
4254,425,95,576,212,234,23
4255,425,50,133,264,275,12
4256,425,26,219,305,336,32
4257,425,47,402,366,393,28
4258,425,56,163,423,452,30
4259,425,27,268,482,500,19
4260,426,67,489,0,11,12
4261,426,104,273,41,61,21
4262,426,53,326,91,118,28
4263,426,71,261,148,167,20
4264,426,45,268,197,212,16
4265,426,43,15,242,253,12
4266,426,4,523,283,325,43
4267,426,99,207,355,375,21
4268,426,44,150,405,434,30
4269,426,18,55,464,485,22
4270,427,102,206,0,16,17
4271,427,40,505,46,73,28
4272,427,126,65,103,136,34
4273,427,15,364,166,173,8
4274,427,51,187,203,205,3
4275,427,52,262,235,240,6
4276,427,50,326,270,284,15
4277,427,71,109,314,326,13
4278,427,20,8,356,363,8
4279,427,2,558,393,427,35
4280,428,110,357,0,11,12
4281,428,73,415,41,53,13
4282,428,111,411,83,91,9
4283,428,86,259,121,129,9
4284,428,74,435,159,173,15
4285,428,120,392,203,220,18
4286,428,68,139,250,266,17
4287,428,7,39,296,302,7
4288,428,27,148,332,348,17
4289,428,53,137,378,393,16
4290,429,126,603,0,16,17
4291,429,139,604,46,53,8
4292,429,134,319,83,108,26
4293,429,48,428,138,173,36
4294,429,96,272,203,234,32
4295,429,53,285,264,271,8
4296,429,60,459,301,323,23
4297,429,90,449,353,372,20
4298,429,83,492,402,405,4
4299,429,91,443,435,458,24
4300,430,36,311,0,13,14
4301,430,67,185,43,50,8
4302,430,45,701,80,118,39
4303,430,151,569,148,169,22
4304,430,118,253,199,214,16
4305,430,44,408,244,254,11
4306,430,77,595,284,294,11
4307,430,118,107,324,348,25
4308,430,20,372,378,405,28
4309,430,61,89,435,451,17
4310,431,129,600,0,4,5
4311,431,120,349,34,56,23
4312,431,70,627,86,112,27
4313,431,147,378,142,163,22
4314,431,89,665,193,204,12
4315,431,145,698,234,242,9
4316,431,151,5,272,308,37
4317,431,0,108,338,350,13
4318,431,26,209,380,394,15
4319,431,50,460,424,441,18
4320,432,126,552,0,9,10
4321,432,119,84,39,65,27
4322,432,14,282,95,112,18
4323,432,72,119,142,173,32
4324,432,31,20,203,222,20
4325,432,8,567,252,292,41
4326,432,116,214,322,351,30
4327,432,42,428,381,397,17
4328,432,71,428,427,434,8
4329,432,89,218,464,492,29
4330,433,36,329,0,27,28
4331,433,71,469,57,71,15
4332,433,67,90,101,112,12
4333,433,15,609,142,168,27
4334,433,113,454,198,224,27
4335,433,115,195,254,296,43
4336,433,48,697,326,365,40
4337,433,151,442,395,417,23
4338,433,82,466,447,453,7
4339,433,105,395,483,493,11
4340,434,138,255,0,18,19
4341,434,65,496,48,76,29
4342,434,112,280,106,136,31
4343,434,57,327,166,169,4
4344,434,71,431,199,205,7
4345,434,90,613,235,245,11
4346,434,115,467,275,301,27
4347,434,82,135,331,347,17
4348,434,41,536,377,394,18
4349,434,104,9,424,450,27
4350,435,59,252,0,20,21
4351,435,44,206,50,54,5
4352,435,39,486,84,104,21
4353,435,104,321,134,160,27
4354,435,54,706,190,222,33
4355,435,147,261,252,271,20
4356,435,50,335,301,308,8
4357,435,67,130,338,366,29
4358,435,38,598,396,420,25
4359,435,127,714,450,472,23
4360,436,11,95,0,19,20
4361,436,12,468,49,83,35
4362,436,79,528,113,133,21
4363,436,100,209,163,183,21
4364,436,41,214,213,233,21
4365,436,51,662,263,286,24
4366,436,137,511,316,336,21
4367,436,103,453,366,405,40
4368,436,89,386,435,444,10
4369,436,77,301,474,486,13
4370,437,49,397,0,45,46
4371,437,81,25,75,112,38
4372,437,6,25,142,144,3
4373,437,0,44,174,213,40
4374,437,8,12,243,258,16
4375,437,33,360,288,298,11
4376,437,73,571,328,340,13
4377,437,101,611,370,394,25
4378,437,130,335,424,443,20
4379,437,68,366,473,484,12
4380,438,98,545,0,21,22
4381,438,115,98,51,99,49
4382,438,22,254,129,154,26
4383,438,65,176,184,194,11
4384,438,38,370,224,251,28
4385,438,80,673,281,307,27
4386,438,151,270,337,373,37
4387,438,53,33,403,427,25
4388,438,2,168,457,481,25
4389,438,35,162,511,522,12
4390,439,133,70,0,33,34
4391,439,4,664,63,103,41
4392,439,130,620,133,168,36
4393,439,118,394,198,229,32
4394,439,53,351,259,288,30
4395,439,70,204,318,326,9
4396,439,44,458,356,366,11
4397,439,85,361,396,409,14
4398,439,78,227,439,466,28
4399,439,31,259,496,506,11
4400,440,53,111,0,49,50
4401,440,11,672,79,101,23
4402,440,117,349,131,142,12
4403,440,70,602,172,198,27
4404,440,128,263,228,258,31
4405,440,66,439,288,313,26
4406,440,105,250,343,378,36
4407,440,54,259,408,445,38
4408,440,59,610,475,501,27
4409,440,137,391,531,546,16
4410,441,146,514,0,14,15
4411,441,106,573,44,59,16
4412,441,127,680,89,103,15
4413,441,147,700,133,142,10
4414,441,151,572,172,179,8
4415,441,132,593,209,209,1
4416,441,132,682,239,255,17
4417,441,134,88,285,319,35
4418,441,3,147,349,364,16
4419,441,28,376,394,419,26
4420,442,73,517,0,18,19
4421,442,112,550,48,64,17
4422,442,110,393,94,110,17
4423,442,79,99,140,158,19
4424,442,18,545,188,233,46
4425,442,115,561,263,296,34
4426,442,124,689,326,338,13
4427,442,141,505,368,393,26
4428,442,101,682,423,446,24
4429,442,148,581,476,483,8
4430,443,97,557,0,12,13
4431,443,123,480,42,57,16
4432,443,101,38,87,114,28
4433,443,2,552,144,167,24
4434,443,127,287,197,216,20
4435,443,50,552,246,267,22
4436,443,110,419,297,313,17
4437,443,79,433,343,359,17
4438,443,71,487,389,406,18
4439,443,98,328,436,461,26
4440,444,133,616,0,15,16
4441,444,138,79,45,70,26
4442,444,13,310,100,120,21
4443,444,50,84,150,165,16
4444,444,20,593,195,225,31
4445,444,132,510,255,268,14
4446,444,120,49,298,329,32
4447,444,8,153,359,377,19
4448,444,26,737,407,479,73
4449,444,154,209,509,534,26
4450,445,105,190,0,13,14
4451,445,69,440,43,58,16
4452,445,86,346,88,120,33
4453,445,29,42,150,176,27
4454,445,5,277,206,247,42
4455,445,39,524,277,293,17
4456,445,101,128,323,346,24
4457,445,13,223,376,382,7
4458,445,49,300,412,418,7
4459,445,63,534,448,468,21
4460,446,28,65,0,15,16
4461,446,15,409,45,71,27
4462,446,102,233,101,118,18
4463,446,41,351,148,160,13
4464,446,74,730,190,225,36
4465,446,152,115,255,280,26
4466,446,27,23,310,332,23
4467,446,9,643,362,411,50
4468,446,138,488,441,459,19
4469,446,104,719,489,512,24
4470,447,4,283,0,19,20
4471,447,6,213,49,75,27
4472,447,34,596,105,138,34
4473,447,151,505,168,175,8
4474,447,132,705,205,217,13
4475,447,152,425,247,275,29
4476,447,99,282,305,320,16
4477,447,63,390,350,362,13
4478,447,66,376,392,403,12
4479,447,76,21,433,463,31
4480,448,77,135,0,10,11
4481,448,31,240,40,59,20
4482,448,53,488,89,109,21
4483,448,104,470,139,141,3
4484,448,98,568,171,187,17
4485,448,132,144,217,252,36
4486,448,16,23,282,293,12
4487,448,9,559,323,353,31
4488,448,105,387,383,391,9
4489,448,79,262,421,433,13
4490,449,15,656,0,34,35
4491,449,152,446,64,82,19
4492,449,78,312,112,113,2
4493,449,79,155,143,168,26
4494,449,30,310,198,212,15
4495,449,45,105,242,256,15
4496,449,38,103,286,291,6
4497,449,25,233,321,325,5
4498,449,44,599,355,374,20
4499,449,119,184,404,420,17
4500,450,107,614,0,9,10
4501,450,150,119,39,79,41
4502,450,34,350,109,131,23
4503,450,63,548,161,175,15
4504,450,126,708,205,227,23
4505,450,154,17,257,290,34
4506,450,5,369,320,330,11
4507,450,46,408,360,398,39
4508,450,85,485,428,438,11
4509,450,103,444,468,484,17
4510,451,145,256,0,28,29
4511,451,39,156,58,65,8
4512,451,30,92,95,113,19
4513,451,15,122,143,158,16
4514,451,35,523,188,235,48
4515,451,99,704,265,293,29
4516,451,147,626,323,339,17
4517,451,152,631,369,381,13
4518,451,135,439,411,432,22
4519,451,66,448,462,477,16
4520,452,81,567,0,26,27
4521,452,132,390,56,82,27
4522,452,45,599,112,139,28
4523,452,126,697,169,185,17
4524,452,143,638,215,220,6
4525,452,127,410,250,275,26
4526,452,76,738,305,329,25
4527,452,135,378,359,385,27
4528,452,65,160,415,422,8
4529,452,31,30,452,461,10
4530,453,99,288,0,31,32
4531,453,27,631,61,82,22
4532,453,133,362,112,125,14
4533,453,75,446,155,167,13
4534,453,91,331,197,204,8
4535,453,68,218,234,240,7
4536,453,46,165,270,278,9
4537,453,16,303,308,331,24
4538,453,64,264,361,376,16
4539,453,51,516,406,427,22
4540,454,23,456,0,20,21
4541,454,89,200,50,65,16
4542,454,29,482,95,115,21
4543,454,101,282,145,166,22
4544,454,58,458,196,203,8
4545,454,85,614,233,251,19
4546,454,142,68,281,324,44
4547,454,16,106,354,369,16
4548,454,14,417,399,426,28
4549,454,82,543,456,473,18
4550,455,107,627,0,21,22
4551,455,147,481,51,67,17
4552,455,101,626,97,107,11
4553,455,128,364,137,150,14
4554,455,78,5,180,204,25
4555,455,11,296,234,261,28
4556,455,53,59,291,320,30
4557,455,2,321,350,369,20
4558,455,56,330,399,412,14
4559,455,72,400,442,461,20
4560,456,127,436,0,12,13
4561,456,97,131,42,64,23
4562,456,14,533,94,129,36
4563,456,109,535,159,168,10
4564,456,129,408,198,212,15
4565,456,85,367,242,266,25
4566,456,80,636,296,311,16
4567,456,140,233,341,373,33
4568,456,41,471,403,426,24
4569,456,94,460,456,469,14
4570,457,115,351,0,15,16
4571,457,70,407,45,48,4
4572,457,71,607,78,116,39
4573,457,125,190,146,162,17
4574,457,43,258,192,211,20
4575,457,59,521,241,266,26
4576,457,94,27,296,336,41
4577,457,1,114,366,384,19
4578,457,27,433,414,431,18
4579,457,74,272,461,484,24
4580,458,56,310,0,12,13
4581,458,73,253,42,52,11
4582,458,44,477,82,98,17
4583,458,96,648,128,142,15
4584,458,143,519,172,197,26
4585,458,88,637,227,245,19
4586,458,130,465,275,290,16
4587,458,104,162,320,335,16
4588,458,33,733,365,388,24
4589,458,147,628,418,434,17
4590,459,129,578,0,1,2
4591,459,129,369,31,46,16
4592,459,81,411,76,90,15
4593,459,72,576,120,135,16
4594,459,120,55,165,192,28
4595,459,14,464,222,250,29
4596,459,104,96,280,301,22
4597,459,28,705,331,359,29
4598,459,147,348,389,415,27
4599,459,70,740,445,478,34
4600,460,65,433,0,10,11
4601,460,89,256,40,50,11
4602,460,65,323,80,85,6
4603,460,70,88,115,136,22
4604,460,3,728,166,198,33
4605,460,152,533,228,235,8
4606,460,120,360,265,277,13
4607,460,59,280,307,318,12
4608,460,65,104,348,358,11
4609,460,30,334,388,403,16
4610,461,27,670,0,35,36
4611,461,145,351,65,81,17
4612,461,70,52,111,125,15
4613,461,10,434,155,178,24
4614,461,85,211,208,223,16
4615,461,50,306,253,262,10
4616,461,72,559,292,314,23
4617,461,135,240,344,363,20
4618,461,52,428,393,418,26
4619,461,89,36,448,474,27
4620,462,58,675,0,25,26
4621,462,109,241,55,80,26
4622,462,61,257,110,126,17
4623,462,40,132,156,161,6
4624,462,26,695,191,219,29
4625,462,150,483,249,264,16
4626,462,109,203,294,309,16
4627,462,44,53,339,345,7
4628,462,30,234,375,390,16
4629,462,50,116,420,428,9
4630,463,60,577,0,17,18
4631,463,129,198,47,85,39
4632,463,29,688,115,158,44
4633,463,137,435,188,221,34
4634,463,72,698,251,268,18
4635,463,151,539,298,312,15
4636,463,111,45,342,374,33
4637,463,12,419,404,421,18
4638,463,81,527,451,484,34
4639,463,89,228,514,527,14
4640,464,31,486,0,15,16
4641,464,97,255,45,55,11
4642,464,58,516,85,106,22
4643,464,106,531,136,149,14
4644,464,97,258,179,195,17
4645,464,73,572,225,242,18
4646,464,109,370,272,292,21
4647,464,81,704,322,341,20
4648,464,147,34,371,404,34
4649,464,2,449,434,470,37
4650,465,134,736,0,6,7
4651,465,154,190,36,76,41
4652,465,36,564,106,147,42
4653,465,99,50,177,197,21
4654,465,10,392,227,256,30
4655,465,68,90,286,299,14
4656,465,41,366,329,345,17
4657,465,75,731,375,396,22
4658,465,152,381,426,446,21
4659,465,76,200,476,488,13
4660,466,45,37,0,22,23
4661,466,27,202,52,69,18
4662,466,44,209,99,116,18
4663,466,40,702,146,171,26
4664,466,146,363,201,219,19
4665,466,83,493,249,257,9
4666,466,123,675,287,298,12
4667,466,110,324,328,344,17
4668,466,62,308,374,384,11
4669,466,73,119,414,444,31
4670,467,145,461,0,17,18
4671,467,119,642,47,52,6
4672,467,118,700,82,95,14
4673,467,146,297,125,159,35
4674,467,47,290,189,200,12
4675,467,52,308,230,246,17
4676,467,66,301,276,288,13
4677,467,62,515,318,342,25
4678,467,91,21,372,401,30
4679,467,22,52,431,458,28
4680,468,23,180,0,14,15
4681,468,57,234,44,44,1
4682,468,57,686,74,108,35
4683,468,144,606,138,145,8
4684,468,134,510,175,179,5
4685,468,135,363,209,224,16
4686,468,75,405,254,270,17
4687,468,97,412,300,309,10
4688,468,89,265,339,356,18
4689,468,59,158,386,391,6
4690,469,80,463,0,15,16
4691,469,97,573,45,66,22
4692,469,118,312,96,117,22
4693,469,50,326,147,160,14
4694,469,74,224,190,207,18
4695,469,63,670,237,254,18
4696,469,150,392,284,316,33
4697,469,80,113,346,365,20
4698,469,41,709,395,439,45
4699,469,134,231,469,494,26
4700,470,28,67,0,18,19
4701,470,4,181,48,65,18
4702,470,26,392,95,113,19
4703,470,60,467,143,155,13
4704,470,98,229,185,202,18
4705,470,58,37,232,259,28
4706,470,3,8,289,291,3
4707,470,2,400,321,352,32
4708,470,99,98,382,424,43
4709,470,22,617,454,493,40
4710,471,1,370,0,46,47
4711,471,113,288,76,87,12
4712,471,98,220,117,135,19
4713,471,53,281,165,211,47
4714,471,64,434,241,248,8
4715,471,77,395,278,306,29
4716,471,114,355,336,363,28
4717,471,58,354,393,395,3
4718,471,65,64,425,458,34
4719,471,27,220,488,504,17
4720,472,42,714,0,29,30
4721,472,140,510,59,73,15
4722,472,111,596,103,109,7
4723,472,110,125,139,176,38
4724,472,18,315,206,209,4
4725,472,36,496,239,252,14
4726,472,84,658,282,291,10
4727,472,135,122,321,340,20
4728,472,28,530,370,399,30
4729,472,109,45,429,461,33
4730,473,111,378,0,20,21
4731,473,70,694,50,66,17
4732,473,150,193,96,139,44
4733,473,47,422,169,181,13
4734,473,88,74,211,230,20
4735,473,12,158,260,282,23
4736,473,20,347,312,324,13
4737,473,62,287,354,374,21
4738,473,59,86,404,419,16
4739,473,11,12,449,459,11
4740,474,62,436,0,14,15
4741,474,86,217,44,71,28
4742,474,46,676,101,134,34
4743,474,147,703,164,165,2
4744,474,146,405,195,222,28
4745,474,44,651,252,271,20
4746,474,119,446,301,326,26
4747,474,83,646,356,381,26
4748,474,143,306,411,428,18
4749,474,65,648,458,473,16
4750,475,124,437,0,16,17
4751,475,86,455,46,58,13
4752,475,89,0,88,109,22
4753,475,0,278,139,162,24
4754,475,63,415,192,205,14
4755,475,86,584,235,253,19
4756,475,136,135,283,311,29
4757,475,41,333,341,350,10
4758,475,51,376,380,398,19
4759,475,62,412,428,448,21
4760,476,6,419,0,30,31
4761,476,68,557,60,70,11
4762,476,123,555,100,105,6
4763,476,129,6,135,165,31
4764,476,2,728,195,229,35
4765,476,152,267,259,285,27
4766,476,55,484,315,336,22
4767,476,103,171,366,404,39
4768,476,22,74,434,438,5
4769,476,12,182,468,497,30
4770,477,92,424,0,7,8
4771,477,114,617,37,60,24
4772,477,132,227,90,106,17
4773,477,58,358,136,148,13
4774,477,97,392,178,190,13
4775,477,78,735,220,239,20
4776,477,154,498,269,293,25
4777,477,125,702,323,339,17
4778,477,152,142,369,416,48
4779,477,5,310,446,463,18
4780,478,59,319,0,17,18
4781,478,43,69,47,57,11
4782,478,5,540,87,107,21
4783,478,92,486,137,158,22
4784,478,120,129,188,213,26
4785,478,38,365,243,268,26
4786,478,82,433,298,310,13
4787,478,103,742,340,378,39
4788,478,144,229,408,438,31
4789,478,65,391,468,484,17
4790,479,134,538,0,7,8
4791,479,123,671,37,57,21
4792,479,138,328,87,102,16
4793,479,74,302,132,135,4
4794,479,65,266,165,180,16
4795,479,52,662,210,234,25
4796,479,141,718,264,292,29
4797,479,150,470,322,349,28
4798,479,106,447,379,383,5
4799,479,87,359,413,428,16
4800,480,38,111,0,10,11
4801,480,11,418,40,77,38
4802,480,79,694,107,137,31
4803,480,145,268,167,206,40
4804,480,61,520,236,249,14
4805,480,114,169,279,298,20
4806,480,35,533,328,353,26
4807,480,128,706,383,397,15
4808,480,154,254,427,458,32
4809,480,57,701,488,517,30
4810,481,96,208,0,19,20
4811,481,40,464,49,71,23
4812,481,121,213,101,121,21
4813,481,45,161,151,157,7
4814,481,32,427,187,225,39
4815,481,117,316,255,281,27
4816,481,69,335,311,320,10
4817,481,59,523,350,374,25
4818,481,99,602,404,421,18
4819,481,121,315,451,469,19
4820,482,111,391,0,9,10
4821,482,78,550,39,52,14
4822,482,103,201,82,103,22
4823,482,38,441,133,161,29
4824,482,98,340,191,209,19
4825,482,81,111,239,258,20
4826,482,41,594,288,314,27
4827,482,126,653,344,360,17
4828,482,147,471,390,407,18
4829,482,93,79,437,475,39
4830,483,96,405,0,2,3
4831,483,90,604,32,52,21
4832,483,147,552,82,100,19
4833,483,119,285,130,156,27
4834,483,72,724,186,211,26
4835,483,153,465,241,274,34
4836,483,97,256,304,309,6
4837,483,77,464,339,345,7
4838,483,103,4,375,395,21
4839,483,20,572,425,442,18
4840,484,67,486,0,16,17
4841,484,120,436,46,65,20
4842,484,85,304,95,100,6
4843,484,65,103,130,146,17
4844,484,13,382,176,194,19
4845,484,76,662,224,256,33
4846,484,144,657,286,293,8
4847,484,134,670,323,353,31
4848,484,151,91,383,412,30
4849,484,27,543,442,473,32
4850,485,130,249,0,38,39
4851,485,56,600,68,97,30
4852,485,139,624,127,132,6
4853,485,143,501,162,173,12
4854,485,142,145,203,246,44
4855,485,28,360,276,294,19
4856,485,73,469,324,334,11
4857,485,82,477,364,384,21
4858,485,96,364,414,440,27
4859,485,67,506,470,490,21
4860,486,46,44,0,11,12
4861,486,4,425,41,74,34
4862,486,89,143,104,135,32
4863,486,28,187,165,168,4
4864,486,34,231,198,206,9
4865,486,50,434,236,251,16
4866,486,85,316,281,296,16
4867,486,88,503,326,356,31
4868,486,89,283,386,398,13
4869,486,72,425,428,454,27
4870,487,141,521,0,15,16
4871,487,114,730,45,64,20
4872,487,152,654,94,101,8
4873,487,129,446,131,144,14
4874,487,94,395,174,174,1
4875,487,94,382,204,224,21
4876,487,76,11,254,274,21
4877,487,3,490,304,328,25
4878,487,98,426,358,376,19
4879,487,107,638,406,412,7
4880,488,42,355,0,18,19
4881,488,74,629,48,70,23
4882,488,134,333,100,132,33
4883,488,58,577,162,179,18
4884,488,128,534,209,210,2
4885,488,121,313,240,256,17
4886,488,68,572,286,309,24
4887,488,118,228,339,350,12
4888,488,71,727,380,400,21
4889,488,151,312,430,452,23
4890,489,47,259,0,15,16
4891,489,41,285,45,60,16
4892,489,73,233,90,108,19
4893,489,73,154,138,153,16
4894,489,30,6,183,216,34
4895,489,2,512,246,275,30
4896,489,105,350,305,325,21
4897,489,70,629,355,381,27
4898,489,134,329,411,434,24
4899,489,58,214,464,475,12
4900,490,133,49,0,34,35
4901,490,12,634,64,97,34
4902,490,144,59,127,170,44
4903,490,11,479,200,218,19
4904,490,102,733,248,277,30
4905,490,147,534,307,322,16
4906,490,102,491,352,367,16
4907,490,82,292,397,407,11
4908,490,61,332,437,441,5
4909,490,68,407,471,488,18
4910,491,116,418,0,22,23
4911,491,82,371,52,58,7
4912,491,81,317,88,96,9
4913,491,53,98,126,138,13
4914,491,17,226,168,184,17
4915,491,39,727,214,236,23
4916,491,151,446,266,291,26
4917,491,88,532,321,336,16
4918,491,103,13,366,390,25
4919,491,15,717,420,466,47
4920,492,70,461,0,9,10
4921,492,77,232,39,56,18
4922,492,32,149,86,101,16
4923,492,36,553,131,160,30
4924,492,103,594,190,208,19
4925,492,132,670,238,254,17
4926,492,138,314,284,314,31
4927,492,81,247,344,374,31
4928,492,37,394,404,434,31
4929,492,83,260,464,478,15
4930,493,40,237,0,13,14
4931,493,60,57,43,54,12
4932,493,15,649,84,113,30
4933,493,143,677,143,148,6
4934,493,119,348,178,195,18
4935,493,70,560,225,259,35
4936,493,137,263,289,308,20
4937,493,60,540,338,348,11
4938,493,106,430,378,408,31
4939,493,70,44,438,467,30
4940,494,108,115,0,23,24
4941,494,33,708,53,75,23
4942,494,134,548,105,129,25
4943,494,96,536,159,173,15
4944,494,111,270,203,224,22
4945,494,53,598,254,295,42
4946,494,132,209,325,349,25
4947,494,41,72,379,395,17
4948,494,8,252,425,452,28
4949,494,64,679,482,500,19
4950,495,154,354,0,24,25
4951,495,85,440,54,58,5
4952,495,86,225,88,108,21
4953,495,30,423,138,174,37
4954,495,95,472,204,208,5
4955,495,94,701,238,255,18
4956,495,147,434,285,299,15
4957,495,86,220,329,355,27
4958,495,48,556,385,438,54
4959,495,123,291,468,480,13
4960,496,86,411,0,0,1
4961,496,86,183,30,41,12
4962,496,32,282,71,78,8
4963,496,59,259,108,115,8
4964,496,41,111,145,146,2
4965,496,40,423,176,197,22
4966,496,84,138,227,247,21
4967,496,33,322,277,295,19
4968,496,70,359,325,346,22
4969,496,77,164,376,390,15
4970,497,115,358,0,21,22
4971,497,73,449,51,74,24
4972,497,95,287,104,131,28
4973,497,59,438,161,173,13
4974,497,104,641,203,221,19
4975,497,138,540,251,274,24
4976,497,112,687,304,311,8
4977,497,144,127,341,387,47
4978,497,13,335,417,440,24
4979,497,66,149,470,487,18
4980,498,21,676,0,39,40
4981,498,151,51,69,96,28
4982,498,11,75,126,150,25
4983,498,12,351,180,218,39
4984,498,74,348,248,254,7
4985,498,62,380,284,291,8
4986,498,76,5,321,341,21
4987,498,1,135,371,379,9
4988,498,2,744,409,471,63
4989,498,114,486,501,520,20
4990,499,81,342,0,1,2
4991,499,81,465,31,42,12
4992,499,98,496,72,80,9
4993,499,94,32,110,152,43
4994,499,11,207,182,190,9
4995,499,40,739,220,265,46
4996,499,136,673,295,313,19
4997,499,151,537,343,358,16
4998,499,111,362,388,389,2
4999,499,104,454,419,433,15
