trip_id,vehicle_id,start_parking_O,destination_I,ending_parking_E,success_attempt_number
0,0,47,511,106,1
1,0,106,619,118,1
2,0,118,360,73,1
3,0,73,531,110,2
4,0,110,409,77,1
5,0,77,3,1,1
6,0,1,92,27,3
7,0,27,354,74,3
8,0,74,288,51,1
9,0,51,518,106,1
10,1,74,174,37,15
11,1,37,733,146,2
12,1,146,547,116,1
13,1,116,36,3,1
14,1,3,17,22,3
15,1,22,260,41,1
16,1,41,587,125,1
17,1,125,613,115,2
18,1,115,251,108,1
19,1,108,364,67,1
20,2,56,340,81,3
21,2,81,557,123,1
22,2,123,510,103,1
23,2,103,432,96,2
24,2,96,264,67,2
25,2,67,605,134,1
26,2,134,706,146,1
27,2,146,608,125,1
28,2,125,398,99,1
29,2,99,229,44,1
30,3,65,464,97,1
31,3,97,615,142,2
32,3,142,386,146,1
33,3,146,298,38,1
34,3,38,405,63,1
35,3,63,233,40,2
36,3,40,333,58,1
37,3,58,519,125,1
38,3,125,43,5,1
39,3,5,52,0,1
40,4,89,525,108,4
41,4,108,337,79,2
42,4,79,7,2,1
43,4,2,469,79,2
44,4,79,306,73,1
45,4,73,85,25,4
46,4,25,527,89,4
47,4,89,539,123,1
48,4,123,292,69,1
49,4,69,233,40,3
50,5,134,309,67,1
51,5,67,520,112,1
52,5,112,589,115,3
53,5,115,668,138,2
54,5,138,277,54,3
55,5,54,652,121,1
56,5,121,61,41,1
57,5,41,379,71,1
58,5,71,551,102,1
59,5,102,350,71,1
60,6,84,197,37,2
61,6,37,584,135,3
62,6,135,638,132,1
63,6,132,216,46,2
64,6,46,459,109,3
65,6,109,543,113,1
66,6,113,80,37,1
67,6,37,354,57,2
68,6,57,582,135,1
69,6,135,170,22,2
70,7,72,364,79,2
71,7,79,14,4,1
72,7,4,554,121,3
73,7,121,474,115,3
74,7,115,538,123,1
75,7,123,668,138,2
76,7,138,499,95,1
77,7,95,297,61,3
78,7,61,461,85,2
79,7,85,478,96,6
80,8,80,398,90,3
81,8,90,568,126,1
82,8,126,267,60,1
83,8,60,281,59,1
84,8,59,352,74,4
85,8,74,472,94,9
86,8,94,283,41,1
87,8,41,196,37,2
88,8,37,284,59,4
89,8,59,380,70,1
90,9,144,405,76,1
91,9,76,494,112,1
92,9,112,397,95,1
93,9,95,506,101,2
94,9,101,337,68,2
95,9,68,679,146,3
96,9,146,110,32,1
97,9,32,57,11,1
98,9,11,112,41,2
99,9,41,531,110,3
100,10,58,119,34,6
101,10,34,316,61,1
102,10,61,593,116,2
103,10,116,103,13,2
104,10,13,343,53,2
105,10,53,390,78,2
106,10,78,684,148,2
107,10,148,353,76,2
108,10,76,260,66,6
109,10,66,144,21,7
110,11,57,282,58,2
111,11,58,393,81,1
112,11,81,146,28,4
113,11,28,533,121,1
114,11,121,140,27,1
115,11,27,605,133,3
116,11,133,473,95,1
117,11,95,449,95,2
118,11,95,338,68,1
119,11,68,373,81,1
120,12,113,275,54,5
121,12,54,132,26,6
122,12,26,293,47,5
123,12,47,305,67,2
124,12,67,483,110,1
125,12,110,466,105,1
126,12,105,320,70,1
127,12,70,371,78,1
128,12,78,318,83,2
129,12,83,135,26,2
130,13,49,628,147,3
131,13,147,211,45,2
132,13,45,721,153,1
133,13,153,489,104,1
134,13,104,296,48,1
135,13,48,446,84,1
136,13,84,350,71,2
137,13,71,26,6,1
138,13,6,502,107,2
139,13,107,410,86,1
140,14,123,237,50,2
141,14,50,282,59,1
142,14,59,269,55,1
143,14,55,625,143,5
144,14,143,355,77,1
145,14,77,579,129,1
146,14,129,13,7,2
147,14,7,383,65,1
148,14,65,447,81,3
149,14,81,309,59,1
150,15,75,333,68,1
151,15,68,380,74,1
152,15,74,451,85,1
153,15,85,338,78,1
154,15,78,485,97,1
155,15,97,574,110,5
156,15,110,216,68,1
157,15,68,386,77,1
158,15,77,364,86,3
159,15,86,288,60,2
160,16,64,529,118,2
161,16,118,734,154,1
162,16,154,279,71,6
163,16,71,580,134,1
164,16,134,66,7,3
165,16,7,100,23,1
166,16,23,573,118,4
167,16,118,33,11,7
168,16,11,17,5,1
169,16,5,455,89,1
170,17,58,359,72,1
171,17,72,341,67,1
172,17,67,157,44,3
173,17,44,629,133,3
174,17,133,157,31,4
175,17,31,410,77,2
176,17,77,672,151,2
177,17,151,383,77,2
178,17,77,476,116,2
179,17,116,512,104,4
180,18,12,510,122,3
181,18,122,452,90,2
182,18,90,602,105,1
183,18,105,324,71,1
184,18,71,279,58,1
185,18,58,534,121,1
186,18,121,322,70,1
187,18,70,349,54,2
188,18,54,219,22,1
189,18,22,41,16,1
190,19,117,497,95,1
191,19,95,253,57,5
192,19,57,616,138,1
193,19,138,575,119,1
194,19,119,317,53,1
195,19,53,249,38,2
196,19,38,744,141,1
197,19,141,390,78,1
198,19,78,412,86,1
199,19,86,286,59,1
200,20,29,477,90,1
201,20,90,361,78,3
202,20,78,451,99,1
203,20,99,538,123,3
204,20,123,260,51,2
205,20,51,484,97,1
206,20,97,188,52,1
207,20,52,104,38,1
208,20,38,159,31,1
209,20,31,287,60,5
210,21,46,487,97,3
211,21,97,69,5,7
212,21,5,120,34,2
213,21,34,738,154,4
214,21,154,52,13,2
215,21,13,318,47,1
216,21,47,214,52,1
217,21,52,741,149,4
218,21,149,656,148,1
219,21,148,601,128,1
220,22,8,743,149,2
221,22,149,653,147,1
222,22,147,85,31,1
223,22,31,264,59,1
224,22,59,173,38,1
225,22,38,547,115,1
226,22,115,336,79,3
227,22,79,420,80,1
228,22,80,507,97,1
229,22,97,699,143,1
230,23,74,153,29,1
231,23,29,216,53,2
232,23,53,502,99,1
233,23,99,487,119,1
234,23,119,305,32,4
235,23,32,381,74,1
236,23,74,141,27,1
237,23,27,406,70,1
238,23,70,401,85,4
239,23,85,545,115,1
240,24,6,518,113,4
241,24,113,14,5,2
242,24,5,390,78,1
243,24,78,268,55,2
244,24,55,374,99,1
245,24,99,97,17,1
246,24,17,89,27,2
247,24,27,248,56,2
248,24,56,417,78,1
249,24,78,550,103,1
250,25,66,153,29,1
251,25,29,383,77,1
252,25,77,330,73,4
253,25,73,510,110,3
254,25,110,188,34,1
255,25,34,328,74,2
256,25,74,445,83,6
257,25,83,78,10,1
258,25,10,434,77,1
259,25,77,497,112,2
260,26,67,118,16,1
261,26,16,693,150,1
262,26,150,16,7,2
263,26,7,48,9,2
264,26,9,285,73,2
265,26,73,220,61,2
266,26,61,419,81,1
267,26,81,534,78,1
268,26,78,291,69,1
269,26,69,347,63,1
270,27,112,609,137,1
271,27,137,40,7,1
272,27,7,521,94,4
273,27,94,283,72,1
274,27,72,742,140,1
275,27,140,708,147,3
276,27,147,81,31,1
277,27,31,502,99,2
278,27,99,179,57,1
279,27,57,391,82,2
280,28,99,342,81,1
281,28,81,732,152,2
282,28,152,641,150,3
283,28,150,609,137,1
284,28,137,533,128,4
285,28,128,90,16,1
286,28,16,219,53,1
287,28,53,503,96,3
288,28,96,54,14,2
289,28,14,413,121,3
290,29,95,38,27,4
291,29,27,160,39,4
292,29,39,714,149,3
293,29,149,705,154,1
294,29,154,541,112,1
295,29,112,479,101,1
296,29,101,93,15,1
297,29,15,128,38,1
298,29,38,741,140,1
299,29,140,678,147,1
300,30,146,682,147,1
301,30,147,88,32,1
302,30,32,539,123,1
303,30,123,611,130,4
304,30,130,428,101,1
305,30,101,170,36,3
306,30,36,363,78,1
307,30,78,578,129,1
308,30,129,489,111,2
309,30,111,518,125,1
310,31,78,415,104,1
311,31,104,498,94,3
312,31,94,695,150,1
313,31,150,587,130,3
314,31,130,642,145,1
315,31,145,433,96,1
316,31,96,637,144,2
317,31,144,395,81,1
318,31,81,460,86,1
319,31,86,579,129,3
320,32,73,78,1,1
321,32,1,32,2,1
322,32,2,315,69,1
323,32,69,25,6,1
324,32,6,347,74,3
325,32,74,556,105,2
326,32,105,704,152,2
327,32,152,204,40,2
328,32,40,523,99,1
329,32,99,496,94,2
330,33,97,286,66,1
331,33,66,426,89,1
332,33,89,549,126,5
333,33,126,12,27,5
334,33,27,194,47,3
335,33,47,399,90,2
336,33,90,659,134,3
337,33,134,42,4,1
338,33,4,204,31,3
339,33,31,575,103,2
340,34,144,354,65,1
341,34,65,253,58,6
342,34,58,364,82,2
343,34,82,133,26,1
344,34,26,261,59,1
345,34,59,248,54,1
346,34,54,717,153,3
347,34,153,331,66,2
348,34,66,224,38,3
349,34,38,141,33,1
350,35,74,383,77,1
351,35,77,457,102,3
352,35,102,350,58,1
353,35,58,452,96,2
354,35,96,638,138,1
355,35,138,56,11,1
356,35,11,357,77,2
357,35,77,510,104,2
358,35,104,79,10,1
359,35,10,659,148,1
360,36,64,311,59,1
361,36,59,273,48,1
362,36,48,215,52,1
363,36,52,85,26,2
364,36,26,478,96,1
365,36,96,433,90,1
366,36,90,634,136,1
367,36,136,515,123,1
368,36,123,613,142,2
369,36,142,580,106,3
370,37,52,68,16,5
371,37,16,15,4,1
372,37,4,663,137,1
373,37,137,626,133,2
374,37,133,34,2,1
375,37,2,326,62,1
376,37,62,127,25,3
377,37,25,484,89,1
378,37,89,498,95,3
379,37,95,137,33,3
380,38,103,507,103,4
381,38,103,444,82,1
382,38,82,405,71,4
383,38,71,391,75,1
384,38,75,497,94,1
385,38,94,549,126,2
386,38,126,510,121,2
387,38,121,201,30,2
388,38,30,392,80,1
389,38,80,394,81,1
390,39,20,512,103,3
391,39,103,40,7,2
392,39,7,353,70,1
393,39,70,306,65,2
394,39,65,362,59,1
395,39,59,261,50,3
396,39,50,287,45,5
397,39,45,335,67,1
398,39,67,35,26,1
399,39,26,199,56,1
400,40,80,626,133,1
401,40,133,323,54,2
402,40,54,320,54,2
403,40,54,228,20,3
404,40,20,537,104,1
405,40,104,249,101,1
406,40,101,259,66,2
407,40,66,271,36,1
408,40,36,202,54,3
409,40,54,332,66,4
410,41,72,335,52,2
411,41,52,187,52,2
412,41,52,637,141,3
413,41,141,508,109,3
414,41,109,602,119,1
415,41,119,162,33,2
416,41,33,133,41,1
417,41,41,620,109,4
418,41,109,462,85,1
419,41,85,370,87,2
420,42,134,367,80,3
421,42,80,541,88,2
422,42,88,342,84,1
423,42,84,342,61,2
424,42,61,407,85,1
425,42,85,692,145,2
426,42,145,287,66,2
427,42,66,483,97,2
428,42,97,198,49,3
429,42,49,206,44,1
430,43,85,379,76,1
431,43,76,596,127,1
432,43,127,192,47,3
433,43,47,321,63,1
434,43,63,653,147,3
435,43,147,489,105,7
436,43,105,375,54,1
437,43,54,336,82,1
438,43,82,510,110,8
439,43,110,590,138,1
440,44,124,580,134,1
441,44,134,598,127,2
442,44,127,207,31,5
443,44,31,662,137,3
444,44,137,484,110,1
445,44,110,483,103,3
446,44,103,659,135,1
447,44,135,553,97,1
448,44,97,455,89,2
449,44,89,344,48,1
450,45,0,725,146,1
451,45,146,36,2,10
452,45,2,467,89,4
453,45,89,360,77,1
454,45,77,313,68,1
455,45,68,744,140,4
456,45,140,492,123,2
457,45,123,294,69,1
458,45,69,392,81,2
459,45,81,512,111,1
460,46,150,271,60,1
461,46,60,712,137,1
462,46,137,499,95,9
463,46,95,241,55,1
464,46,55,26,6,4
465,46,6,667,145,1
466,46,145,492,105,1
467,46,105,691,153,1
468,46,153,422,84,1
469,46,84,713,149,1
470,47,14,267,78,2
471,47,78,329,86,2
472,47,86,403,118,1
473,47,118,425,54,1
474,47,54,569,132,5
475,47,132,17,18,1
476,47,18,314,61,1
477,47,61,438,86,1
478,47,86,31,25,1
479,47,25,15,7,1
480,48,7,64,15,1
481,48,15,370,61,2
482,48,61,15,4,1
483,48,4,233,41,2
484,48,41,527,89,1
485,48,89,275,54,1
486,48,54,317,55,1
487,48,55,472,91,1
488,48,91,217,43,1
489,48,43,623,139,1
490,49,69,438,86,1
491,49,86,282,73,1
492,49,73,580,133,6
493,49,133,590,138,1
494,49,138,71,8,3
495,49,8,658,135,1
496,49,135,625,129,2
497,49,129,583,135,4
498,49,135,549,116,4
499,49,116,679,146,1
500,50,139,142,28,3
501,50,28,287,59,1
502,50,59,325,71,1
503,50,71,551,119,2
504,50,119,241,43,2
505,50,43,365,78,1
506,50,78,674,146,2
507,50,146,475,115,1
508,50,115,494,106,3
509,50,106,337,83,2
510,51,103,512,104,5
511,51,104,678,121,2
512,51,121,302,58,1
513,51,58,703,120,1
514,51,120,483,102,2
515,51,102,49,12,1
516,51,12,44,8,4
517,51,8,456,90,2
518,51,90,280,64,1
519,51,64,558,123,2
520,52,26,670,151,2
521,52,151,11,4,2
522,52,4,457,85,1
523,52,85,388,77,1
524,52,77,10,2,2
525,52,2,697,150,2
526,52,150,376,54,2
527,52,54,652,147,1
528,52,147,626,139,1
529,52,139,333,66,4
530,53,44,400,76,1
531,53,76,691,145,1
532,53,145,184,50,1
533,53,50,441,78,1
534,53,78,577,139,1
535,53,139,598,143,1
536,53,143,732,143,2
537,53,143,491,111,1
538,53,111,341,69,1
539,53,69,540,79,2
540,54,39,384,77,1
541,54,77,280,76,1
542,54,76,636,149,2
543,54,149,482,102,1
544,54,102,137,32,1
545,54,32,545,131,1
546,54,131,532,120,1
547,54,120,702,146,1
548,54,146,475,115,1
549,54,115,634,144,1
550,55,8,598,127,4
551,55,127,290,59,4
552,55,59,291,55,2
553,55,55,166,34,1
554,55,34,266,60,2
555,55,60,513,78,1
556,55,78,652,139,1
557,55,139,602,128,2
558,55,128,342,69,1
559,55,69,470,91,2
560,56,16,724,151,2
561,56,151,695,151,2
562,56,151,122,16,1
563,56,16,730,118,5
564,56,118,358,86,2
565,56,86,477,89,1
566,56,89,221,10,1
567,56,10,232,32,3
568,56,32,376,62,1
569,56,62,425,89,2
570,57,70,564,131,1
571,57,131,287,72,3
572,57,72,630,133,5
573,57,133,734,147,1
574,57,147,407,85,1
575,57,85,1,6,2
576,57,6,449,95,3
577,57,95,430,89,2
578,57,89,378,62,1
579,57,62,560,137,1
580,58,83,549,118,1
581,58,118,598,127,2
582,58,127,406,76,1
583,58,76,39,3,1
584,58,3,82,14,1
585,58,14,484,97,8
586,58,97,25,6,2
587,58,6,437,72,1
588,58,72,513,105,1
589,58,105,448,88,1
590,59,70,349,56,1
591,59,56,605,133,1
592,59,133,68,15,1
593,59,15,324,63,1
594,59,63,332,72,1
595,59,72,88,2,1
596,59,2,71,8,1
597,59,8,464,94,1
598,59,94,378,64,2
599,59,64,159,31,3
600,60,151,116,42,6
601,60,42,523,115,1
602,60,115,370,81,1
603,60,81,476,90,1
604,60,90,206,76,1
605,60,76,362,97,1
606,60,97,401,77,1
607,60,77,113,27,1
608,60,27,333,75,2
609,60,75,637,140,5
610,61,70,487,119,1
611,61,119,727,143,1
612,61,143,347,107,2
613,61,107,618,138,1
614,61,138,126,19,5
615,61,19,221,54,2
616,61,54,35,26,2
617,61,26,627,147,1
618,61,147,454,89,1
619,61,89,544,95,3
620,62,119,118,33,1
621,62,33,336,67,3
622,62,67,532,120,7
623,62,120,33,11,1
624,62,11,536,112,2
625,62,112,596,132,1
626,62,132,675,143,5
627,62,143,455,89,1
628,62,89,515,105,1
629,62,105,321,62,2
630,63,150,596,151,1
631,63,151,294,61,1
632,63,61,731,139,3
633,63,139,90,15,1
634,63,15,401,89,2
635,63,89,576,120,1
636,63,120,582,135,1
637,63,135,273,48,1
638,63,48,463,86,1
639,63,86,428,100,1
640,64,120,377,56,5
641,64,56,461,110,4
642,64,110,686,144,1
643,64,144,25,6,2
644,64,6,556,122,1
645,64,122,206,39,1
646,64,39,98,22,3
647,64,22,737,154,2
648,64,154,111,32,1
649,64,32,496,94,3
650,65,152,497,113,6
651,65,113,347,71,2
652,65,71,390,68,2
653,65,68,620,127,2
654,65,127,14,15,7
655,65,15,329,74,2
656,65,74,397,88,4
657,65,88,465,129,1
658,65,129,258,73,1
659,65,73,214,34,1
660,66,85,60,32,1
661,66,32,444,98,2
662,66,98,611,140,4
663,66,140,296,61,3
664,66,61,623,143,1
665,66,143,650,120,3
666,66,120,556,133,1
667,66,133,445,82,1
668,66,82,312,68,2
669,66,68,569,138,3
670,67,75,40,15,1
671,67,15,177,29,2
672,67,29,215,68,3
673,67,68,70,12,1
674,67,12,454,90,1
675,67,90,576,120,1
676,67,120,531,119,1
677,67,119,415,86,4
678,67,86,233,40,3
679,67,40,359,104,1
680,68,79,214,52,3
681,68,52,141,34,1
682,68,34,530,101,1
683,68,101,93,15,6
684,68,15,195,48,1
685,68,48,549,132,2
686,68,132,648,127,1
687,68,127,531,128,1
688,68,128,117,15,1
689,68,15,381,70,1
690,69,54,411,73,3
691,69,73,738,135,1
692,69,135,463,86,1
693,69,86,309,66,3
694,69,66,687,149,1
695,69,149,494,106,1
696,69,106,535,104,6
697,69,104,329,73,2
698,69,73,51,10,1
699,69,10,440,98,1
700,70,127,611,141,4
701,70,141,120,34,1
702,70,34,81,14,1
703,70,14,184,50,1
704,70,50,173,23,1
705,70,23,475,99,1
706,70,99,348,54,3
707,70,54,366,60,1
708,70,60,261,66,3
709,70,66,494,91,1
710,71,39,415,104,1
711,71,104,435,85,1
712,71,85,132,20,1
713,71,20,41,7,3
714,71,7,460,97,1
715,71,97,657,134,4
716,71,134,31,11,4
717,71,11,680,146,2
718,71,146,516,92,1
719,71,92,653,144,1
720,72,117,70,17,3
721,72,17,53,10,2
722,72,10,111,30,2
723,72,30,616,138,1
724,72,138,328,77,2
725,72,77,554,121,2
726,72,121,186,42,3
727,72,42,444,79,1
728,72,79,341,80,1
729,72,80,92,21,3
730,73,111,550,101,3
731,73,101,568,107,2
732,73,107,73,17,3
733,73,17,102,10,1
734,73,10,423,87,2
735,73,87,465,104,1
736,73,104,489,82,1
737,73,82,344,53,2
738,73,53,303,57,4
739,73,57,489,111,2
740,74,68,174,29,2
741,74,29,463,103,1
742,74,103,460,103,1
743,74,103,206,40,1
744,74,40,371,81,1
745,74,81,126,12,4
746,74,12,636,141,2
747,74,141,329,77,1
748,74,77,612,99,1
749,74,99,328,65,1
750,75,99,637,130,3
751,75,130,313,68,2
752,75,68,699,143,8
753,75,143,588,140,8
754,75,140,461,109,1
755,75,109,569,132,1
756,75,132,525,107,1
757,75,107,619,101,1
758,75,101,317,69,1
759,75,69,491,91,1
760,76,89,455,90,2
761,76,90,561,140,1
762,76,140,287,66,1
763,76,66,492,106,4
764,76,106,257,59,1
765,76,59,356,72,1
766,76,72,234,41,1
767,76,41,243,53,1
768,76,53,458,85,1
769,76,85,45,8,1
770,77,147,177,44,3
771,77,44,481,101,1
772,77,101,531,103,1
773,77,103,723,151,2
774,77,151,289,67,1
775,77,67,714,140,2
776,77,140,418,82,2
777,77,82,409,77,1
778,77,77,427,89,1
779,77,89,66,15,1
780,78,98,224,38,3
781,78,38,117,15,1
782,78,15,375,54,6
783,78,54,493,106,2
784,78,106,30,11,1
785,78,11,29,1,1
786,78,1,304,58,3
787,78,58,428,89,1
788,78,89,105,14,2
789,78,14,357,73,1
790,79,54,182,59,1
791,79,59,680,147,2
792,79,147,604,133,4
793,79,133,394,94,1
794,79,94,181,40,1
795,79,40,284,59,3
796,79,59,368,81,2
797,79,81,116,27,1
798,79,27,731,146,3
799,79,146,282,58,1
800,80,120,408,76,1
801,80,76,691,115,1
802,80,115,598,128,1
803,80,128,187,45,2
804,80,45,331,73,7
805,80,73,389,86,1
806,80,86,384,64,2
807,80,64,361,66,2
808,80,66,430,85,1
809,80,85,332,50,3
810,81,39,34,2,1
811,81,2,712,149,3
812,81,149,660,136,1
813,81,136,569,126,3
814,81,126,114,27,1
815,81,27,440,82,2
816,81,82,348,54,1
817,81,54,334,67,2
818,81,67,707,147,1
819,81,147,277,62,2
820,82,31,12,26,1
821,82,26,113,32,1
822,82,32,738,144,1
823,82,144,68,4,7
824,82,4,245,53,2
825,82,53,426,62,1
826,82,62,30,25,1
827,82,25,430,89,2
828,82,89,670,132,1
829,82,132,116,27,1
830,83,34,573,127,1
831,83,127,381,76,2
832,83,76,510,103,1
833,83,103,426,115,4
834,83,115,732,152,2
835,83,152,409,77,2
836,83,77,692,150,5
837,83,150,447,88,6
838,83,88,319,48,1
839,83,48,277,63,1
840,84,119,447,94,1
841,84,94,71,17,1
842,84,17,435,77,1
843,84,77,181,39,1
844,84,39,157,26,5
845,84,26,140,15,2
846,84,15,53,13,1
847,84,13,682,146,2
848,84,146,542,125,6
849,84,125,186,35,1
850,85,33,90,27,1
851,85,27,469,73,1
852,85,73,355,73,3
853,85,73,58,44,1
854,85,44,692,153,2
855,85,153,597,132,1
856,85,132,39,11,5
857,85,11,9,2,1
858,85,2,235,32,5
859,85,32,308,41,1
860,86,40,306,41,1
861,86,41,469,82,4
862,86,82,634,135,1
863,86,135,127,54,5
864,86,54,81,13,1
865,86,13,546,115,3
866,86,115,51,10,1
867,86,10,241,69,3
868,86,69,681,147,1
869,86,147,585,93,1
870,87,81,10,2,1
871,87,2,342,61,1
872,87,61,263,60,1
873,87,60,453,90,1
874,87,90,309,73,6
875,87,73,68,16,4
876,87,16,415,82,1
877,87,82,267,55,1
878,87,55,493,92,4
879,87,92,185,45,8
880,88,60,731,146,1
881,88,146,279,63,1
882,88,63,586,125,1
883,88,125,511,104,1
884,88,104,330,72,3
885,88,72,623,143,2
886,88,143,219,53,1
887,88,53,583,125,4
888,88,125,344,53,2
889,88,53,338,75,2
890,89,56,522,130,2
891,89,130,609,137,2
892,89,137,567,138,1
893,89,138,417,82,2
894,89,82,350,62,1
895,89,62,632,123,3
896,89,123,102,24,2
897,89,24,739,148,1
898,89,148,517,106,1
899,89,106,71,17,1
900,90,61,172,48,2
901,90,48,602,128,2
902,90,128,554,129,5
903,90,129,501,99,3
904,90,99,83,20,1
905,90,20,706,146,2
906,90,146,410,86,1
907,90,86,309,59,4
908,90,59,109,31,1
909,90,31,217,46,5
910,91,50,249,56,2
911,91,56,307,66,1
912,91,66,495,144,2
913,91,144,276,64,8
914,91,64,165,34,2
915,91,34,177,30,4
916,91,30,190,28,2
917,91,28,385,73,1
918,91,73,281,65,2
919,91,65,448,92,3
920,92,54,436,86,2
921,92,86,570,126,1
922,92,126,595,132,1
923,92,132,574,143,3
924,92,143,571,117,1
925,92,117,57,25,2
926,92,25,286,50,2
927,92,50,434,85,1
928,92,85,571,101,1
929,92,101,500,95,1
930,93,106,210,42,4
931,93,42,6,6,1
932,93,6,440,104,1
933,93,104,527,90,9
934,93,90,436,44,1
935,93,44,2,1,3
936,93,1,339,68,1
937,93,68,56,30,1
938,93,30,261,60,1
939,93,60,213,67,2
940,94,93,668,145,4
941,94,145,497,94,1
942,94,94,585,125,1
943,94,125,527,96,3
944,94,96,327,71,2
945,94,71,471,94,3
946,94,94,169,43,3
947,94,43,219,47,1
948,94,47,561,125,5
949,94,125,570,117,1
950,95,81,279,71,1
951,95,71,310,60,4
952,95,60,322,70,1
953,95,70,373,81,4
954,95,81,488,121,1
955,95,121,86,2,1
956,95,2,602,134,1
957,95,134,736,154,1
958,95,154,89,16,1
959,95,16,676,152,1
960,96,68,575,119,1
961,96,119,644,117,3
962,96,117,622,143,4
963,96,143,334,78,1
964,96,78,337,69,2
965,96,69,62,32,1
966,96,32,653,119,2
967,96,119,106,20,1
968,96,20,82,20,3
969,96,20,443,123,3
970,97,89,505,89,3
971,97,89,284,39,1
972,97,39,512,104,1
973,97,104,650,128,5
974,97,128,677,143,1
975,97,143,536,104,1
976,97,104,412,73,1
977,97,73,391,78,2
978,97,78,245,48,1
979,97,48,193,47,1
980,98,10,64,27,2
981,98,27,364,83,2
982,98,83,543,113,5
983,98,113,531,103,2
984,98,103,515,111,2
985,98,111,392,79,2
986,98,79,296,53,1
987,98,53,418,82,8
988,98,82,420,87,2
989,98,87,503,107,2
990,99,31,82,14,3
991,99,14,336,78,2
992,99,78,593,138,1
993,99,138,158,20,2
994,99,20,596,118,1
995,99,118,164,45,2
996,99,45,401,90,1
997,99,90,36,2,4
998,99,2,67,15,1
999,99,15,536,122,1
1000,100,118,462,86,4
1001,100,86,314,46,1
1002,100,46,356,50,2
1003,100,50,90,27,1
1004,100,27,387,41,1
1005,100,41,676,127,1
1006,100,127,460,101,1
1007,100,101,358,72,1
1008,100,72,635,136,2
1009,100,136,222,54,2
1010,101,128,70,16,1
1011,101,16,536,105,1
1012,101,105,60,11,1
1013,101,11,354,74,1
1014,101,74,358,73,1
1015,101,73,490,105,2
1016,101,105,322,70,1
1017,101,70,214,52,1
1018,101,52,34,2,1
1019,101,2,385,72,2
1020,102,54,185,42,2
1021,102,42,535,128,2
1022,102,128,177,44,3
1023,102,44,630,134,1
1024,102,134,177,44,1
1025,102,44,613,131,3
1026,102,131,143,34,1
1027,102,34,379,89,1
1028,102,89,366,80,1
1029,102,80,437,86,2
1030,103,76,258,66,1
1031,103,66,556,123,1
1032,103,123,259,57,5
1033,103,57,464,104,2
1034,103,104,194,48,2
1035,103,48,707,154,1
1036,103,154,508,103,2
1037,103,103,98,22,1
1038,103,22,438,97,2
1039,103,97,354,65,1
1040,104,111,213,52,2
1041,104,52,342,47,2
1042,104,47,668,150,1
1043,104,150,742,154,1
1044,104,154,380,65,1
1045,104,65,407,85,1
1046,104,85,725,151,2
1047,104,151,321,49,1
1048,104,49,40,32,1
1049,104,32,194,36,1
1050,105,66,114,33,4
1051,105,33,538,105,1
1052,105,105,579,133,5
1053,105,133,409,77,1
1054,105,77,632,135,4
1055,105,135,55,14,1
1056,105,14,384,72,1
1057,105,72,168,28,2
1058,105,28,395,80,1
1059,105,80,394,81,1
1060,106,37,308,58,1
1061,106,58,597,127,4
1062,106,127,1,0,1
1063,106,0,240,35,1
1064,106,35,310,66,1
1065,106,66,280,64,2
1066,106,64,283,58,1
1067,106,58,228,44,1
1068,106,44,614,138,1
1069,106,138,300,56,1
1070,107,91,339,68,3
1071,107,68,540,112,1
1072,107,112,649,120,1
1073,107,120,494,92,1
1074,107,92,132,26,1
1075,107,26,621,109,3
1076,107,109,652,139,1
1077,107,139,452,99,1
1078,107,99,235,50,1
1079,107,50,334,67,1
1080,108,50,206,39,1
1081,108,39,143,5,1
1082,108,5,388,59,2
1083,108,59,505,99,1
1084,108,99,628,139,2
1085,108,139,193,43,2
1086,108,43,646,102,1
1087,108,102,399,99,2
1088,108,99,648,132,1
1089,108,132,349,70,3
1090,109,127,294,61,1
1091,109,61,271,53,4
1092,109,53,19,8,1
1093,109,8,343,81,1
1094,109,81,525,116,7
1095,109,116,74,9,1
1096,109,9,540,124,1
1097,109,124,281,74,3
1098,109,74,341,61,2
1099,109,61,634,136,1
1100,110,72,303,63,5
1101,110,63,143,34,1
1102,110,34,712,144,2
1103,110,144,336,67,2
1104,110,67,741,149,1
1105,110,149,483,102,1
1106,110,102,652,146,1
1107,110,146,128,24,2
1108,110,24,217,46,2
1109,110,46,128,13,1
1110,111,40,90,15,1
1111,111,15,118,15,1
1112,111,15,516,112,1
1113,111,112,321,62,2
1114,111,62,63,15,1
1115,111,15,577,121,1
1116,111,121,254,57,1
1117,111,57,533,128,2
1118,111,128,191,22,4
1119,111,22,657,154,1
1120,112,11,209,50,3
1121,112,50,240,52,1
1122,112,52,15,4,1
1123,112,4,356,77,2
1124,112,77,408,76,1
1125,112,76,481,101,1
1126,112,101,161,41,2
1127,112,41,605,134,1
1128,112,134,33,2,1
1129,112,2,440,104,1
1130,113,111,315,69,1
1131,113,69,319,61,1
1132,113,61,453,116,6
1133,113,116,268,43,2
1134,113,43,332,75,3
1135,113,75,202,38,1
1136,113,38,358,77,2
1137,113,77,529,108,2
1138,113,108,581,123,1
1139,113,123,437,86,1
1140,114,154,703,152,1
1141,114,152,368,69,1
1142,114,69,312,51,2
1143,114,51,382,74,1
1144,114,74,3,1,7
1145,114,1,282,73,1
1146,114,73,270,53,6
1147,114,53,15,4,1
1148,114,4,319,48,1
1149,114,48,160,32,1
1150,115,65,178,14,3
1151,115,14,649,143,1
1152,115,143,164,34,3
1153,115,34,110,39,1
1154,115,39,196,23,2
1155,115,23,86,40,3
1156,115,40,362,66,1
1157,115,66,318,67,1
1158,115,67,316,61,2
1159,115,61,185,45,1
1160,116,94,120,16,1
1161,116,16,106,20,4
1162,116,20,534,121,2
1163,116,121,460,97,2
1164,116,97,256,41,1
1165,116,41,245,48,3
1166,116,48,468,92,1
1167,116,92,371,87,1
1168,116,87,434,85,1
1169,116,85,471,94,2
1170,117,95,402,89,1
1171,117,89,488,98,4
1172,117,98,177,38,2
1173,117,38,141,27,1
1174,117,27,484,97,4
1175,117,97,415,82,1
1176,117,82,389,82,1
1177,117,82,737,154,5
1178,117,154,431,90,8
1179,117,90,512,105,1
1180,118,102,571,118,1
1181,118,118,557,129,4
1182,118,129,66,15,4
1183,118,15,232,41,1
1184,118,41,727,151,1
1185,118,151,414,82,1
1186,118,82,654,147,1
1187,118,147,330,72,1
1188,118,72,85,11,1
1189,118,11,283,72,3
1190,119,53,169,43,1
1191,119,43,410,77,1
1192,119,77,56,25,1
1193,119,25,203,44,1
1194,119,44,20,12,2
1195,119,12,361,73,2
1196,119,73,173,23,1
1197,119,23,339,69,1
1198,119,69,596,119,2
1199,119,119,448,88,4
1200,120,45,228,44,1
1201,120,44,177,39,1
1202,120,39,252,63,1
1203,120,63,262,50,1
1204,120,50,595,117,2
1205,120,117,101,29,1
1206,120,29,42,7,2
1207,120,7,546,115,1
1208,120,115,510,86,3
1209,120,86,290,60,1
1210,121,63,635,144,1
1211,121,144,406,76,1
1212,121,76,695,153,2
1213,121,153,720,153,2
1214,121,153,272,55,1
1215,121,55,538,134,1
1216,121,134,465,86,2
1217,121,86,653,122,2
1218,121,122,628,133,2
1219,121,133,207,39,1
1220,122,68,661,140,4
1221,122,140,655,137,1
1222,122,137,736,154,1
1223,122,154,367,80,1
1224,122,80,307,40,1
1225,122,40,312,67,1
1226,122,67,439,91,1
1227,122,91,579,105,1
1228,122,105,381,76,1
1229,122,76,444,88,2
1230,123,103,316,61,1
1231,123,61,743,140,1
1232,123,140,669,150,3
1233,123,150,423,80,4
1234,123,80,346,74,1
1235,123,74,37,3,2
1236,123,3,165,34,5
1237,123,34,179,64,1
1238,123,64,666,145,4
1239,123,145,308,72,4
1240,124,7,357,72,1
1241,124,72,486,120,2
1242,124,120,268,61,2
1243,124,61,276,56,1
1244,124,56,443,78,1
1245,124,78,642,145,1
1246,124,145,530,108,1
1247,124,108,84,57,1
1248,124,57,356,77,1
1249,124,77,702,147,2
1250,125,149,566,107,1
1251,125,107,600,120,2
1252,125,120,651,146,2
1253,125,146,351,70,2
1254,125,70,556,123,10
1255,125,123,186,51,1
1256,125,51,403,90,2
1257,125,90,620,118,1
1258,125,118,612,131,1
1259,125,131,289,67,1
1260,126,85,159,39,1
1261,126,39,178,44,2
1262,126,44,268,81,1
1263,126,81,533,121,1
1264,126,121,455,89,5
1265,126,89,44,16,1
1266,126,16,44,17,3
1267,126,17,112,32,1
1268,126,32,262,51,2
1269,126,51,621,103,1
1270,127,91,106,10,3
1271,127,10,347,70,1
1272,127,70,459,89,1
1273,127,89,43,16,1
1274,127,16,260,66,1
1275,127,66,533,111,1
1276,127,111,199,56,1
1277,127,56,425,96,1
1278,127,96,510,120,1
1279,127,120,291,69,1
1280,128,105,325,74,1
1281,128,74,55,10,1
1282,128,10,615,138,1
1283,128,138,705,146,1
1284,128,146,239,55,1
1285,128,55,730,152,1
1286,128,152,106,26,1
1287,128,26,416,78,1
1288,128,78,195,53,1
1289,128,53,384,77,1
1290,129,60,412,73,2
1291,129,73,477,116,4
1292,129,116,521,114,3
1293,129,114,50,6,1
1294,129,6,212,33,1
1295,129,33,656,134,1
1296,129,134,573,127,5
1297,129,127,174,23,3
1298,129,23,216,43,1
1299,129,43,530,110,2
1300,130,57,626,128,3
1301,130,128,674,86,5
1302,130,86,477,100,1
1303,130,100,396,81,4
1304,130,81,519,113,2
1305,130,113,295,81,3
1306,130,81,738,125,1
1307,130,125,266,60,2
1308,130,60,590,145,2
1309,130,145,159,26,1
1310,131,59,180,41,1
1311,131,41,340,61,2
1312,131,61,674,151,2
1313,131,151,158,31,1
1314,131,31,309,59,1
1315,131,59,382,77,1
1316,131,77,36,7,2
1317,131,7,484,103,1
1318,131,103,707,147,2
1319,131,147,547,115,1
1320,132,7,713,141,3
1321,132,141,463,86,4
1322,132,86,289,67,1
1323,132,67,437,73,1
1324,132,73,644,132,1
1325,132,132,740,144,1
1326,132,144,617,118,1
1327,132,118,726,151,1
1328,132,151,157,44,1
1329,132,44,661,144,1
1330,133,26,429,89,1
1331,133,89,548,116,4
1332,133,116,327,65,1
1333,133,65,337,68,2
1334,133,68,564,115,1
1335,133,115,372,95,1
1336,133,95,337,68,1
1337,133,68,280,71,5
1338,133,71,627,139,1
1339,133,139,260,50,2
1340,134,68,502,99,6
1341,134,99,406,76,5
1342,134,76,6,32,3
1343,134,32,657,134,1
1344,134,134,159,39,4
1345,134,39,531,108,1
1346,134,108,624,146,3
1347,134,146,379,76,1
1348,134,76,35,3,2
1349,134,3,197,54,2
1350,135,88,83,39,1
1351,135,39,88,32,1
1352,135,32,89,32,2
1353,135,32,287,59,1
1354,135,59,310,50,1
1355,135,50,627,111,1
1356,135,111,413,111,3
1357,135,111,386,73,1
1358,135,73,649,143,3
1359,135,143,465,102,2
1360,136,132,393,69,1
1361,136,69,705,147,1
1362,136,147,202,44,1
1363,136,44,342,80,1
1364,136,80,209,33,2
1365,136,33,222,54,4
1366,136,54,129,29,1
1367,136,29,324,62,1
1368,136,62,260,59,4
1369,136,59,373,75,1
1370,137,66,198,29,1
1371,137,29,651,139,2
1372,137,139,547,131,1
1373,137,131,146,46,1
1374,137,46,250,64,4
1375,137,64,72,22,1
1376,137,22,596,132,1
1377,137,132,397,80,1
1378,137,80,650,120,2
1379,137,120,507,109,1
1380,138,52,534,121,1
1381,138,121,484,97,5
1382,138,97,261,59,2
1383,138,59,212,45,1
1384,138,45,490,104,1
1385,138,104,695,150,6
1386,138,150,411,77,1
1387,138,77,183,33,1
1388,138,33,93,15,1
1389,138,15,26,6,3
1390,139,149,610,137,4
1391,139,137,4,14,2
1392,139,14,3,1,3
1393,139,1,555,121,1
1394,139,121,259,59,1
1395,139,59,649,143,4
1396,139,143,585,136,1
1397,139,136,449,88,5
1398,139,88,245,48,1
1399,139,48,407,85,1
1400,140,139,621,143,1
1401,140,143,62,27,1
1402,140,27,198,38,6
1403,140,38,604,133,1
1404,140,133,287,50,2
1405,140,50,577,109,3
1406,140,109,580,105,3
1407,140,105,123,22,5
1408,140,22,386,78,2
1409,140,78,35,40,1
1410,141,45,731,152,1
1411,141,152,205,44,1
1412,141,44,324,70,1
1413,141,70,68,16,2
1414,141,16,446,81,3
1415,141,81,717,145,1
1416,141,145,652,146,1
1417,141,146,79,1,4
1418,141,1,331,73,5
1419,141,73,338,68,1
1420,142,77,544,130,1
1421,142,130,159,44,1
1422,142,44,628,133,1
1423,142,133,180,40,1
1424,142,40,291,61,2
1425,142,61,1,10,1
1426,142,10,362,78,2
1427,142,78,358,73,1
1428,142,73,665,138,2
1429,142,138,581,123,3
1430,143,14,733,152,2
1431,143,152,478,89,1
1432,143,89,447,75,1
1433,143,75,566,126,3
1434,143,126,382,76,1
1435,143,76,132,26,2
1436,143,26,202,44,1
1437,143,44,653,147,2
1438,143,147,412,59,1
1439,143,59,101,13,2
1440,144,64,714,140,1
1441,144,140,572,102,2
1442,144,102,487,86,2
1443,144,86,397,87,2
1444,144,87,174,23,2
1445,144,23,553,103,3
1446,144,103,19,52,1
1447,144,52,165,34,1
1448,144,34,548,108,3
1449,144,108,4,2,2
1450,145,74,703,146,1
1451,145,146,163,27,5
1452,145,27,4,14,1
1453,145,14,173,0,1
1454,145,0,737,148,2
1455,145,148,256,77,1
1456,145,77,339,69,1
1457,145,69,311,69,1
1458,145,69,304,68,1
1459,145,68,453,90,2
1460,146,106,176,24,2
1461,146,24,50,10,1
1462,146,10,555,122,2
1463,146,122,359,97,4
1464,146,97,330,77,1
1465,146,77,334,67,1
1466,146,67,175,38,1
1467,146,38,59,11,1
1468,146,11,51,10,2
1469,146,10,282,58,2
1470,147,150,286,59,1
1471,147,59,479,132,2
1472,147,132,483,109,1
1473,147,109,189,34,4
1474,147,34,139,45,2
1475,147,45,380,76,1
1476,147,76,235,59,3
1477,147,59,88,39,1
1478,147,39,646,126,1
1479,147,126,575,119,2
1480,148,108,438,103,1
1481,148,103,125,28,1
1482,148,28,259,59,3
1483,148,59,435,85,2
1484,148,85,521,130,2
1485,148,130,41,5,2
1486,148,5,396,80,2
1487,148,80,311,67,1
1488,148,67,564,115,1
1489,148,115,384,77,1
1490,149,99,459,109,1
1491,149,109,413,73,2
1492,149,73,232,41,1
1493,149,41,702,151,4
1494,149,151,352,63,2
1495,149,63,371,83,1
1496,149,83,513,105,1
1497,149,105,412,85,1
1498,149,85,244,55,2
1499,149,55,59,2,3
1500,150,132,393,87,3
1501,150,87,726,151,1
1502,150,151,17,8,1
1503,150,8,250,63,1
1504,150,63,375,70,1
1505,150,70,531,109,1
1506,150,109,45,8,3
1507,150,8,515,123,1
1508,150,123,306,58,1
1509,150,58,348,62,3
1510,151,73,447,87,2
1511,151,87,743,149,3
1512,151,149,199,38,1
1513,151,38,548,126,1
1514,151,126,528,118,5
1515,151,118,39,3,2
1516,151,3,293,61,1
1517,151,61,381,74,2
1518,151,74,150,36,1
1519,151,36,266,52,1
1520,152,75,132,25,1
1521,152,25,71,28,2
1522,152,28,362,104,1
1523,152,104,539,105,1
1524,152,105,365,68,5
1525,152,68,193,22,5
1526,152,22,442,87,1
1527,152,87,493,91,1
1528,152,91,41,7,2
1529,152,7,493,87,1
1530,153,144,156,31,1
1531,153,31,306,72,1
1532,153,72,33,1,3
1533,153,1,123,22,3
1534,153,22,241,61,1
1535,153,61,267,46,2
1536,153,46,173,107,2
1537,153,107,332,73,1
1538,153,73,514,104,1
1539,153,104,79,13,3
1540,154,80,448,78,1
1541,154,78,410,82,1
1542,154,82,139,33,2
1543,154,33,592,126,3
1544,154,126,480,118,1
1545,154,118,718,153,1
1546,154,153,281,57,2
1547,154,57,143,16,1
1548,154,16,111,32,1
1549,154,32,543,114,1
1550,155,80,181,38,2
1551,155,38,491,105,2
1552,155,105,156,30,1
1553,155,30,175,38,1
1554,155,38,76,9,3
1555,155,9,161,41,3
1556,155,41,334,82,4
1557,155,82,421,92,1
1558,155,92,100,23,1
1559,155,23,308,59,3
1560,156,15,17,8,1
1561,156,8,533,119,1
1562,156,119,472,95,2
1563,156,95,86,11,2
1564,156,11,251,56,1
1565,156,56,410,77,3
1566,156,77,321,62,1
1567,156,62,226,63,1
1568,156,63,604,129,1
1569,156,129,185,45,1
1570,157,139,251,64,1
1571,157,64,56,11,1
1572,157,11,259,59,1
1573,157,59,399,64,1
1574,157,64,145,28,2
1575,157,28,330,59,1
1576,157,59,491,123,1
1577,157,123,739,135,1
1578,157,135,389,66,1
1579,157,66,524,107,4
1580,158,115,248,62,2
1581,158,62,476,107,7
1582,158,107,316,69,1
1583,158,69,440,111,4
1584,158,111,61,11,2
1585,158,11,445,84,3
1586,158,84,257,40,1
1587,158,40,633,112,1
1588,158,112,6,11,1
1589,158,11,167,34,1
1590,159,58,200,54,1
1591,159,54,677,119,2
1592,159,119,266,60,1
1593,159,60,40,4,2
1594,159,4,97,22,1
1595,159,22,194,36,1
1596,159,36,465,33,1
1597,159,33,228,58,1
1598,159,58,260,68,1
1599,159,68,169,48,1
1600,160,147,471,113,1
1601,160,113,370,94,1
1602,160,94,396,95,1
1603,160,95,63,3,1
1604,160,3,312,67,1
1605,160,67,528,117,10
1606,160,117,726,151,1
1607,160,151,356,77,5
1608,160,77,649,143,5
1609,160,143,653,147,3
1610,161,115,627,129,1
1611,161,129,213,60,1
1612,161,60,89,32,1
1613,161,32,483,85,1
1614,161,85,672,118,3
1615,161,118,285,59,1
1616,161,59,135,2,1
1617,161,2,19,8,1
1618,161,8,435,72,2
1619,161,72,312,60,4
1620,162,113,208,41,1
1621,162,41,459,85,1
1622,162,85,68,5,2
1623,162,5,29,14,2
1624,162,14,30,2,2
1625,162,2,277,62,2
1626,162,62,14,4,1
1627,162,4,325,74,2
1628,162,74,268,60,1
1629,162,60,381,76,1
1630,163,138,183,41,1
1631,163,41,270,47,3
1632,163,47,646,138,1
1633,163,138,260,59,1
1634,163,59,390,67,2
1635,163,67,351,70,1
1636,163,70,453,89,2
1637,163,89,521,114,3
1638,163,114,610,130,1
1639,163,130,88,3,1
1640,164,33,326,71,1
1641,164,71,362,66,1
1642,164,66,324,70,2
1643,164,70,618,151,2
1644,164,151,653,110,2
1645,164,110,171,36,1
1646,164,36,500,94,1
1647,164,94,117,16,1
1648,164,16,686,144,3
1649,164,144,471,94,1
1650,165,130,272,81,1
1651,165,81,406,74,1
1652,165,74,629,139,1
1653,165,139,352,71,2
1654,165,71,188,60,3
1655,165,60,423,92,1
1656,165,92,580,124,1
1657,165,124,459,85,2
1658,165,85,223,38,1
1659,165,38,173,37,1
1660,166,59,459,101,2
1661,166,101,310,58,8
1662,166,58,121,17,4
1663,166,17,53,13,3
1664,166,13,469,92,5
1665,166,92,423,114,2
1666,166,114,312,78,2
1667,166,78,160,41,1
1668,166,41,268,34,3
1669,166,34,319,48,1
1670,167,57,515,106,1
1671,167,106,592,138,3
1672,167,138,358,73,1
1673,167,73,95,8,1
1674,167,8,147,36,1
1675,167,36,469,91,3
1676,167,91,262,45,1
1677,167,45,557,123,2
1678,167,123,133,31,2
1679,167,31,675,143,2
1680,168,71,688,137,1
1681,168,137,131,25,1
1682,168,25,703,146,1
1683,168,146,491,67,2
1684,168,67,125,22,3
1685,168,22,673,151,5
1686,168,151,487,97,2
1687,168,97,451,99,5
1688,168,99,192,36,2
1689,168,36,198,37,2
1690,169,138,314,81,1
1691,169,81,12,16,1
1692,169,16,639,145,5
1693,169,145,477,96,1
1694,169,96,169,53,1
1695,169,53,532,97,1
1696,169,97,538,123,5
1697,169,123,222,49,1
1698,169,49,447,87,1
1699,169,87,201,38,1
1700,170,37,209,44,1
1701,170,44,743,141,1
1702,170,141,350,62,1
1703,170,62,622,143,2
1704,170,143,41,7,1
1705,170,7,494,91,6
1706,170,91,222,37,1
1707,170,37,307,72,1
1708,170,72,310,67,1
1709,170,67,399,70,1
1710,171,39,182,73,2
1711,171,73,303,65,1
1712,171,65,681,146,2
1713,171,146,307,73,1
1714,171,73,685,144,3
1715,171,144,363,82,1
1716,171,82,203,44,1
1717,171,44,439,104,1
1718,171,104,304,65,2
1719,171,65,305,77,1
1720,172,76,111,2,1
1721,172,2,539,123,1
1722,172,123,186,51,1
1723,172,51,359,72,1
1724,172,72,595,118,2
1725,172,118,331,66,4
1726,172,66,536,105,1
1727,172,105,74,9,5
1728,172,9,223,56,1
1729,172,56,80,14,2
1730,173,33,40,7,2
1731,173,7,179,39,1
1732,173,39,465,119,5
1733,173,119,134,26,1
1734,173,26,451,131,1
1735,173,131,553,127,1
1736,173,127,146,43,1
1737,173,43,215,52,1
1738,173,52,410,72,1
1739,173,72,429,89,2
1740,174,142,208,41,1
1741,174,41,257,40,1
1742,174,40,341,81,1
1743,174,81,625,120,2
1744,174,120,336,78,1
1745,174,78,164,42,1
1746,174,42,14,4,3
1747,174,4,381,76,2
1748,174,76,338,69,1
1749,174,69,62,3,3
1750,175,141,442,82,1
1751,175,82,104,38,4
1752,175,38,359,66,2
1753,175,66,418,82,1
1754,175,82,313,78,1
1755,175,78,321,54,1
1756,175,54,657,144,2
1757,175,144,224,37,5
1758,175,37,571,118,1
1759,175,118,139,45,3
1760,176,93,354,74,2
1761,176,74,18,18,1
1762,176,18,597,109,2
1763,176,109,96,53,1
1764,176,53,160,40,1
1765,176,40,685,136,3
1766,176,136,471,88,1
1767,176,88,359,72,3
1768,176,72,87,58,1
1769,176,58,518,81,3
1770,177,23,347,62,2
1771,177,62,736,98,2
1772,177,98,6,20,2
1773,177,20,493,123,1
1774,177,123,75,18,1
1775,177,18,574,128,3
1776,177,128,251,74,1
1777,177,74,171,48,1
1778,177,48,192,17,2
1779,177,17,160,32,1
1780,178,2,355,73,1
1781,178,73,70,16,1
1782,178,16,259,50,1
1783,178,50,416,105,1
1784,178,105,306,73,3
1785,178,73,190,46,4
1786,178,46,623,143,1
1787,178,143,38,7,7
1788,178,7,677,146,1
1789,178,146,521,114,6
1790,179,61,412,86,2
1791,179,86,230,58,1
1792,179,58,297,48,3
1793,179,48,706,154,3
1794,179,154,367,80,1
1795,179,80,257,39,1
1796,179,39,353,71,1
1797,179,71,376,70,1
1798,179,70,40,7,1
1799,179,7,629,129,1
1800,180,95,410,77,1
1801,180,77,546,115,1
1802,180,115,390,82,1
1803,180,82,540,113,2
1804,180,113,674,151,1
1805,180,151,697,151,1
1806,180,151,37,3,2
1807,180,3,411,86,3
1808,180,86,377,89,2
1809,180,89,120,16,1
1810,181,67,483,102,1
1811,181,102,480,90,3
1812,181,90,213,59,1
1813,181,59,263,58,1
1814,181,58,281,57,4
1815,181,57,319,43,1
1816,181,43,63,33,1
1817,181,33,360,73,1
1818,181,73,125,22,1
1819,181,22,63,15,1
1820,182,99,262,45,1
1821,182,45,15,5,2
1822,182,5,484,97,1
1823,182,97,625,128,1
1824,182,128,310,50,1
1825,182,50,230,39,3
1826,182,39,580,134,1
1827,182,134,141,34,3
1828,182,34,44,8,3
1829,182,8,579,123,2
1830,183,121,544,141,1
1831,183,141,571,118,1
1832,183,118,314,68,2
1833,183,68,384,77,1
1834,183,77,734,154,1
1835,183,154,202,70,1
1836,183,70,21,12,2
1837,183,12,704,147,4
1838,183,147,501,115,1
1839,183,115,5,63,4
1840,184,49,291,60,1
1841,184,60,680,134,2
1842,184,134,549,118,5
1843,184,118,41,4,1
1844,184,4,92,33,3
1845,184,33,410,39,1
1846,184,39,513,91,1
1847,184,91,56,14,1
1848,184,14,117,27,2
1849,184,27,297,69,1
1850,185,121,189,21,1
1851,185,21,179,39,1
1852,185,39,91,27,1
1853,185,27,107,14,2
1854,185,14,207,41,2
1855,185,41,577,128,1
1856,185,128,554,121,3
1857,185,121,480,76,1
1858,185,76,54,10,3
1859,185,10,635,144,1
1860,186,100,488,104,1
1861,186,104,430,90,1
1862,186,90,439,97,5
1863,186,97,608,137,2
1864,186,137,377,74,1
1865,186,74,396,80,1
1866,186,80,247,54,2
1867,186,54,151,23,2
1868,186,23,510,97,1
1869,186,97,441,98,1
1870,187,43,221,37,4
1871,187,37,596,116,1
1872,187,116,369,81,1
1873,187,81,584,124,3
1874,187,124,697,132,2
1875,187,132,556,122,1
1876,187,122,191,35,2
1877,187,35,114,15,6
1878,187,15,361,59,2
1879,187,59,743,141,1
1880,188,153,478,96,1
1881,188,96,44,8,1
1882,188,8,110,26,2
1883,188,26,558,130,2
1884,188,130,125,12,1
1885,188,12,128,29,5
1886,188,29,414,73,1
1887,188,73,499,124,1
1888,188,124,344,81,1
1889,188,81,394,84,2
1890,189,141,474,131,4
1891,189,131,36,16,2
1892,189,16,739,154,1
1893,189,154,389,111,1
1894,189,111,305,74,1
1895,189,74,75,18,2
1896,189,18,82,25,1
1897,189,25,254,65,1
1898,189,65,425,99,1
1899,189,99,333,67,1
1900,190,18,5,20,2
1901,190,20,259,41,4
1902,190,41,377,70,1
1903,190,70,287,42,10
1904,190,42,148,22,3
1905,190,22,178,26,2
1906,190,26,734,139,8
1907,190,139,431,90,4
1908,190,90,439,97,2
1909,190,97,275,49,4
1910,191,113,405,76,3
1911,191,76,560,137,2
1912,191,137,371,94,1
1913,191,94,566,107,7
1914,191,107,144,16,1
1915,191,16,166,28,4
1916,191,28,200,38,1
1917,191,38,599,118,4
1918,191,118,189,52,1
1919,191,52,577,120,4
1920,192,70,31,20,2
1921,192,20,241,43,2
1922,192,43,423,95,1
1923,192,95,312,67,1
1924,192,67,640,142,3
1925,192,142,483,109,2
1926,192,109,139,33,2
1927,192,33,291,60,1
1928,192,60,153,29,2
1929,192,29,521,137,1
1930,193,50,545,115,2
1931,193,115,598,101,1
1932,193,101,434,76,1
1933,193,76,422,94,1
1934,193,94,655,133,1
1935,193,133,487,128,1
1936,193,128,484,102,4
1937,193,102,359,85,1
1938,193,85,263,50,1
1939,193,50,716,125,5
1940,194,103,220,53,1
1941,194,53,306,72,2
1942,194,72,594,132,1
1943,194,132,698,143,5
1944,194,143,565,107,1
1945,194,107,156,26,1
1946,194,26,354,74,1
1947,194,74,398,115,3
1948,194,115,327,85,1
1949,194,85,54,31,1
1950,195,113,416,91,3
1951,195,91,526,63,3
1952,195,63,487,104,1
1953,195,104,391,78,1
1954,195,78,606,135,1
1955,195,135,383,85,1
1956,195,85,436,74,1
1957,195,74,552,102,1
1958,195,102,218,55,2
1959,195,55,220,53,1
1960,196,136,53,44,2
1961,196,44,553,119,1
1962,196,119,653,128,2
1963,196,128,131,14,2
1964,196,14,61,3,1
1965,196,3,429,90,2
1966,196,90,11,32,3
1967,196,32,510,120,1
1968,196,120,561,125,5
1969,196,125,304,73,1
1970,197,126,445,92,1
1971,197,92,338,80,1
1972,197,80,600,120,1
1973,197,120,246,54,2
1974,197,54,630,133,7
1975,197,133,145,28,1
1976,197,28,179,31,8
1977,197,31,607,133,3
1978,197,133,397,88,1
1979,197,88,575,119,1
1980,198,129,663,144,1
1981,198,144,246,49,3
1982,198,49,400,56,1
1983,198,56,418,88,6
1984,198,88,659,148,1
1985,198,148,570,132,2
1986,198,132,447,92,1
1987,198,92,152,38,3
1988,198,38,30,11,5
1989,198,11,264,67,1
1990,199,33,309,59,3
1991,199,59,476,115,3
1992,199,115,148,36,3
1993,199,36,548,117,1
1994,199,117,387,77,1
1995,199,77,292,51,1
1996,199,51,148,36,1
1997,199,36,387,59,1
1998,199,59,83,11,1
1999,199,11,726,143,5
2000,200,121,700,146,2
2001,200,146,313,92,2
2002,200,92,42,5,1
2003,200,5,467,79,1
2004,200,79,166,42,2
2005,200,42,371,81,1
2006,200,81,429,62,1
2007,200,62,511,85,1
2008,200,85,276,54,1
2009,200,54,242,69,2
2010,201,74,83,11,2
2011,201,11,508,103,1
2012,201,103,319,95,2
2013,201,95,338,75,2
2014,201,75,312,67,1
2015,201,67,309,59,1
2016,201,59,201,38,1
2017,201,38,87,2,1
2018,201,2,620,132,1
2019,201,132,226,44,1
2020,202,134,594,132,3
2021,202,132,623,127,4
2022,202,127,210,41,1
2023,202,41,703,146,9
2024,202,146,391,82,1
2025,202,82,113,27,2
2026,202,27,396,95,1
2027,202,95,463,77,1
2028,202,77,487,128,3
2029,202,128,322,49,1
2030,203,68,546,115,2
2031,203,115,406,74,2
2032,203,74,611,130,1
2033,203,130,281,58,2
2034,203,58,558,123,1
2035,203,123,292,69,1
2036,203,69,155,25,2
2037,203,25,725,151,2
2038,203,151,118,16,1
2039,203,16,261,50,1
2040,204,103,113,32,3
2041,204,32,493,92,1
2042,204,92,284,73,1
2043,204,73,343,80,2
2044,204,80,382,85,2
2045,204,85,74,18,4
2046,204,18,417,82,1
2047,204,82,416,82,1
2048,204,82,626,128,7
2049,204,128,404,90,2
2050,205,40,47,22,1
2051,205,22,264,52,1
2052,205,52,418,75,4
2053,205,75,330,73,1
2054,205,73,421,88,5
2055,205,88,587,125,2
2056,205,125,704,147,1
2057,205,147,150,36,2
2058,205,36,722,138,2
2059,205,138,657,148,1
2060,206,67,141,15,3
2061,206,15,711,144,2
2062,206,144,722,153,2
2063,206,153,304,58,1
2064,206,58,667,142,1
2065,206,142,478,89,7
2066,206,89,364,75,6
2067,206,75,69,5,4
2068,206,5,605,133,1
2069,206,133,261,50,1
2070,207,26,612,131,1
2071,207,131,683,122,2
2072,207,122,410,86,1
2073,207,86,258,41,3
2074,207,41,178,20,2
2075,207,20,456,89,2
2076,207,89,279,76,1
2077,207,76,512,98,5
2078,207,98,521,113,2
2079,207,113,288,59,1
2080,208,8,171,18,5
2081,208,18,39,3,1
2082,208,3,232,31,2
2083,208,31,503,89,1
2084,208,89,676,143,4
2085,208,143,230,39,3
2086,208,39,304,58,1
2087,208,58,190,28,4
2088,208,28,331,59,1
2089,208,59,310,66,1
2090,209,72,288,67,1
2091,209,67,417,79,1
2092,209,79,262,50,3
2093,209,50,374,89,5
2094,209,89,344,53,2
2095,209,53,360,73,1
2096,209,73,345,95,1
2097,209,95,723,151,6
2098,209,151,672,151,1
2099,209,151,61,2,4
2100,210,59,733,147,2
2101,210,147,367,80,1
2102,210,80,632,135,2
2103,210,135,331,59,1
2104,210,59,295,53,2
2105,210,53,672,118,2
2106,210,118,722,153,1
2107,210,153,270,43,4
2108,210,43,708,148,4
2109,210,148,162,33,5
2110,211,60,40,7,2
2111,211,7,359,73,4
2112,211,73,509,103,2
2113,211,103,246,49,2
2114,211,49,499,91,1
2115,211,91,642,132,2
2116,211,132,511,104,1
2117,211,104,325,70,2
2118,211,70,478,89,2
2119,211,89,90,27,1
2120,212,101,327,76,1
2121,212,76,418,82,1
2122,212,82,416,78,1
2123,212,78,241,46,2
2124,212,46,294,61,1
2125,212,61,699,150,3
2126,212,150,351,71,3
2127,212,71,264,51,2
2128,212,51,411,72,3
2129,212,72,187,34,1
2130,213,20,341,53,2
2131,213,53,495,84,1
2132,213,84,668,150,1
2133,213,150,698,151,2
2134,213,151,550,102,1
2135,213,102,95,16,1
2136,213,16,538,105,3
2137,213,105,581,123,2
2138,213,123,367,91,2
2139,213,91,240,45,1
2140,214,32,345,80,1
2141,214,80,437,86,2
2142,214,86,731,143,1
2143,214,143,437,120,1
2144,214,120,59,39,1
2145,214,39,8,3,1
2146,214,3,653,147,1
2147,214,147,647,150,2
2148,214,150,305,74,4
2149,214,74,672,143,8
2150,215,51,329,58,1
2151,215,58,488,98,1
2152,215,98,154,38,1
2153,215,38,672,108,1
2154,215,108,606,136,4
2155,215,136,696,138,2
2156,215,138,442,82,1
2157,215,82,140,15,1
2158,215,15,465,104,6
2159,215,104,184,27,6
2160,216,143,405,85,1
2161,216,85,315,55,1
2162,216,55,63,4,1
2163,216,4,622,77,1
2164,216,77,535,98,2
2165,216,98,609,113,1
2166,216,113,586,124,5
2167,216,124,418,79,1
2168,216,79,586,144,1
2169,216,144,182,38,2
2170,217,139,72,16,1
2171,217,16,562,136,3
2172,217,136,549,117,5
2173,217,117,101,13,2
2174,217,13,22,12,2
2175,217,12,425,99,1
2176,217,99,113,15,1
2177,217,15,141,34,2
2178,217,34,209,41,1
2179,217,41,692,150,2
2180,218,16,339,61,1
2181,218,61,338,80,1
2182,218,80,436,93,1
2183,218,93,561,93,2
2184,218,93,414,79,2
2185,218,79,396,87,1
2186,218,87,738,149,1
2187,218,149,368,80,3
2188,218,80,445,82,3
2189,218,82,371,69,1
2190,219,111,540,112,1
2191,219,112,561,144,3
2192,219,144,261,66,3
2193,219,66,552,118,8
2194,219,118,14,5,5
2195,219,5,335,67,1
2196,219,67,444,79,1
2197,219,79,177,30,2
2198,219,30,628,133,1
2199,219,133,149,36,3
2200,220,139,393,80,2
2201,220,80,179,26,1
2202,220,26,305,58,1
2203,220,58,183,33,1
2204,220,33,44,8,2
2205,220,8,226,44,6
2206,220,44,627,133,1
2207,220,133,569,102,6
2208,220,102,548,117,1
2209,220,117,186,34,7
2210,221,113,358,86,4
2211,221,86,284,58,3
2212,221,58,538,91,2
2213,221,91,592,129,1
2214,221,129,218,69,1
2215,221,69,652,146,4
2216,221,146,449,95,1
2217,221,95,566,138,1
2218,221,138,242,55,2
2219,221,55,38,3,6
2220,222,32,451,99,1
2221,222,99,597,128,1
2222,222,128,194,48,1
2223,222,48,670,145,4
2224,222,145,492,82,5
2225,222,82,278,63,4
2226,222,63,63,27,2
2227,222,27,219,35,1
2228,222,35,258,41,1
2229,222,41,308,59,1
2230,223,34,557,123,2
2231,223,123,220,48,8
2232,223,48,506,100,3
2233,223,100,488,104,7
2234,223,104,162,27,4
2235,223,27,571,118,1
2236,223,118,713,144,2
2237,223,144,675,146,1
2238,223,146,214,51,2
2239,223,51,556,125,1
2240,224,76,679,152,1
2241,224,152,507,109,3
2242,224,109,287,67,1
2243,224,67,647,143,8
2244,224,143,346,74,2
2245,224,74,203,44,1
2246,224,44,81,14,3
2247,224,14,483,102,1
2248,224,102,505,96,3
2249,224,96,448,94,1
2250,225,4,504,96,1
2251,225,96,732,147,1
2252,225,147,528,116,3
2253,225,116,207,39,1
2254,225,39,604,129,1
2255,225,129,13,7,4
2256,225,7,510,97,2
2257,225,97,569,132,9
2258,225,132,13,7,4
2259,225,7,467,104,3
2260,226,110,308,73,1
2261,226,73,329,72,1
2262,226,72,323,63,1
2263,226,63,535,122,3
2264,226,122,183,42,4
2265,226,42,602,128,1
2266,226,128,373,84,1
2267,226,84,97,22,1
2268,226,22,332,73,1
2269,226,73,736,154,1
2270,227,4,443,78,1
2271,227,78,199,62,3
2272,227,62,290,60,4
2273,227,60,323,72,1
2274,227,72,410,76,1
2275,227,76,300,54,3
2276,227,54,285,59,1
2277,227,59,546,115,1
2278,227,115,488,104,1
2279,227,104,519,137,2
2280,228,40,215,46,1
2281,228,46,263,45,4
2282,228,45,552,102,1
2283,228,102,323,56,4
2284,228,56,405,89,1
2285,228,89,379,70,1
2286,228,70,79,13,1
2287,228,13,238,52,5
2288,228,52,501,115,1
2289,228,115,427,107,2
2290,229,111,383,97,2
2291,229,97,411,86,2
2292,229,86,488,104,5
2293,229,104,511,111,1
2294,229,111,100,0,1
2295,229,0,323,63,1
2296,229,63,628,133,1
2297,229,133,708,154,1
2298,229,154,390,78,1
2299,229,78,1,10,1
2300,230,103,572,108,1
2301,230,108,183,41,1
2302,230,41,504,89,2
2303,230,89,651,128,2
2304,230,128,285,58,2
2305,230,58,52,10,3
2306,230,10,409,77,1
2307,230,77,489,105,1
2308,230,105,511,121,1
2309,230,121,162,27,1
2310,231,68,632,135,1
2311,231,135,464,86,1
2312,231,86,103,10,1
2313,231,10,662,130,2
2314,231,130,197,38,1
2315,231,38,661,149,1
2316,231,149,310,67,1
2317,231,67,617,132,1
2318,231,132,92,50,1
2319,231,50,470,86,1
2320,232,79,565,131,1
2321,232,131,635,149,1
2322,232,149,97,22,1
2323,232,22,26,1,1
2324,232,1,215,46,2
2325,232,46,275,49,4
2326,232,49,231,58,1
2327,232,58,265,60,1
2328,232,60,630,134,2
2329,232,134,386,73,3
2330,233,153,728,143,1
2331,233,143,324,71,1
2332,233,71,270,55,2
2333,233,55,433,77,1
2334,233,77,179,44,1
2335,233,44,734,147,1
2336,233,147,676,143,1
2337,233,143,581,123,1
2338,233,123,58,11,1
2339,233,11,421,81,5
2340,234,132,278,56,2
2341,234,56,361,66,1
2342,234,66,512,104,1
2343,234,104,226,71,1
2344,234,71,297,48,3
2345,234,48,312,67,1
2346,234,67,387,78,1
2347,234,78,233,40,2
2348,234,40,330,72,1
2349,234,72,573,109,1
2350,235,67,485,97,3
2351,235,97,437,85,1
2352,235,85,692,153,4
2353,235,153,477,107,1
2354,235,107,229,39,1
2355,235,39,699,151,1
2356,235,151,288,67,1
2357,235,67,536,105,2
2358,235,105,66,15,9
2359,235,15,20,18,3
2360,236,18,627,121,1
2361,236,121,449,87,1
2362,236,87,269,55,2
2363,236,55,258,72,1
2364,236,72,415,78,2
2365,236,78,285,50,2
2366,236,50,338,67,1
2367,236,67,597,119,1
2368,236,119,433,101,1
2369,236,101,47,22,1
2370,237,39,287,65,5
2371,237,65,174,13,2
2372,237,13,44,8,1
2373,237,8,165,45,1
2374,237,45,385,72,1
2375,237,72,625,139,2
2376,237,139,271,53,2
2377,237,53,278,63,2
2378,237,63,262,45,1
2379,237,45,621,102,1
2380,238,46,303,64,2
2381,238,64,531,119,2
2382,238,119,279,71,3
2383,238,71,473,95,4
2384,238,95,349,70,1
2385,238,70,678,146,2
2386,238,146,182,41,1
2387,238,41,298,49,1
2388,238,49,246,54,2
2389,238,54,499,95,3
2390,239,118,418,78,8
2391,239,78,294,53,1
2392,239,53,162,41,1
2393,239,41,516,154,1
2394,239,154,82,23,2
2395,239,23,84,20,1
2396,239,20,508,102,1
2397,239,102,552,118,4
2398,239,118,620,127,2
2399,239,127,479,89,2
2400,240,41,337,68,3
2401,240,68,326,65,1
2402,240,65,605,134,2
2403,240,134,204,65,1
2404,240,65,243,47,1
2405,240,47,247,31,1
2406,240,31,363,104,1
2407,240,104,418,78,1
2408,240,78,648,143,1
2409,240,143,417,98,1
2410,241,94,232,40,1
2411,241,40,656,129,4
2412,241,129,441,111,1
2413,241,111,344,69,1
2414,241,69,532,119,1
2415,241,119,238,52,1
2416,241,52,483,97,1
2417,241,97,653,146,2
2418,241,146,90,15,2
2419,241,15,397,80,1
2420,242,48,683,154,1
2421,242,154,568,126,1
2422,242,126,240,55,1
2423,242,55,8,2,1
2424,242,2,404,108,4
2425,242,108,7,2,1
2426,242,2,508,102,3
2427,242,102,242,61,1
2428,242,61,401,62,1
2429,242,62,574,110,1
2430,243,40,322,62,1
2431,243,62,455,70,1
2432,243,70,107,20,1
2433,243,20,575,119,1
2434,243,119,411,86,1
2435,243,86,149,22,1
2436,243,22,242,43,3
2437,243,43,30,11,1
2438,243,11,477,89,1
2439,243,89,603,133,2
2440,244,27,106,20,2
2441,244,20,685,148,2
2442,244,148,240,55,1
2443,244,55,246,54,1
2444,244,54,522,95,6
2445,244,95,155,30,1
2446,244,30,412,78,5
2447,244,78,331,59,6
2448,244,59,216,46,1
2449,244,46,285,72,2
2450,245,14,356,77,1
2451,245,77,225,63,1
2452,245,63,77,10,1
2453,245,10,326,58,1
2454,245,58,621,143,1
2455,245,143,3,14,1
2456,245,14,400,89,2
2457,245,89,81,13,5
2458,245,13,443,78,2
2459,245,78,527,116,2
2460,246,95,411,85,2
2461,246,85,559,125,3
2462,246,125,710,154,4
2463,246,154,710,154,7
2464,246,154,305,72,1
2465,246,72,412,86,1
2466,246,86,551,109,2
2467,246,109,571,118,2
2468,246,118,174,38,2
2469,246,38,10,3,1
2470,247,44,460,74,1
2471,247,74,265,73,1
2472,247,73,17,5,2
2473,247,5,41,4,1
2474,247,4,500,95,1
2475,247,95,622,143,1
2476,247,143,367,81,1
2477,247,81,55,11,2
2478,247,11,69,4,1
2479,247,4,338,68,2
2480,248,45,98,22,1
2481,248,22,729,146,1
2482,248,146,14,5,3
2483,248,5,139,27,2
2484,248,27,211,42,2
2485,248,42,335,78,2
2486,248,78,144,34,1
2487,248,34,129,30,1
2488,248,30,198,49,3
2489,248,49,435,77,1
2490,249,146,366,75,1
2491,249,75,533,121,1
2492,249,121,464,121,1
2493,249,121,396,84,1
2494,249,84,151,23,1
2495,249,23,154,30,2
2496,249,30,688,149,2
2497,249,149,287,72,1
2498,249,72,674,119,3
2499,249,119,246,54,1
2500,250,102,645,101,1
2501,250,101,540,123,1
2502,250,123,588,136,2
2503,250,136,117,4,1
2504,250,4,585,124,2
2505,250,124,440,104,1
2506,250,104,5,10,3
2507,250,10,496,93,1
2508,250,93,533,109,1
2509,250,109,327,103,1
2510,251,70,358,77,3
2511,251,77,325,70,2
2512,251,70,743,149,2
2513,251,149,648,151,4
2514,251,151,220,46,1
2515,251,46,286,50,1
2516,251,50,125,22,1
2517,251,22,448,88,2
2518,251,88,205,44,1
2519,251,44,632,135,2
2520,252,104,136,31,1
2521,252,31,312,79,2
2522,252,79,109,31,1
2523,252,31,501,99,2
2524,252,99,732,146,1
2525,252,146,545,99,1
2526,252,99,174,23,1
2527,252,23,270,61,1
2528,252,61,261,66,1
2529,252,66,631,134,2
2530,253,52,74,18,3
2531,253,18,386,73,1
2532,253,73,288,50,1
2533,253,50,561,69,1
2534,253,69,632,135,2
2535,253,135,496,88,3
2536,253,88,238,52,4
2537,253,52,701,152,2
2538,253,152,612,131,1
2539,253,131,437,119,1
2540,254,144,470,91,1
2541,254,91,483,85,1
2542,254,85,432,101,6
2543,254,101,382,76,1
2544,254,76,677,151,6
2545,254,151,667,145,1
2546,254,145,680,146,4
2547,254,146,596,127,5
2548,254,127,390,78,1
2549,254,78,528,100,2
2550,255,17,335,67,2
2551,255,67,466,129,3
2552,255,129,113,32,2
2553,255,32,288,59,1
2554,255,59,490,98,1
2555,255,98,551,120,1
2556,255,120,66,15,1
2557,255,15,505,89,1
2558,255,89,356,73,1
2559,255,73,663,141,2
2560,256,45,465,98,2
2561,256,98,403,90,1
2562,256,90,455,89,1
2563,256,89,177,38,1
2564,256,38,671,132,1
2565,256,132,187,52,2
2566,256,52,389,78,3
2567,256,78,356,77,1
2568,256,77,302,63,3
2569,256,63,157,31,1
2570,257,103,215,34,1
2571,257,34,681,154,2
2572,257,154,730,147,1
2573,257,147,723,153,1
2574,257,153,116,42,1
2575,257,42,360,59,4
2576,257,59,83,14,3
2577,257,14,304,65,1
2578,257,65,308,66,1
2579,257,66,44,17,1
2580,258,4,166,27,3
2581,258,27,729,152,4
2582,258,152,336,75,1
2583,258,75,739,154,1
2584,258,154,414,77,2
2585,258,77,38,16,3
2586,258,16,577,121,3
2587,258,121,533,120,1
2588,258,120,206,39,1
2589,258,39,414,82,2
2590,259,90,565,126,1
2591,259,126,433,101,1
2592,259,101,74,22,1
2593,259,22,433,85,1
2594,259,85,675,151,2
2595,259,151,705,146,1
2596,259,146,131,14,1
2597,259,14,353,64,2
2598,259,64,654,147,1
2599,259,147,663,141,1
2600,260,71,649,143,1
2601,260,143,276,56,1
2602,260,56,331,71,1
2603,260,71,647,143,2
2604,260,143,405,76,1
2605,260,76,507,108,4
2606,260,108,136,27,1
2607,260,27,274,56,4
2608,260,56,620,118,1
2609,260,118,441,82,1
2610,261,55,232,73,1
2611,261,73,171,18,2
2612,261,18,368,61,1
2613,261,61,267,69,1
2614,261,69,441,68,2
2615,261,68,661,144,2
2616,261,144,305,65,1
2617,261,65,191,28,2
2618,261,28,519,88,1
2619,261,88,328,65,2
2620,262,79,407,76,2
2621,262,76,462,103,2
2622,262,103,243,53,5
2623,262,53,299,62,1
2624,262,62,136,32,1
2625,262,32,649,143,1
2626,262,143,535,111,2
2627,262,111,503,101,1
2628,262,101,480,89,2
2629,262,89,691,142,6
2630,263,34,680,133,2
2631,263,133,735,154,1
2632,263,154,572,132,1
2633,263,132,625,120,2
2634,263,120,599,128,1
2635,263,128,195,47,3
2636,263,47,519,137,1
2637,263,137,656,148,2
2638,263,148,256,40,1
2639,263,40,432,85,1
2640,264,116,439,97,1
2641,264,97,514,105,2
2642,264,105,308,59,1
2643,264,59,498,88,1
2644,264,88,347,6,1
2645,264,6,285,40,1
2646,264,40,12,3,1
2647,264,3,31,39,2
2648,264,39,410,65,1
2649,264,65,125,36,2
2650,265,62,346,37,3
2651,265,37,601,146,1
2652,265,146,489,104,2
2653,265,104,548,89,1
2654,265,89,114,73,1
2655,265,73,418,75,1
2656,265,75,694,150,1
2657,265,150,351,138,1
2658,265,138,224,38,4
2659,265,38,655,147,1
2660,266,72,331,50,2
2661,266,50,734,133,2
2662,266,133,374,70,1
2663,266,70,379,70,1
2664,266,70,514,78,1
2665,266,78,432,90,3
2666,266,90,112,33,5
2667,266,33,459,90,1
2668,266,90,381,77,1
2669,266,77,327,74,1
2670,267,96,321,54,1
2671,267,54,721,153,2
2672,267,153,84,11,3
2673,267,11,737,154,6
2674,267,154,85,41,1
2675,267,41,640,138,2
2676,267,138,409,77,4
2677,267,77,2,0,1
2678,267,0,538,134,3
2679,267,134,464,129,1
2680,268,3,476,99,2
2681,268,99,492,79,1
2682,268,79,534,121,1
2683,268,121,646,152,3
2684,268,152,422,95,1
2685,268,95,311,78,1
2686,268,78,110,39,1
2687,268,39,407,85,1
2688,268,85,55,10,4
2689,268,10,430,85,1
2690,269,12,213,52,1
2691,269,52,70,21,2
2692,269,21,40,3,8
2693,269,3,519,112,1
2694,269,112,388,73,1
2695,269,73,344,69,1
2696,269,69,250,54,2
2697,269,54,22,18,1
2698,269,18,164,28,1
2699,269,28,188,28,1
2700,270,108,118,27,1
2701,270,27,652,139,1
2702,270,139,97,21,1
2703,270,21,451,107,3
2704,270,107,162,41,1
2705,270,41,650,152,6
2706,270,152,312,67,3
2707,270,67,666,150,2
2708,270,150,378,85,1
2709,270,85,729,147,1
2710,271,87,390,75,1
2711,271,75,309,59,1
2712,271,59,495,112,4
2713,271,112,460,72,3
2714,271,72,212,67,1
2715,271,67,301,62,3
2716,271,62,374,63,1
2717,271,63,489,111,5
2718,271,111,84,39,2
2719,271,39,323,62,1
2720,272,136,469,81,1
2721,272,81,325,70,2
2722,272,70,689,141,2
2723,272,141,495,94,1
2724,272,94,417,91,1
2725,272,91,386,72,2
2726,272,72,101,6,2
2727,272,6,686,148,4
2728,272,148,509,76,1
2729,272,76,500,95,1
2730,273,55,326,58,1
2731,273,58,391,78,4
2732,273,78,185,42,5
2733,273,42,390,45,1
2734,273,45,480,117,1
2735,273,117,443,79,4
2736,273,79,68,67,1
2737,273,67,264,50,1
2738,273,50,502,138,1
2739,273,138,105,37,2
2740,274,78,420,84,1
2741,274,84,447,83,1
2742,274,83,50,10,1
2743,274,10,519,95,1
2744,274,95,262,45,1
2745,274,45,606,134,1
2746,274,134,352,89,1
2747,274,89,466,105,2
2748,274,105,233,59,2
2749,274,59,468,105,3
2750,275,96,407,85,2
2751,275,85,340,55,1
2752,275,55,567,115,1
2753,275,115,518,123,3
2754,275,123,259,40,2
2755,275,40,0,0,1
2756,275,0,429,62,1
2757,275,62,160,32,1
2758,275,32,439,86,2
2759,275,86,156,38,1
2760,276,85,355,74,1
2761,276,74,603,128,2
2762,276,128,656,139,11
2763,276,139,507,101,1
2764,276,101,692,151,1
2765,276,151,79,37,4
2766,276,37,32,20,1
2767,276,20,103,14,1
2768,276,14,554,121,1
2769,276,121,644,132,1
2770,277,138,407,85,1
2771,277,85,325,70,1
2772,277,70,369,75,1
2773,277,75,206,31,1
2774,277,31,211,27,4
2775,277,27,339,61,1
2776,277,61,655,129,1
2777,277,129,728,151,1
2778,277,151,21,9,1
2779,277,9,183,32,2
2780,278,133,394,80,1
2781,278,80,310,50,3
2782,278,50,385,73,1
2783,278,73,156,25,12
2784,278,25,13,7,1
2785,278,7,145,35,1
2786,278,35,40,7,1
2787,278,7,594,132,2
2788,278,132,118,15,1
2789,278,15,690,145,2
2790,279,144,407,76,2
2791,279,76,95,17,4
2792,279,17,239,46,1
2793,279,46,430,89,1
2794,279,89,155,44,2
2795,279,44,194,48,1
2796,279,48,485,121,1
2797,279,121,578,129,1
2798,279,129,285,59,1
2799,279,59,542,112,1
2800,280,76,101,24,2
2801,280,24,606,135,1
2802,280,135,650,143,3
2803,280,143,260,59,2
2804,280,59,121,28,2
2805,280,28,234,50,1
2806,280,50,216,55,6
2807,280,55,102,10,2
2808,280,10,352,70,3
2809,280,70,459,85,2
2810,281,7,346,56,1
2811,281,56,678,146,2
2812,281,146,346,70,1
2813,281,70,492,91,1
2814,281,91,370,81,1
2815,281,81,583,124,1
2816,281,124,485,103,3
2817,281,103,227,71,2
2818,281,71,479,90,1
2819,281,90,184,33,2
2820,282,72,697,151,1
2821,282,151,370,81,2
2822,282,81,119,34,2
2823,282,34,29,14,1
2824,282,14,674,151,1
2825,282,151,245,53,2
2826,282,53,353,71,1
2827,282,71,242,47,1
2828,282,47,200,38,2
2829,282,38,576,133,1
2830,283,86,285,50,1
2831,283,50,445,83,2
2832,283,83,245,61,2
2833,283,61,89,32,1
2834,283,32,539,122,3
2835,283,122,426,89,4
2836,283,89,228,71,1
2837,283,71,404,90,1
2838,283,90,162,33,1
2839,283,33,448,88,4
2840,284,105,656,144,6
2841,284,144,135,32,2
2842,284,32,430,89,1
2843,284,89,397,80,1
2844,284,80,333,67,1
2845,284,67,485,103,1
2846,284,103,289,67,1
2847,284,67,628,129,2
2848,284,129,733,146,1
2849,284,146,356,65,1
2850,285,74,161,40,1
2851,285,40,395,92,1
2852,285,92,685,149,2
2853,285,149,90,33,1
2854,285,33,200,15,1
2855,285,15,138,33,1
2856,285,33,108,20,1
2857,285,20,527,96,1
2858,285,96,513,88,2
2859,285,88,390,98,3
2860,286,42,204,57,2
2861,286,57,493,91,2
2862,286,91,426,116,1
2863,286,116,450,95,5
2864,286,95,638,142,1
2865,286,142,393,78,1
2866,286,78,85,41,1
2867,286,41,626,119,1
2868,286,119,30,20,2
2869,286,20,402,89,1
2870,287,22,337,60,1
2871,287,60,58,2,1
2872,287,2,664,130,1
2873,287,130,231,40,2
2874,287,40,415,105,2
2875,287,105,619,132,1
2876,287,132,542,125,5
2877,287,125,538,123,1
2878,287,123,414,121,4
2879,287,121,525,100,2
2880,288,108,160,33,1
2881,288,33,239,52,1
2882,288,52,22,12,1
2883,288,12,342,53,1
2884,288,53,244,47,3
2885,288,47,703,152,1
2886,288,152,309,59,3
2887,288,59,633,136,5
2888,288,136,706,154,1
2889,288,154,707,134,3
2890,289,142,576,139,2
2891,289,139,156,40,1
2892,289,40,606,112,1
2893,289,112,48,9,1
2894,289,9,416,78,1
2895,289,78,557,122,5
2896,289,122,295,61,1
2897,289,61,326,65,1
2898,289,65,459,85,1
2899,289,85,172,36,1
2900,290,148,500,95,1
2901,290,95,742,114,2
2902,290,114,383,77,1
2903,290,77,577,121,1
2904,290,121,528,100,4
2905,290,100,693,150,1
2906,290,150,221,49,5
2907,290,49,386,79,1
2908,290,79,325,65,6
2909,290,65,374,89,2
2910,291,66,187,52,2
2911,291,52,188,34,1
2912,291,34,694,150,2
2913,291,150,334,66,1
2914,291,66,193,36,3
2915,291,36,179,25,2
2916,291,25,147,22,2
2917,291,22,176,38,1
2918,291,38,364,79,2
2919,291,79,390,82,1
2920,292,154,438,121,3
2921,292,121,686,144,1
2922,292,144,254,65,1
2923,292,65,375,99,1
2924,292,99,400,56,1
2925,292,56,191,28,2
2926,292,28,673,151,1
2927,292,151,324,71,2
2928,292,71,438,66,6
2929,292,66,311,67,3
2930,293,53,74,17,1
2931,293,17,417,75,1
2932,293,75,315,69,1
2933,293,69,613,131,7
2934,293,131,246,56,1
2935,293,56,488,111,1
2936,293,111,651,146,2
2937,293,146,36,3,1
2938,293,3,454,89,1
2939,293,89,514,134,1
2940,294,40,42,15,2
2941,294,15,285,69,1
2942,294,69,628,112,2
2943,294,112,622,127,2
2944,294,127,678,146,3
2945,294,146,294,53,1
2946,294,53,419,69,2
2947,294,69,613,131,1
2948,294,131,191,80,1
2949,294,80,182,39,1
2950,295,51,245,48,1
2951,295,48,534,121,5
2952,295,121,439,104,1
2953,295,104,485,97,2
2954,295,97,148,19,3
2955,295,19,360,59,3
2956,295,59,228,58,1
2957,295,58,157,37,2
2958,295,37,348,56,1
2959,295,56,89,32,1
2960,296,101,287,60,1
2961,296,60,538,78,1
2962,296,78,237,69,1
2963,296,69,422,88,2
2964,296,88,42,4,1
2965,296,4,431,89,2
2966,296,89,365,75,2
2967,296,75,393,80,1
2968,296,80,404,102,2
2969,296,102,358,102,1
2970,297,34,169,43,3
2971,297,43,131,25,1
2972,297,25,218,55,1
2973,297,55,236,50,1
2974,297,50,367,87,5
2975,297,87,22,12,1
2976,297,12,43,16,1
2977,297,16,672,118,1
2978,297,118,116,15,2
2979,297,15,310,66,1
2980,298,36,363,75,2
2981,298,75,327,65,2
2982,298,65,55,11,2
2983,298,11,451,89,1
2984,298,89,228,44,3
2985,298,44,541,113,3
2986,298,113,209,59,1
2987,298,59,419,78,1
2988,298,78,701,152,2
2989,298,152,613,131,1
2990,299,65,461,77,1
2991,299,77,208,32,1
2992,299,32,295,53,1
2993,299,53,553,127,3
2994,299,127,173,37,1
2995,299,37,229,64,2
2996,299,64,13,15,2
2997,299,15,256,65,1
2998,299,65,369,80,1
2999,299,80,363,78,1
3000,300,84,387,83,1
3001,300,83,241,53,1
3002,300,53,250,63,2
3003,300,63,329,72,1
3004,300,72,94,17,1
3005,300,17,726,151,1
3006,300,151,90,11,1
3007,300,11,507,102,2
3008,300,102,179,58,7
3009,300,58,330,66,1
3010,301,59,238,52,1
3011,301,52,502,115,1
3012,301,115,549,90,2
3013,301,90,698,151,1
3014,301,151,631,139,2
3015,301,139,250,62,1
3016,301,62,448,88,1
3017,301,88,642,150,2
3018,301,150,694,150,1
3019,301,150,677,143,2
3020,302,42,265,45,1
3021,302,45,174,37,2
3022,302,37,255,40,1
3023,302,40,436,86,1
3024,302,86,519,113,1
3025,302,113,448,83,4
3026,302,83,206,33,3
3027,302,33,498,94,1
3028,302,94,635,137,3
3029,302,137,212,45,1
3030,303,118,372,95,2
3031,303,95,734,154,2
3032,303,154,661,144,1
3033,303,144,519,113,2
3034,303,113,743,141,1
3035,303,141,123,21,4
3036,303,21,673,132,3
3037,303,132,351,71,4
3038,303,71,596,132,1
3039,303,132,344,68,1
3040,304,82,323,70,4
3041,304,70,250,44,2
3042,304,44,439,105,2
3043,304,105,396,95,2
3044,304,95,31,20,5
3045,304,20,212,59,1
3046,304,59,417,82,1
3047,304,82,56,25,1
3048,304,25,273,43,1
3049,304,43,369,81,1
3050,305,126,361,66,1
3051,305,66,67,7,3
3052,305,7,572,102,1
3053,305,102,22,12,1
3054,305,12,609,144,2
3055,305,144,594,117,2
3056,305,117,287,67,2
3057,305,67,449,95,1
3058,305,95,414,104,1
3059,305,104,159,40,4
3060,306,87,304,58,1
3061,306,58,232,59,1
3062,306,59,150,19,2
3063,306,19,466,122,2
3064,306,122,501,99,1
3065,306,99,385,73,1
3066,306,73,164,27,1
3067,306,27,149,18,2
3068,306,18,443,75,1
3069,306,75,239,52,1
3070,307,111,501,115,2
3071,307,115,435,102,1
3072,307,102,6,0,1
3073,307,0,283,58,1
3074,307,58,700,143,5
3075,307,143,607,134,1
3076,307,134,613,131,5
3077,307,131,631,134,1
3078,307,134,540,106,1
3079,307,106,637,141,1
3080,308,33,486,103,3
3081,308,103,582,123,1
3082,308,123,290,61,1
3083,308,61,381,74,2
3084,308,74,510,104,1
3085,308,104,0,10,2
3086,308,10,308,32,1
3087,308,32,712,144,2
3088,308,144,558,122,1
3089,308,122,610,125,1
3090,309,33,480,101,2
3091,309,101,708,148,3
3092,309,148,57,11,1
3093,309,11,655,154,2
3094,309,154,511,128,2
3095,309,128,557,133,3
3096,309,133,404,90,1
3097,309,90,365,82,1
3098,309,82,406,76,1
3099,309,76,489,104,3
3100,310,77,180,26,1
3101,310,26,547,107,1
3102,310,107,592,138,2
3103,310,138,328,73,4
3104,310,73,690,150,1
3105,310,150,438,59,3
3106,310,59,271,47,1
3107,310,47,707,154,4
3108,310,154,461,86,2
3109,310,86,276,56,1
3110,311,68,519,114,1
3111,311,114,374,99,1
3112,311,99,265,60,4
3113,311,60,433,101,1
3114,311,101,296,36,1
3115,311,36,456,90,2
3116,311,90,45,8,3
3117,311,8,534,104,2
3118,311,104,183,41,2
3119,311,41,249,62,1
3120,312,41,509,97,1
3121,312,97,190,43,4
3122,312,43,561,130,2
3123,312,130,504,107,1
3124,312,107,148,50,4
3125,312,50,528,90,1
3126,312,90,387,73,1
3127,312,73,304,65,2
3128,312,65,222,37,9
3129,312,37,0,13,1
3130,313,51,453,89,1
3131,313,89,129,30,1
3132,313,30,736,154,4
3133,313,154,475,99,1
3134,313,99,609,137,2
3135,313,137,457,101,1
3136,313,101,94,28,1
3137,313,28,443,92,1
3138,313,92,389,104,1
3139,313,104,598,103,2
3140,314,96,576,128,2
3141,314,128,285,59,1
3142,314,59,71,8,1
3143,314,8,442,82,2
3144,314,82,693,145,1
3145,314,145,473,95,1
3146,314,95,553,103,1
3147,314,103,334,67,2
3148,314,67,309,59,1
3149,314,59,488,111,3
3150,315,27,320,62,1
3151,315,62,230,31,2
3152,315,31,505,89,2
3153,315,89,580,134,3
3154,315,134,552,102,5
3155,315,102,334,82,1
3156,315,82,598,118,1
3157,315,118,148,22,1
3158,315,22,415,98,2
3159,315,98,531,110,2
3160,316,31,8,2,1
3161,316,2,624,127,2
3162,316,127,655,147,5
3163,316,147,207,41,2
3164,316,41,393,81,3
3165,316,81,475,115,1
3166,316,115,36,3,1
3167,316,3,340,81,1
3168,316,81,35,2,1
3169,316,2,233,58,2
3170,317,44,504,101,2
3171,317,101,156,30,1
3172,317,30,640,107,3
3173,317,107,657,112,11
3174,317,112,337,75,1
3175,317,75,515,91,1
3176,317,91,251,57,1
3177,317,57,525,90,1
3178,317,90,629,128,1
3179,317,128,353,71,1
3180,318,142,438,86,1
3181,318,86,614,138,3
3182,318,138,624,143,1
3183,318,143,285,59,1
3184,318,59,416,78,2
3185,318,78,697,151,1
3186,318,151,325,57,1
3187,318,57,268,61,1
3188,318,61,225,38,7
3189,318,38,71,17,3
3190,319,0,422,93,2
3191,319,93,285,50,1
3192,319,50,312,67,4
3193,319,67,404,90,1
3194,319,90,109,20,2
3195,319,20,206,39,2
3196,319,39,87,40,1
3197,319,40,566,126,3
3198,319,126,387,119,1
3199,319,119,375,62,4
3200,320,49,6,20,2
3201,320,20,260,50,1
3202,320,50,384,77,1
3203,320,77,232,39,1
3204,320,39,153,29,1
3205,320,29,528,126,1
3206,320,126,22,12,2
3207,320,12,36,3,4
3208,320,3,16,5,1
3209,320,5,323,56,3
3210,321,40,39,15,2
3211,321,15,626,139,1
3212,321,139,368,69,1
3213,321,69,428,96,2
3214,321,96,274,54,2
3215,321,54,266,60,1
3216,321,60,566,115,4
3217,321,115,543,113,5
3218,321,113,275,37,1
3219,321,37,267,52,2
3220,322,63,377,70,1
3221,322,70,264,60,2
3222,322,60,308,59,1
3223,322,59,450,114,2
3224,322,114,305,50,1
3225,322,50,476,89,1
3226,322,89,155,38,1
3227,322,38,324,70,1
3228,322,70,659,136,2
3229,322,136,657,135,1
3230,323,7,370,61,2
3231,323,61,395,81,2
3232,323,81,104,13,1
3233,323,13,251,64,2
3234,323,64,262,45,6
3235,323,45,36,2,4
3236,323,2,278,63,2
3237,323,63,523,107,2
3238,323,107,394,80,1
3239,323,80,219,53,4
3240,324,75,335,78,3
3241,324,78,464,86,1
3242,324,86,672,108,2
3243,324,108,437,101,1
3244,324,101,538,98,4
3245,324,98,456,85,1
3246,324,85,286,66,1
3247,324,66,217,28,9
3248,324,28,263,27,5
3249,324,27,529,109,6
3250,325,26,558,112,1
3251,325,112,307,50,1
3252,325,50,36,2,3
3253,325,2,606,148,6
3254,325,148,41,15,1
3255,325,15,356,73,1
3256,325,73,115,15,2
3257,325,15,480,101,4
3258,325,101,541,102,1
3259,325,102,553,97,1
3260,326,134,452,89,1
3261,326,89,79,13,2
3262,326,13,440,77,1
3263,326,77,436,85,1
3264,326,85,520,114,3
3265,326,114,664,137,1
3266,326,137,343,47,1
3267,326,47,390,79,1
3268,326,79,310,79,5
3269,326,79,206,40,1
3270,327,53,277,62,1
3271,327,62,63,11,1
3272,327,11,114,27,1
3273,327,27,620,132,3
3274,327,132,476,99,3
3275,327,99,370,78,1
3276,327,78,188,52,3
3277,327,52,102,24,2
3278,327,24,93,28,2
3279,327,28,306,65,1
3280,328,40,302,63,1
3281,328,63,694,153,1
3282,328,153,470,91,1
3283,328,91,146,17,1
3284,328,17,261,50,3
3285,328,50,107,25,1
3286,328,25,196,49,1
3287,328,49,201,30,3
3288,328,30,460,103,3
3289,328,103,316,61,1
3290,329,41,142,28,1
3291,329,28,726,151,4
3292,329,151,39,4,2
3293,329,4,118,7,1
3294,329,7,123,17,2
3295,329,17,262,45,1
3296,329,45,332,66,1
3297,329,66,134,39,2
3298,329,39,356,72,1
3299,329,72,539,112,2
3300,330,77,333,59,1
3301,330,59,564,115,1
3302,330,115,190,46,1
3303,330,46,444,83,3
3304,330,83,627,122,1
3305,330,122,666,142,1
3306,330,142,20,22,1
3307,330,22,145,28,2
3308,330,28,597,118,1
3309,330,118,532,119,5
3310,331,143,110,39,1
3311,331,39,222,54,9
3312,331,54,264,60,1
3313,331,60,536,98,1
3314,331,98,338,81,2
3315,331,81,241,55,1
3316,331,55,677,146,3
3317,331,146,444,79,1
3318,331,79,311,75,1
3319,331,75,710,154,7
3320,332,136,324,62,2
3321,332,62,368,84,1
3322,332,84,36,2,1
3323,332,2,343,80,2
3324,332,80,379,63,3
3325,332,63,490,105,2
3326,332,105,526,90,2
3327,332,90,475,115,4
3328,332,115,238,51,1
3329,332,51,88,40,7
3330,333,106,469,92,1
3331,333,92,155,30,5
3332,333,30,357,72,1
3333,333,72,605,123,1
3334,333,123,579,135,1
3335,333,135,340,87,1
3336,333,87,467,98,1
3337,333,98,233,50,1
3338,333,50,27,1,1
3339,333,1,434,85,2
3340,334,94,306,73,1
3341,334,73,12,15,2
3342,334,15,333,72,2
3343,334,72,316,53,2
3344,334,53,634,124,1
3345,334,124,253,71,1
3346,334,71,382,74,1
3347,334,74,188,52,2
3348,334,52,292,61,1
3349,334,61,99,18,3
3350,335,87,233,73,1
3351,335,73,265,52,1
3352,335,52,572,127,1
3353,335,127,496,94,6
3354,335,94,453,115,1
3355,335,115,39,7,1
3356,335,7,33,3,1
3357,335,3,438,86,1
3358,335,86,531,103,3
3359,335,103,96,17,2
3360,336,29,227,44,1
3361,336,44,214,60,3
3362,336,60,208,41,1
3363,336,41,561,113,3
3364,336,113,265,67,1
3365,336,67,268,55,5
3366,336,55,518,113,5
3367,336,113,511,122,1
3368,336,122,417,79,1
3369,336,79,484,110,1
3370,337,145,208,41,1
3371,337,41,519,113,1
3372,337,113,52,10,1
3373,337,10,418,79,2
3374,337,79,66,15,2
3375,337,15,211,42,1
3376,337,42,354,65,2
3377,337,65,182,40,1
3378,337,40,10,3,2
3379,337,3,531,110,2
3380,338,58,586,136,1
3381,338,136,264,52,3
3382,338,52,444,80,1
3383,338,80,574,119,1
3384,338,119,437,86,6
3385,338,86,720,151,1
3386,338,151,268,48,4
3387,338,48,214,51,3
3388,338,51,305,65,1
3389,338,65,504,107,3
3390,339,119,123,28,3
3391,339,28,311,51,1
3392,339,51,372,81,1
3393,339,81,509,86,1
3394,339,86,7,2,1
3395,339,2,100,24,4
3396,339,24,733,146,4
3397,339,146,295,47,2
3398,339,47,431,89,3
3399,339,89,322,62,3
3400,340,28,680,147,1
3401,340,147,512,104,4
3402,340,104,95,17,1
3403,340,17,338,69,1
3404,340,69,7,11,1
3405,340,11,386,73,1
3406,340,73,107,25,3
3407,340,25,720,153,1
3408,340,153,566,131,1
3409,340,131,493,91,3
3410,341,87,360,73,1
3411,341,73,164,41,1
3412,341,41,76,12,1
3413,341,12,247,54,1
3414,341,54,114,27,1
3415,341,27,347,56,1
3416,341,56,205,39,1
3417,341,39,497,83,1
3418,341,83,307,66,1
3419,341,66,357,72,3
3420,342,80,156,30,1
3421,342,30,198,49,2
3422,342,49,37,2,2
3423,342,2,218,53,2
3424,342,53,207,40,1
3425,342,40,147,34,3
3426,342,34,424,80,2
3427,342,80,503,115,5
3428,342,115,292,55,1
3429,342,55,487,104,1
3430,343,76,561,125,7
3431,343,125,438,86,2
3432,343,86,600,127,3
3433,343,127,732,152,4
3434,343,152,593,132,3
3435,343,132,68,5,9
3436,343,5,205,39,1
3437,343,39,384,77,2
3438,343,77,225,30,2
3439,343,30,89,11,1
3440,344,65,335,75,3
3441,344,75,257,40,3
3442,344,40,377,70,1
3443,344,70,121,21,1
3444,344,21,42,4,3
3445,344,4,282,58,1
3446,344,58,396,95,1
3447,344,95,160,32,1
3448,344,32,650,152,1
3449,344,152,503,100,1
3450,345,25,364,78,1
3451,345,78,566,115,3
3452,345,115,208,41,1
3453,345,41,735,154,1
3454,345,154,558,123,1
3455,345,123,217,46,2
3456,345,46,300,63,1
3457,345,63,168,35,7
3458,345,35,67,15,2
3459,345,15,736,134,4
3460,346,88,179,44,1
3461,346,44,80,14,1
3462,346,14,189,34,1
3463,346,34,549,101,1
3464,346,101,224,62,2
3465,346,62,699,151,1
3466,346,151,637,130,8
3467,346,130,672,151,1
3468,346,151,200,62,1
3469,346,62,261,50,3
3470,347,81,59,2,2
3471,347,2,409,86,1
3472,347,86,703,146,1
3473,347,146,251,63,1
3474,347,63,677,146,1
3475,347,146,672,151,1
3476,347,151,408,76,7
3477,347,76,358,74,1
3478,347,74,359,72,1
3479,347,72,110,26,2
3480,348,52,428,70,2
3481,348,70,366,79,2
3482,348,79,340,69,1
3483,348,69,287,59,1
3484,348,59,6,20,1
3485,348,20,172,46,2
3486,348,46,576,127,1
3487,348,127,327,70,1
3488,348,70,633,106,1
3489,348,106,306,72,1
3490,349,108,139,42,1
3491,349,42,255,58,1
3492,349,58,155,25,1
3493,349,25,228,44,1
3494,349,44,656,154,3
3495,349,154,100,10,1
3496,349,10,676,151,2
3497,349,151,523,99,2
3498,349,99,612,131,1
3499,349,131,398,99,1
3500,350,97,354,74,2
3501,350,74,240,46,1
3502,350,46,7,3,1
3503,350,3,288,55,1
3504,350,55,698,118,2
3505,350,118,621,108,1
3506,350,108,142,52,6
3507,350,52,559,123,2
3508,350,123,329,65,2
3509,350,65,187,34,4
3510,351,18,34,2,1
3511,351,2,519,88,1
3512,351,88,624,120,3
3513,351,120,356,72,1
3514,351,72,281,57,4
3515,351,57,525,116,2
3516,351,116,606,136,2
3517,351,136,84,14,1
3518,351,14,119,28,1
3519,351,28,195,48,1
3520,352,40,333,68,3
3521,352,68,353,76,1
3522,352,76,341,61,1
3523,352,61,287,67,2
3524,352,67,429,89,3
3525,352,89,318,53,1
3526,352,53,241,61,1
3527,352,61,215,43,2
3528,352,43,84,11,2
3529,352,11,363,79,1
3530,353,2,364,78,1
3531,353,78,479,101,4
3532,353,101,207,41,1
3533,353,41,260,59,1
3534,353,59,552,122,3
3535,353,122,328,77,2
3536,353,77,590,115,1
3537,353,115,699,143,3
3538,353,143,366,68,1
3539,353,68,676,143,4
3540,354,107,337,67,2
3541,354,67,171,36,3
3542,354,36,225,63,2
3543,354,63,562,137,2
3544,354,137,575,119,1
3545,354,119,460,101,1
3546,354,101,66,7,2
3547,354,7,350,62,1
3548,354,62,585,124,2
3549,354,124,735,154,2
3550,355,144,418,106,1
3551,355,106,420,88,2
3552,355,88,340,78,2
3553,355,78,688,149,2
3554,355,149,303,64,5
3555,355,64,71,17,1
3556,355,17,182,32,2
3557,355,32,347,74,1
3558,355,74,370,75,1
3559,355,75,278,62,1
3560,356,79,467,82,1
3561,356,82,568,126,3
3562,356,126,502,107,2
3563,356,107,314,69,1
3564,356,69,736,154,4
3565,356,154,659,148,4
3566,356,148,549,117,2
3567,356,117,635,136,1
3568,356,136,172,36,3
3569,356,36,183,41,6
3570,357,146,447,93,1
3571,357,93,235,50,1
3572,357,50,288,67,1
3573,357,67,114,33,5
3574,357,33,180,39,1
3575,357,39,5,26,1
3576,357,26,283,58,1
3577,357,58,343,47,3
3578,357,47,354,74,2
3579,357,74,531,110,3
3580,358,115,702,151,1
3581,358,151,408,85,1
3582,358,85,298,62,1
3583,358,62,664,144,2
3584,358,144,127,24,1
3585,358,24,339,80,1
3586,358,80,513,105,1
3587,358,105,74,22,1
3588,358,22,436,86,1
3589,358,86,654,147,1
3590,359,59,384,85,1
3591,359,85,485,110,1
3592,359,110,246,29,2
3593,359,29,398,62,1
3594,359,62,273,48,1
3595,359,48,241,46,1
3596,359,46,267,52,1
3597,359,52,288,87,3
3598,359,87,342,80,2
3599,359,80,359,73,1
3600,360,133,102,29,1
3601,360,29,529,101,3
3602,360,101,700,152,2
3603,360,152,463,128,1
3604,360,128,362,82,2
3605,360,82,742,154,4
3606,360,154,552,110,3
3607,360,110,262,50,1
3608,360,50,291,60,2
3609,360,60,457,101,1
3610,361,2,97,17,3
3611,361,17,354,65,1
3612,361,65,227,64,1
3613,361,64,86,40,1
3614,361,40,291,60,3
3615,361,60,442,82,2
3616,361,82,40,15,2
3617,361,15,504,96,1
3618,361,96,306,65,1
3619,361,65,369,80,3
3620,362,41,200,38,2
3621,362,38,130,38,1
3622,362,38,295,61,1
3623,362,61,733,147,1
3624,362,147,479,100,1
3625,362,100,463,97,1
3626,362,97,655,134,4
3627,362,134,556,129,1
3628,362,129,215,46,4
3629,362,46,405,85,1
3630,363,39,463,59,1
3631,363,59,651,139,4
3632,363,139,145,28,4
3633,363,28,462,103,2
3634,363,103,249,56,1
3635,363,56,336,67,1
3636,363,67,72,28,1
3637,363,28,577,122,2
3638,363,122,140,27,1
3639,363,27,282,57,2
3640,364,52,71,35,1
3641,364,35,440,86,1
3642,364,86,223,62,2
3643,364,62,366,75,2
3644,364,75,345,48,1
3645,364,48,696,146,2
3646,364,146,621,127,10
3647,364,127,510,120,1
3648,364,120,90,27,1
3649,364,27,130,30,2
3650,365,61,309,66,2
3651,365,66,709,154,1
3652,365,154,451,99,1
3653,365,99,485,103,1
3654,365,103,410,77,1
3655,365,77,583,124,2
3656,365,124,678,146,1
3657,365,146,60,32,1
3658,365,32,532,119,1
3659,365,119,301,62,1
3660,366,107,357,76,1
3661,366,76,455,74,1
3662,366,74,286,66,1
3663,366,66,322,77,1
3664,366,77,309,66,1
3665,366,66,332,66,1
3666,366,66,311,67,1
3667,366,67,444,78,1
3668,366,78,236,50,1
3669,366,50,233,41,1
3670,367,105,407,85,1
3671,367,85,133,26,3
3672,367,26,285,50,1
3673,367,50,603,139,1
3674,367,139,283,58,1
3675,367,58,612,131,1
3676,367,131,652,147,1
3677,367,147,486,97,1
3678,367,97,606,133,2
3679,367,133,186,51,6
3680,368,56,211,33,2
3681,368,33,561,130,2
3682,368,130,90,27,1
3683,368,27,231,39,1
3684,368,39,379,70,1
3685,368,70,720,150,1
3686,368,150,201,38,3
3687,368,38,695,138,2
3688,368,138,286,59,1
3689,368,59,551,119,1
3690,369,60,3,0,1
3691,369,0,238,50,1
3692,369,50,190,34,1
3693,369,34,504,138,2
3694,369,138,326,74,1
3695,369,74,400,107,1
3696,369,107,509,119,2
3697,369,119,35,2,1
3698,369,2,137,32,1
3699,369,32,550,108,4
3700,370,51,496,94,2
3701,370,94,310,66,7
3702,370,66,528,118,2
3703,370,118,313,52,1
3704,370,52,663,149,2
3705,370,149,251,62,1
3706,370,62,386,73,3
3707,370,73,395,81,2
3708,370,81,451,99,5
3709,370,99,636,140,3
3710,371,135,656,133,1
3711,371,133,207,39,1
3712,371,39,209,41,3
3713,371,41,366,80,2
3714,371,80,540,112,3
3715,371,112,322,70,1
3716,371,70,55,10,3
3717,371,10,362,66,1
3718,371,66,165,34,3
3719,371,34,94,16,2
3720,372,58,440,66,1
3721,372,66,358,86,2
3722,372,86,200,44,3
3723,372,44,470,93,1
3724,372,93,303,65,5
3725,372,65,716,149,1
3726,372,149,353,74,3
3727,372,74,574,119,2
3728,372,119,144,46,1
3729,372,46,200,38,1
3730,373,54,733,152,2
3731,373,152,415,98,1
3732,373,98,207,40,1
3733,373,40,25,6,1
3734,373,6,99,12,1
3735,373,12,604,134,3
3736,373,134,578,111,1
3737,373,111,469,104,5
3738,373,104,591,138,1
3739,373,138,460,77,1
3740,374,114,605,133,1
3741,374,133,482,102,2
3742,374,102,265,68,1
3743,374,68,402,116,1
3744,374,116,196,49,5
3745,374,49,651,152,2
3746,374,152,46,18,1
3747,374,18,437,120,1
3748,374,120,441,98,2
3749,374,98,523,107,1
3750,375,14,247,54,4
3751,375,54,262,42,2
3752,375,42,520,114,1
3753,375,114,390,67,1
3754,375,67,578,133,1
3755,375,133,688,144,2
3756,375,144,594,132,1
3757,375,132,279,57,1
3758,375,57,468,82,1
3759,375,82,437,103,4
3760,376,141,247,29,2
3761,376,29,58,25,1
3762,376,25,206,65,1
3763,376,65,287,45,4
3764,376,45,557,139,1
3765,376,139,133,26,4
3766,376,26,460,90,1
3767,376,90,307,66,1
3768,376,66,582,124,1
3769,376,124,81,10,2
3770,377,67,79,13,1
3771,377,13,575,119,1
3772,377,119,386,72,1
3773,377,72,567,99,3
3774,377,99,730,152,13
3775,377,152,482,102,1
3776,377,102,621,151,1
3777,377,151,411,73,9
3778,377,73,531,119,3
3779,377,119,337,75,1
3780,378,151,632,135,6
3781,378,135,575,104,2
3782,378,104,659,149,2
3783,378,149,44,5,5
3784,378,5,113,26,1
3785,378,26,630,129,3
3786,378,129,357,86,3
3787,378,86,739,112,1
3788,378,112,203,58,1
3789,378,58,380,70,1
3790,379,139,193,48,1
3791,379,48,390,82,4
3792,379,82,109,26,1
3793,379,26,601,119,2
3794,379,119,335,67,1
3795,379,67,424,80,2
3796,379,80,110,39,1
3797,379,39,361,59,1
3798,379,59,192,22,2
3799,379,22,388,82,1
3800,380,44,303,64,3
3801,380,64,275,54,1
3802,380,54,9,11,3
3803,380,11,614,115,2
3804,380,115,169,48,2
3805,380,48,700,152,7
3806,380,152,565,132,3
3807,380,132,87,26,3
3808,380,26,210,50,2
3809,380,50,15,5,1
3810,381,148,518,125,1
3811,381,125,294,61,2
3812,381,61,625,139,1
3813,381,139,329,72,1
3814,381,72,69,5,1
3815,381,5,379,70,1
3816,381,70,378,62,3
3817,381,62,358,73,1
3818,381,73,429,90,2
3819,381,90,158,31,1
3820,382,123,489,105,5
3821,382,105,163,42,3
3822,382,42,507,101,1
3823,382,101,300,38,2
3824,382,38,332,50,3
3825,382,50,352,64,1
3826,382,64,143,43,1
3827,382,43,488,121,2
3828,382,121,94,15,1
3829,382,15,477,90,1
3830,383,48,234,66,1
3831,383,66,689,141,1
3832,383,141,369,80,2
3833,383,80,132,26,1
3834,383,26,338,69,3
3835,383,69,216,52,3
3836,383,52,378,70,1
3837,383,70,529,117,7
3838,383,117,472,94,1
3839,383,94,460,77,2
3840,384,21,205,40,1
3841,384,40,9,2,2
3842,384,2,212,45,6
3843,384,45,381,77,1
3844,384,77,432,74,1
3845,384,74,520,136,1
3846,384,136,400,90,1
3847,384,90,249,62,2
3848,384,62,110,11,2
3849,384,11,278,44,1
3850,385,85,76,12,1
3851,385,12,729,152,2
3852,385,152,207,40,2
3853,385,40,466,105,4
3854,385,105,385,86,1
3855,385,86,702,152,5
3856,385,152,624,139,1
3857,385,139,131,14,2
3858,385,14,333,59,2
3859,385,59,721,150,1
3860,386,121,738,140,5
3861,386,140,166,60,2
3862,386,60,31,10,1
3863,386,10,724,153,3
3864,386,153,63,11,1
3865,386,11,469,84,2
3866,386,84,282,73,1
3867,386,73,699,151,1
3868,386,151,565,126,2
3869,386,126,516,106,1
3870,387,24,189,34,2
3871,387,34,330,41,2
3872,387,41,215,45,1
3873,387,45,358,51,1
3874,387,51,137,31,1
3875,387,31,303,62,4
3876,387,62,675,151,3
3877,387,151,529,118,1
3878,387,118,246,54,1
3879,387,54,509,101,1
3880,388,98,537,105,3
3881,388,105,429,90,1
3882,388,90,76,12,1
3883,388,12,503,100,3
3884,388,100,68,16,1
3885,388,16,231,40,1
3886,388,40,326,71,1
3887,388,71,329,65,3
3888,388,65,726,143,6
3889,388,143,597,132,2
3890,389,37,413,82,2
3891,389,82,102,29,1
3892,389,29,604,139,1
3893,389,139,329,73,1
3894,389,73,315,69,1
3895,389,69,390,66,1
3896,389,66,361,50,1
3897,389,50,95,16,1
3898,389,16,176,30,3
3899,389,30,657,144,7
3900,390,18,125,22,1
3901,390,22,583,135,2
3902,390,135,222,44,1
3903,390,44,250,44,1
3904,390,44,725,118,3
3905,390,118,29,14,1
3906,390,14,364,78,1
3907,390,78,489,82,1
3908,390,82,141,15,1
3909,390,15,384,77,1
3910,391,152,416,122,1
3911,391,122,726,151,2
3912,391,151,210,59,1
3913,391,59,698,132,1
3914,391,132,306,76,1
3915,391,76,456,108,1
3916,391,108,338,83,2
3917,391,83,377,70,3
3918,391,70,515,94,1
3919,391,94,9,3,1
3920,392,83,506,102,1
3921,392,102,484,110,4
3922,392,110,503,107,1
3923,392,107,4,1,1
3924,392,1,235,50,3
3925,392,50,172,48,2
3926,392,48,626,129,1
3927,392,129,396,80,2
3928,392,80,470,92,1
3929,392,92,266,68,2
3930,393,51,331,59,1
3931,393,59,350,64,1
3932,393,64,213,46,3
3933,393,46,295,55,1
3934,393,55,710,149,1
3935,393,149,622,143,1
3936,393,143,573,109,1
3937,393,109,476,115,3
3938,393,115,202,44,2
3939,393,44,389,98,1
3940,394,72,364,98,2
3941,394,98,180,44,1
3942,394,44,445,92,1
3943,394,92,158,31,3
3944,394,31,149,34,1
3945,394,34,417,82,1
3946,394,82,136,27,1
3947,394,27,105,30,5
3948,394,30,226,64,2
3949,394,64,289,68,1
3950,395,66,172,19,2
3951,395,19,184,27,1
3952,395,27,445,83,1
3953,395,83,252,63,3
3954,395,63,388,78,1
3955,395,78,535,104,2
3956,395,104,410,86,1
3957,395,86,511,104,1
3958,395,104,406,85,3
3959,395,85,441,91,1
3960,396,134,244,55,1
3961,396,55,601,128,4
3962,396,128,200,37,1
3963,396,37,615,145,1
3964,396,145,336,78,3
3965,396,78,409,86,1
3966,396,86,721,100,1
3967,396,100,696,145,2
3968,396,145,582,123,1
3969,396,123,120,17,1
3970,397,104,22,12,2
3971,397,12,727,151,5
3972,397,151,355,65,3
3973,397,65,309,59,3
3974,397,59,687,137,9
3975,397,137,650,128,4
3976,397,128,359,69,2
3977,397,69,7,2,3
3978,397,2,224,54,2
3979,397,54,412,97,2
3980,398,119,102,6,1
3981,398,6,646,151,1
3982,398,151,462,143,6
3983,398,143,488,129,2
3984,398,129,483,109,4
3985,398,109,686,124,5
3986,398,124,331,59,1
3987,398,59,41,4,3
3988,398,4,339,55,1
3989,398,55,320,62,1
3990,399,76,623,119,4
3991,399,119,83,20,1
3992,399,20,298,54,3
3993,399,54,355,72,5
3994,399,72,562,125,1
3995,399,125,697,151,1
3996,399,151,267,55,2
3997,399,55,352,63,4
3998,399,63,115,27,5
3999,399,27,444,87,1
4000,400,26,292,69,1
4001,400,69,625,128,3
4002,400,128,151,29,1
4003,400,29,149,19,1
4004,400,19,315,55,1
4005,400,55,251,64,2
4006,400,64,321,71,6
4007,400,71,373,68,1
4008,400,68,320,62,3
4009,400,62,355,74,1
4010,401,138,263,59,1
4011,401,59,471,94,1
4012,401,94,442,82,1
4013,401,82,613,131,2
4014,401,131,302,62,2
4015,401,62,375,63,1
4016,401,63,533,121,1
4017,401,121,682,134,1
4018,401,134,84,11,1
4019,401,11,49,9,4
4020,402,48,166,47,1
4021,402,47,267,55,2
4022,402,55,636,136,1
4023,402,136,641,138,5
4024,402,138,598,132,1
4025,402,132,44,8,1
4026,402,8,35,11,1
4027,402,11,388,78,1
4028,402,78,544,95,3
4029,402,95,720,142,1
4030,403,107,495,92,1
4031,403,92,177,44,1
4032,403,44,434,86,1
4033,403,86,351,70,1
4034,403,70,69,5,1
4035,403,5,111,3,1
4036,403,3,366,78,2
4037,403,78,115,33,3
4038,403,33,191,19,11
4039,403,19,671,132,1
4040,404,134,436,97,2
4041,404,97,367,88,2
4042,404,88,247,72,1
4043,404,72,37,15,2
4044,404,15,224,23,3
4045,404,23,20,18,1
4046,404,18,386,104,1
4047,404,104,679,152,2
4048,404,152,690,138,1
4049,404,138,358,86,1
4050,405,101,184,33,5
4051,405,33,364,72,1
4052,405,72,110,26,1
4053,405,26,519,93,1
4054,405,93,207,59,1
4055,405,59,238,51,1
4056,405,51,650,147,4
4057,405,147,407,72,1
4058,405,72,189,28,9
4059,405,28,650,143,1
4060,406,143,667,153,1
4061,406,153,359,73,1
4062,406,73,462,74,3
4063,406,74,346,56,4
4064,406,56,351,70,1
4065,406,70,679,146,2
4066,406,146,52,6,3
4067,406,6,458,85,1
4068,406,85,227,26,1
4069,406,26,48,18,1
4070,407,59,409,86,2
4071,407,86,701,143,1
4072,407,143,706,146,1
4073,407,146,283,72,2
4074,407,72,302,71,1
4075,407,71,416,78,1
4076,407,78,387,73,1
4077,407,73,678,143,5
4078,407,143,146,22,1
4079,407,22,296,61,1
4080,408,94,307,72,4
4081,408,72,146,35,7
4082,408,35,475,115,1
4083,408,115,442,82,3
4084,408,82,499,113,6
4085,408,113,443,88,1
4086,408,88,287,67,1
4087,408,67,551,109,1
4088,408,109,468,98,1
4089,408,98,446,112,1
4090,409,68,399,99,3
4091,409,99,344,46,1
4092,409,46,285,58,3
4093,409,58,347,56,2
4094,409,56,212,33,4
4095,409,33,245,48,2
4096,409,48,510,105,1
4097,409,105,241,61,2
4098,409,61,482,97,3
4099,409,97,581,128,1
4100,410,36,382,76,3
4101,410,76,97,18,3
4102,410,18,388,66,3
4103,410,66,552,103,1
4104,410,103,33,2,1
4105,410,2,702,146,1
4106,410,146,309,66,2
4107,410,66,221,49,2
4108,410,49,525,115,7
4109,410,115,574,119,2
4110,411,43,433,85,3
4111,411,85,375,62,1
4112,411,62,284,39,2
4113,411,39,177,30,2
4114,411,30,66,7,1
4115,411,7,536,104,2
4116,411,104,130,26,2
4117,411,26,336,66,1
4118,411,66,593,116,1
4119,411,116,266,68,1
4120,412,151,707,147,1
4121,412,147,229,57,5
4122,412,57,533,120,1
4123,412,120,730,152,1
4124,412,152,512,104,1
4125,412,104,209,51,1
4126,412,51,90,15,1
4127,412,15,261,50,2
4128,412,50,377,70,2
4129,412,70,220,47,1
4130,413,67,89,27,2
4131,413,27,559,124,1
4132,413,124,4,11,1
4133,413,11,625,128,1
4134,413,128,60,2,1
4135,413,2,264,60,1
4136,413,60,67,15,3
4137,413,15,401,70,1
4138,413,70,223,29,5
4139,413,29,42,8,2
4140,414,66,474,107,3
4141,414,107,425,89,2
4142,414,89,679,146,1
4143,414,146,210,41,1
4144,414,41,551,109,1
4145,414,109,494,91,2
4146,414,91,189,46,3
4147,414,46,664,137,4
4148,414,137,526,89,1
4149,414,89,142,21,1
4150,415,143,519,92,1
4151,415,92,3,2,1
4152,415,2,63,15,2
4153,415,15,466,82,4
4154,415,82,113,27,1
4155,415,27,175,29,1
4156,415,29,359,59,1
4157,415,59,527,90,1
4158,415,90,735,154,1
4159,415,154,730,146,1
4160,416,76,374,99,2
4161,416,99,415,104,2
4162,416,104,706,154,2
4163,416,154,377,62,1
4164,416,62,348,56,3
4165,416,56,590,115,1
4166,416,115,392,79,1
4167,416,79,550,118,1
4168,416,118,583,135,1
4169,416,135,223,49,2
4170,417,34,9,39,6
4171,417,39,381,77,1
4172,417,77,208,41,1
4173,417,41,582,129,3
4174,417,129,186,39,1
4175,417,39,509,103,1
4176,417,103,719,145,1
4177,417,145,264,55,1
4178,417,55,316,52,1
4179,417,52,722,150,2
4180,418,90,563,114,3
4181,418,114,616,138,1
4182,418,138,540,91,1
4183,418,91,396,75,1
4184,418,75,262,51,6
4185,418,51,389,78,5
4186,418,78,274,56,2
4187,418,56,589,115,2
4188,418,115,519,149,2
4189,418,149,37,3,1
4190,419,82,47,17,1
4191,419,17,364,75,1
4192,419,75,380,70,1
4193,419,70,651,121,1
4194,419,121,555,129,1
4195,419,129,710,154,4
4196,419,154,198,37,2
4197,419,37,361,50,3
4198,419,50,586,137,1
4199,419,137,220,48,1
4200,420,77,243,47,1
4201,420,47,183,50,2
4202,420,50,737,144,1
4203,420,144,212,45,1
4204,420,45,595,118,3
4205,420,118,557,123,1
4206,420,123,95,46,1
4207,420,46,231,31,4
4208,420,31,557,123,1
4209,420,123,403,89,1
4210,421,40,552,119,6
4211,421,119,441,82,3
4212,421,82,713,149,1
4213,421,149,404,90,2
4214,421,90,239,52,2
4215,421,52,680,146,1
4216,421,146,251,64,5
4217,421,64,601,120,3
4218,421,120,490,105,5
4219,421,105,213,45,1
4220,422,101,251,90,1
4221,422,90,369,81,2
4222,422,81,450,81,2
4223,422,81,67,7,1
4224,422,7,625,139,1
4225,422,139,64,5,2
4226,422,5,184,33,1
4227,422,33,618,132,1
4228,422,132,489,104,2
4229,422,104,514,105,1
4230,423,107,671,132,1
4231,423,132,230,31,1
4232,423,31,250,65,1
4233,423,65,48,18,1
4234,423,18,384,77,1
4235,423,77,388,73,1
4236,423,73,604,133,1
4237,423,133,179,40,1
4238,423,40,701,143,8
4239,423,143,700,151,4
4240,424,70,177,37,1
4241,424,37,650,143,2
4242,424,143,551,109,1
4243,424,109,280,65,5
4244,424,65,682,148,1
4245,424,148,323,70,2
4246,424,70,306,72,1
4247,424,72,658,135,1
4248,424,135,136,31,1
4249,424,31,199,38,1
4250,425,125,527,100,3
4251,425,100,413,86,1
4252,425,86,47,18,3
4253,425,18,345,95,3
4254,425,95,576,50,1
4255,425,50,133,26,1
4256,425,26,219,47,4
4257,425,47,402,56,1
4258,425,56,163,27,3
4259,425,27,268,46,2
4260,426,67,489,104,1
4261,426,104,273,53,1
4262,426,53,326,71,5
4263,426,71,261,45,3
4264,426,45,268,43,3
4265,426,43,15,4,1
4266,426,4,523,99,3
4267,426,99,207,44,1
4268,426,44,150,18,3
4269,426,18,55,14,1
4270,427,102,206,40,1
4271,427,40,505,126,5
4272,427,126,65,15,1
4273,427,15,364,51,1
4274,427,51,187,52,1
4275,427,52,262,50,1
4276,427,50,326,71,2
4277,427,71,109,20,3
4278,427,20,8,2,1
4279,427,2,558,123,4
4280,428,110,357,73,2
4281,428,73,415,111,1
4282,428,111,411,86,1
4283,428,86,259,74,1
4284,428,74,435,120,2
4285,428,120,392,68,1
4286,428,68,139,7,2
4287,428,7,39,27,1
4288,428,27,148,53,2
4289,428,53,137,41,1
4290,429,126,603,139,3
4291,429,139,604,134,3
4292,429,134,319,48,3
4293,429,48,428,96,1
4294,429,96,272,53,1
4295,429,53,285,60,1
4296,429,60,459,90,1
4297,429,90,449,83,1
4298,429,83,492,91,1
4299,429,91,443,78,2
4300,430,36,311,67,1
4301,430,67,185,45,1
4302,430,45,701,151,8
4303,430,151,569,118,8
4304,430,118,253,44,3
4305,430,44,408,77,1
4306,430,77,595,118,1
4307,430,118,107,20,2
4308,430,20,372,61,2
4309,430,61,89,32,1
4310,431,129,600,120,1
4311,431,120,349,70,2
4312,431,70,627,147,1
4313,431,147,378,89,2
4314,431,89,665,145,1
4315,431,145,698,151,1
4316,431,151,5,0,1
4317,431,0,108,26,1
4318,431,26,209,50,3
4319,431,50,460,86,2
4320,432,126,552,119,1
4321,432,119,84,14,1
4322,432,14,282,72,3
4323,432,72,119,31,2
4324,432,31,20,8,2
4325,432,8,567,116,1
4326,432,116,214,42,2
4327,432,42,428,71,1
4328,432,71,428,89,1
4329,432,89,218,46,1
4330,433,36,329,71,1
4331,433,71,469,67,1
4332,433,67,90,15,1
4333,433,15,609,113,1
4334,433,113,454,115,1
4335,433,115,195,48,1
4336,433,48,697,151,1
4337,433,151,442,82,1
4338,433,82,466,105,1
4339,433,105,395,80,1
4340,434,138,255,65,1
4341,434,65,496,112,3
4342,434,112,280,57,4
4343,434,57,327,71,1
4344,434,71,431,90,1
4345,434,90,613,115,2
4346,434,115,467,82,3
4347,434,82,135,41,1
4348,434,41,536,104,1
4349,434,104,9,2,1
4350,435,59,252,44,8
4351,435,44,206,39,1
4352,435,39,486,104,2
4353,435,104,321,54,2
4354,435,54,706,147,1
4355,435,147,261,50,1
4356,435,50,335,67,1
4357,435,67,130,38,6
4358,435,38,598,127,2
4359,435,127,714,140,2
4360,436,11,95,12,1
4361,436,12,468,79,3
4362,436,79,528,100,1
4363,436,100,209,41,2
4364,436,41,214,51,5
4365,436,51,662,137,1
4366,436,137,511,103,3
4367,436,103,453,89,4
4368,436,89,386,77,1
4369,436,77,301,56,1
4370,437,49,397,81,4
4371,437,81,25,6,2
4372,437,6,25,0,2
4373,437,0,44,8,6
4374,437,8,12,33,4
4375,437,33,360,73,1
4376,437,73,571,101,1
4377,437,101,611,130,1
4378,437,130,335,68,1
4379,437,68,366,69,3
4380,438,98,545,115,2
4381,438,115,98,22,4
4382,438,22,254,65,1
4383,438,65,176,38,1
4384,438,38,370,80,1
4385,438,80,673,151,1
4386,438,151,270,53,2
4387,438,53,33,2,1
4388,438,2,168,35,3
4389,438,35,162,32,3
4390,439,133,70,4,4
4391,439,4,664,130,3
4392,439,130,620,118,3
4393,439,118,394,53,1
4394,439,53,351,70,2
4395,439,70,204,44,1
4396,439,44,458,85,1
4397,439,85,361,78,1
4398,439,78,227,31,2
4399,439,31,259,59,1
4400,440,53,111,11,7
4401,440,11,672,117,1
4402,440,117,349,70,1
4403,440,70,602,128,3
4404,440,128,263,66,2
4405,440,66,439,105,4
4406,440,105,250,54,5
4407,440,54,259,59,6
4408,440,59,610,137,2
4409,440,137,391,82,1
4410,441,146,514,106,2
4411,441,106,573,127,2
4412,441,127,680,147,5
4413,441,147,700,151,2
4414,441,151,572,132,1
4415,441,132,593,132,1
4416,441,132,682,134,5
4417,441,134,88,3,4
4418,441,3,147,28,1
4419,441,28,376,37,3
4420,442,73,517,112,1
4421,442,112,550,110,5
4422,442,110,393,79,1
4423,442,79,99,18,1
4424,442,18,545,115,1
4425,442,115,561,124,5
4426,442,124,689,141,3
4427,442,141,505,101,1
4428,442,101,682,148,3
4429,442,148,581,134,2
4430,443,97,557,123,1
4431,443,123,480,101,1
4432,443,101,38,2,2
4433,443,2,552,127,1
4434,443,127,287,50,2
4435,443,50,552,110,2
4436,443,110,419,79,1
4437,443,79,433,71,1
4438,443,71,487,98,1
4439,443,98,328,74,3
4440,444,133,616,138,1
4441,444,138,79,13,2
4442,444,13,310,50,1
4443,444,50,84,20,3
4444,444,20,593,132,3
4445,444,132,510,120,2
4446,444,120,49,8,2
4447,444,8,153,26,1
4448,444,26,737,154,6
4449,444,154,209,45,1
4450,445,105,190,69,1
4451,445,69,440,86,1
4452,445,86,346,29,2
4453,445,29,42,5,3
4454,445,5,277,39,2
4455,445,39,524,101,1
4456,445,101,128,13,1
4457,445,13,223,49,1
4458,445,49,300,63,1
4459,445,63,534,98,1
4460,446,28,65,15,4
4461,446,15,409,102,1
4462,446,102,233,41,1
4463,446,41,351,74,1
4464,446,74,730,152,3
4465,446,152,115,27,3
4466,446,27,23,9,4
4467,446,9,643,138,1
4468,446,138,488,104,1
4469,446,104,719,153,2
4470,447,4,283,6,1
4471,447,6,213,34,3
4472,447,34,596,151,1
4473,447,151,505,132,1
4474,447,132,705,152,1
4475,447,152,425,99,3
4476,447,99,282,63,3
4477,447,63,390,66,2
4478,447,66,376,76,1
4479,447,76,21,36,3
4480,448,77,135,31,1
4481,448,31,240,53,2
4482,448,53,488,104,1
4483,448,104,470,98,1
4484,448,98,568,132,1
4485,448,132,144,16,1
4486,448,16,23,9,2
4487,448,9,559,105,2
4488,448,105,387,79,1
4489,448,79,262,45,2
4490,449,15,656,152,2
4491,449,152,446,78,1
4492,449,78,312,79,1
4493,449,79,155,30,1
4494,449,30,310,45,1
4495,449,45,105,38,1
4496,449,38,103,25,1
4497,449,25,233,44,1
4498,449,44,599,119,1
4499,449,119,184,50,1
4500,450,107,614,150,1
4501,450,150,119,34,2
4502,450,34,350,63,1
4503,450,63,548,126,3
4504,450,126,708,154,1
4505,450,154,17,5,2
4506,450,5,369,46,1
4507,450,46,408,85,4
4508,450,85,485,103,5
4509,450,103,444,82,2
4510,451,145,256,39,1
4511,451,39,156,30,1
4512,451,30,92,15,2
4513,451,15,122,35,9
4514,451,35,523,99,4
4515,451,99,704,147,4
4516,451,147,626,152,6
4517,451,152,631,135,1
4518,451,135,439,66,3
4519,451,66,448,94,1
4520,452,81,567,132,1
4521,452,132,390,45,2
4522,452,45,599,126,2
4523,452,126,697,143,2
4524,452,143,638,127,2
4525,452,127,410,76,3
4526,452,76,738,135,1
4527,452,135,378,65,1
4528,452,65,160,31,1
4529,452,31,30,3,1
4530,453,99,288,27,1
4531,453,27,631,133,1
4532,453,133,362,75,1
4533,453,75,446,91,3
4534,453,91,331,68,1
4535,453,68,218,46,1
4536,453,46,165,16,3
4537,453,16,303,64,1
4538,453,64,264,51,1
4539,453,51,516,93,3
4540,454,23,456,89,2
4541,454,89,200,29,1
4542,454,29,482,101,1
4543,454,101,282,58,3
4544,454,58,458,85,1
4545,454,85,614,142,3
4546,454,142,68,16,2
4547,454,16,106,14,1
4548,454,14,417,82,1
4549,454,82,543,130,4
4550,455,107,627,147,2
4551,455,147,481,101,1
4552,455,101,626,128,1
4553,455,128,364,78,1
4554,455,78,5,11,1
4555,455,11,296,53,3
4556,455,53,59,2,3
4557,455,2,321,56,1
4558,455,56,330,72,2
4559,455,72,400,99,1
4560,456,127,436,97,3
4561,456,97,131,14,1
4562,456,14,533,109,3
4563,456,109,535,129,2
4564,456,129,408,85,1
4565,456,85,367,80,3
4566,456,80,636,140,2
4567,456,140,233,41,1
4568,456,41,471,94,1
4569,456,94,460,86,1
4570,457,115,351,70,2
4571,457,70,407,71,2
4572,457,71,607,125,5
4573,457,125,190,43,1
4574,457,43,258,59,2
4575,457,59,521,94,2
4576,457,94,27,1,1
4577,457,1,114,27,1
4578,457,27,433,74,1
4579,457,74,272,53,1
4580,458,56,310,73,1
4581,458,73,253,44,1
4582,458,44,477,96,2
4583,458,96,648,143,1
4584,458,143,519,88,2
4585,458,88,637,130,7
4586,458,130,465,104,1
4587,458,104,162,33,1
4588,458,33,733,147,2
4589,458,147,628,139,6
4590,459,129,578,129,2
4591,459,129,369,81,1
4592,459,81,411,72,1
4593,459,72,576,120,2
4594,459,120,55,14,1
4595,459,14,464,104,2
4596,459,104,96,28,1
4597,459,28,705,147,1
4598,459,147,348,70,1
4599,459,70,740,144,1
4600,460,65,433,89,1
4601,460,89,256,65,1
4602,460,65,323,70,1
4603,460,70,88,3,1
4604,460,3,728,152,3
4605,460,152,533,120,1
4606,460,120,360,59,1
4607,460,59,280,65,4
4608,460,65,104,30,1
4609,460,30,334,59,1
4610,461,27,670,145,1
4611,461,145,351,70,1
4612,461,70,52,10,1
4613,461,10,434,85,2
4614,461,85,211,50,1
4615,461,50,306,72,2
4616,461,72,559,135,1
4617,461,135,240,52,3
4618,461,52,428,89,1
4619,461,89,36,3,1
4620,462,58,675,109,3
4621,462,109,241,61,2
4622,462,61,257,40,1
4623,462,40,132,26,1
4624,462,26,695,150,1
4625,462,150,483,109,3
4626,462,109,203,44,1
4627,462,44,53,30,2
4628,462,30,234,50,2
4629,462,50,116,15,1
4630,463,60,577,129,4
4631,463,129,198,29,3
4632,463,29,688,137,1
4633,463,137,435,72,3
4634,463,72,698,151,1
4635,463,151,539,111,1
4636,463,111,45,12,3
4637,463,12,419,81,1
4638,463,81,527,89,4
4639,463,89,228,44,1
4640,464,31,486,97,1
4641,464,97,255,58,1
4642,464,58,516,106,1
4643,464,106,531,97,3
4644,464,97,258,73,3
4645,464,73,572,109,2
4646,464,109,370,81,1
4647,464,81,704,147,1
4648,464,147,34,2,1
4649,464,2,449,95,1
4650,465,134,736,154,1
4651,465,154,190,36,9
4652,465,36,564,99,1
4653,465,99,50,10,1
4654,465,10,392,68,1
4655,465,68,90,41,1
4656,465,41,366,75,2
4657,465,75,731,152,2
4658,465,152,381,76,1
4659,465,76,200,38,1
4660,466,45,37,27,4
4661,466,27,202,44,2
4662,466,44,209,40,4
4663,466,40,702,146,2
4664,466,146,363,83,2
4665,466,83,493,123,1
4666,466,123,675,110,1
4667,466,110,324,62,1
4668,466,62,308,73,1
4669,466,73,119,28,6
4670,467,145,461,119,2
4671,467,119,642,118,1
4672,467,118,700,146,2
4673,467,146,297,47,2
4674,467,47,290,52,2
4675,467,52,308,66,2
4676,467,66,301,62,1
4677,467,62,515,91,1
4678,467,91,21,22,5
4679,467,22,52,24,3
4680,468,23,180,57,1
4681,468,57,234,57,1
4682,468,57,686,144,2
4683,468,144,606,134,1
4684,468,134,510,135,2
4685,468,135,363,75,4
4686,468,75,405,97,3
4687,468,97,412,89,2
4688,468,89,265,59,1
4689,468,59,158,58,1
4690,469,80,463,97,2
4691,469,97,573,118,8
4692,469,118,312,50,1
4693,469,50,326,74,1
4694,469,74,224,63,2
4695,469,63,670,150,1
4696,469,150,392,80,2
4697,469,80,113,41,2
4698,469,41,709,134,4
4699,469,134,231,40,1
4700,470,28,67,4,7
4701,470,4,181,26,2
4702,470,26,392,60,1
4703,470,60,467,98,2
4704,470,98,229,58,2
4705,470,58,37,3,4
4706,470,3,8,2,1
4707,470,2,400,99,2
4708,470,99,98,22,1
4709,470,22,617,132,1
4710,471,1,370,113,3
4711,471,113,288,98,2
4712,471,98,220,53,1
4713,471,53,281,64,14
4714,471,64,434,77,1
4715,471,77,395,114,8
4716,471,114,355,58,1
4717,471,58,354,65,1
4718,471,65,64,27,5
4719,471,27,220,48,1
4720,472,42,714,140,2
4721,472,140,510,111,1
4722,472,111,596,110,1
4723,472,110,125,18,5
4724,472,18,315,36,1
4725,472,36,496,84,1
4726,472,84,658,135,1
4727,472,135,122,28,1
4728,472,28,530,109,1
4729,472,109,45,17,2
4730,473,111,378,70,1
4731,473,70,694,150,1
4732,473,150,193,47,1
4733,473,47,422,88,1
4734,473,88,74,12,2
4735,473,12,158,20,1
4736,473,20,347,62,1
4737,473,62,287,59,5
4738,473,59,86,11,1
4739,473,11,12,7,1
4740,474,62,436,86,1
4741,474,86,217,46,2
4742,474,46,676,147,2
4743,474,147,703,146,1
4744,474,146,405,44,1
4745,474,44,651,119,1
4746,474,119,446,83,7
4747,474,83,646,143,5
4748,474,143,306,65,1
4749,474,65,648,120,1
4750,475,124,437,86,1
4751,475,86,455,89,4
4752,475,89,0,0,1
4753,475,0,278,63,4
4754,475,63,415,86,1
4755,475,86,584,136,1
4756,475,136,135,41,1
4757,475,41,333,51,2
4758,475,51,376,62,1
4759,475,62,412,86,2
4760,476,6,419,68,1
4761,476,68,557,123,1
4762,476,123,555,129,1
4763,476,129,6,2,2
4764,476,2,728,152,2
4765,476,152,267,55,2
4766,476,55,484,103,1
4767,476,103,171,22,3
4768,476,22,74,12,1
4769,476,12,182,26,4
4770,477,92,424,114,1
4771,477,114,617,132,1
4772,477,132,227,58,2
4773,477,58,358,97,2
4774,477,97,392,78,1
4775,477,78,735,154,2
4776,477,154,498,125,5
4777,477,125,702,152,1
4778,477,152,142,5,4
4779,477,5,310,66,1
4780,478,59,319,43,2
4781,478,43,69,5,2
4782,478,5,540,92,1
4783,478,92,486,120,3
4784,478,120,129,38,1
4785,478,38,365,82,1
4786,478,82,433,103,1
4787,478,103,742,144,13
4788,478,144,229,65,1
4789,478,65,391,98,1
4790,479,134,538,123,2
4791,479,123,671,138,1
4792,479,138,328,74,1
4793,479,74,302,65,1
4794,479,65,266,52,2
4795,479,52,662,141,3
4796,479,141,718,150,2
4797,479,150,470,106,2
4798,479,106,447,87,1
4799,479,87,359,50,1
4800,480,38,111,11,1
4801,480,11,418,79,2
4802,480,79,694,145,1
4803,480,145,268,61,2
4804,480,61,520,114,1
4805,480,114,169,35,1
4806,480,35,533,128,1
4807,480,128,706,154,3
4808,480,154,254,57,2
4809,480,57,701,151,2
4810,481,96,208,40,1
4811,481,40,464,121,4
4812,481,121,213,45,2
4813,481,45,161,32,1
4814,481,32,427,117,4
4815,481,117,316,69,1
4816,481,69,335,59,1
4817,481,59,523,99,1
4818,481,99,602,121,1
4819,481,121,315,69,1
4820,482,111,391,78,1
4821,482,78,550,103,1
4822,482,103,201,38,1
4823,482,38,441,98,2
4824,482,98,340,81,2
4825,482,81,111,41,1
4826,482,41,594,126,3
4827,482,126,653,147,1
4828,482,147,471,93,2
4829,482,93,79,10,2
4830,483,96,405,90,1
4831,483,90,604,147,1
4832,483,147,552,119,5
4833,483,119,285,72,2
4834,483,72,724,153,1
4835,483,153,465,97,2
4836,483,97,256,77,1
4837,483,77,464,103,1
4838,483,103,4,20,1
4839,483,20,572,102,1
4840,484,67,486,120,1
4841,484,120,436,85,4
4842,484,85,304,65,1
4843,484,65,103,13,1
4844,484,13,382,76,1
4845,484,76,662,144,2
4846,484,144,657,134,1
4847,484,134,670,151,4
4848,484,151,91,27,1
4849,484,27,543,130,2
4850,485,130,249,56,1
4851,485,56,600,139,2
4852,485,139,624,143,1
4853,485,143,501,142,1
4854,485,142,145,28,1
4855,485,28,360,73,2
4856,485,73,469,82,1
4857,485,82,477,96,2
4858,485,96,364,67,4
4859,485,67,506,101,1
4860,486,46,44,4,1
4861,486,4,425,89,1
4862,486,89,143,28,1
4863,486,28,187,34,2
4864,486,34,231,50,1
4865,486,50,434,85,1
4866,486,85,316,88,1
4867,486,88,503,89,3
4868,486,89,283,72,1
4869,486,72,425,99,4
4870,487,141,521,114,4
4871,487,114,730,152,1
4872,487,152,654,129,1
4873,487,129,446,94,1
4874,487,94,395,94,1
4875,487,94,382,76,1
4876,487,76,11,3,1
4877,487,3,490,98,1
4878,487,98,426,107,1
4879,487,107,638,142,1
4880,488,42,355,74,2
4881,488,74,629,134,1
4882,488,134,333,58,3
4883,488,58,577,128,2
4884,488,128,534,121,1
4885,488,121,313,68,1
4886,488,68,572,118,1
4887,488,118,228,71,2
4888,488,71,727,151,3
4889,488,151,312,66,1
4890,489,47,259,41,1
4891,489,41,285,73,5
4892,489,73,233,73,3
4893,489,73,154,30,1
4894,489,30,6,2,4
4895,489,2,512,105,3
4896,489,105,350,70,2
4897,489,70,629,134,1
4898,489,134,329,58,1
4899,489,58,214,51,1
4900,490,133,49,12,2
4901,490,12,634,144,3
4902,490,144,59,11,3
4903,490,11,479,102,1
4904,490,102,733,147,3
4905,490,147,534,102,1
4906,490,102,491,82,1
4907,490,82,292,61,2
4908,490,61,332,68,1
4909,490,68,407,85,1
4910,491,116,418,82,1
4911,491,82,371,81,2
4912,491,81,317,53,1
4913,491,53,98,17,3
4914,491,17,226,39,1
4915,491,39,727,151,1
4916,491,151,446,88,2
4917,491,88,532,103,1
4918,491,103,13,15,2
4919,491,15,717,153,3
4920,492,70,461,77,2
4921,492,77,232,32,4
4922,492,32,149,36,2
4923,492,36,553,103,1
4924,492,103,594,132,5
4925,492,132,670,138,2
4926,492,138,314,81,1
4927,492,81,247,37,3
4928,492,37,394,83,1
4929,492,83,260,50,1
4930,493,40,237,60,2
4931,493,60,57,15,1
4932,493,15,649,143,1
4933,493,143,677,119,1
4934,493,119,348,70,1
4935,493,70,560,137,3
4936,493,137,263,60,1
4937,493,60,540,106,1
4938,493,106,430,70,3
4939,493,70,44,5,1
4940,494,108,115,33,1
4941,494,33,708,134,1
4942,494,134,548,96,4
4943,494,96,536,111,1
4944,494,111,270,53,1
4945,494,53,598,132,9
4946,494,132,209,41,2
4947,494,41,72,8,1
4948,494,8,252,64,1
4949,494,64,679,121,1
4950,495,154,354,85,1
4951,495,85,440,86,1
4952,495,86,225,30,2
4953,495,30,423,95,2
4954,495,95,472,94,1
4955,495,94,701,147,1
4956,495,147,434,86,1
4957,495,86,220,48,3
4958,495,48,556,123,10
4959,495,123,291,69,1
4960,496,86,411,86,1
4961,496,86,183,32,1
4962,496,32,282,59,1
4963,496,59,259,41,3
4964,496,41,111,40,1
4965,496,40,423,84,1
4966,496,84,138,33,3
4967,496,33,322,70,2
4968,496,70,359,77,4
4969,496,77,164,42,1
4970,497,115,358,73,1
4971,497,73,449,95,3
4972,497,95,287,59,4
4973,497,59,438,104,2
4974,497,104,641,138,1
4975,497,138,540,112,1
4976,497,112,687,144,1
4977,497,144,127,13,1
4978,497,13,335,66,1
4979,497,66,149,36,1
4980,498,21,676,151,3
4981,498,151,51,11,1
4982,498,11,75,12,3
4983,498,12,351,74,2
4984,498,74,348,62,1
4985,498,62,380,76,1
4986,498,76,5,1,1
4987,498,1,135,2,1
4988,498,2,744,114,6
4989,498,114,486,86,2
4990,499,81,342,81,2
4991,499,81,465,98,2
4992,499,98,496,94,1
4993,499,94,32,11,5
4994,499,11,207,40,1
4995,499,40,739,136,5
4996,499,136,673,151,1
4997,499,151,537,111,2
4998,499,111,362,104,1
4999,499,104,454,89,1
